The system is: Linux - 5.15.153.1-microsoft-standard-WSL2 - x86_64
Compiling the C compiler identification source file "CMakeCCompilerId.c" succeeded.
Compiler: /usr/bin/cc 
Build flags: 
Id flags:  

The output was:
0


Compilation of the C compiler identification source "CMakeCCompilerId.c" produced "a.out"

The C compiler identification is GNU, found in "/mnt/c/Users/Michael/Documents/Projects/SAOD/build/CMakeFiles/3.22.1/CompilerIdC/a.out"

Compiling the CXX compiler identification source file "CMakeCXXCompilerId.cpp" succeeded.
Compiler: /usr/bin/c++ 
Build flags: 
Id flags:  

The output was:
0


Compilation of the CXX compiler identification source "CMakeCXXCompilerId.cpp" produced "a.out"

The CXX compiler identification is GNU, found in "/mnt/c/Users/Michael/Documents/Projects/SAOD/build/CMakeFiles/3.22.1/CompilerIdCXX/a.out"

Detecting C compiler ABI info compiled with the following output:
Change Dir: /mnt/c/Users/Michael/Documents/Projects/SAOD/build/CMakeFiles/CMakeTmp

Run Build Command(s):/usr/bin/gmake -f Makefile cmTC_cac87/fast && /usr/bin/gmake  -f CMakeFiles/cmTC_cac87.dir/build.make CMakeFiles/cmTC_cac87.dir/build
gmake[1]: Entering directory '/mnt/c/Users/Michael/Documents/Projects/SAOD/build/CMakeFiles/CMakeTmp'
Building C object CMakeFiles/cmTC_cac87.dir/CMakeCCompilerABI.c.o
/usr/bin/cc   -v -o CMakeFiles/cmTC_cac87.dir/CMakeCCompilerABI.c.o -c /usr/share/cmake-3.22/Modules/CMakeCCompilerABI.c
Using built-in specs.
COLLECT_GCC=/usr/bin/cc
OFFLOAD_TARGET_NAMES=nvptx-none:amdgcn-amdhsa
OFFLOAD_TARGET_DEFAULT=1
Target: x86_64-linux-gnu
Configured with: ../src/configure -v --with-pkgversion='Ubuntu 11.4.0-1ubuntu1~22.04' --with-bugurl=file:///usr/share/doc/gcc-11/README.Bugs --enable-languages=c,ada,c++,go,brig,d,fortran,objc,obj-c++,m2 --prefix=/usr --with-gcc-major-version-only --program-suffix=-11 --program-prefix=x86_64-linux-gnu- --enable-shared --enable-linker-build-id --libexecdir=/usr/lib --without-included-gettext --enable-threads=posix --libdir=/usr/lib --enable-nls --enable-bootstrap --enable-clocale=gnu --enable-libstdcxx-debug --enable-libstdcxx-time=yes --with-default-libstdcxx-abi=new --enable-gnu-unique-object --disable-vtable-verify --enable-plugin --enable-default-pie --with-system-zlib --enable-libphobos-checking=release --with-target-system-zlib=auto --enable-objc-gc=auto --enable-multiarch --disable-werror --enable-cet --with-arch-32=i686 --with-abi=m64 --with-multilib-list=m32,m64,mx32 --enable-multilib --with-tune=generic --enable-offload-targets=nvptx-none=/build/gcc-11-XeT9lY/gcc-11-11.4.0/debian/tmp-nvptx/usr,amdgcn-amdhsa=/build/gcc-11-XeT9lY/gcc-11-11.4.0/debian/tmp-gcn/usr --without-cuda-driver --enable-checking=release --build=x86_64-linux-gnu --host=x86_64-linux-gnu --target=x86_64-linux-gnu --with-build-config=bootstrap-lto-lean --enable-link-serialization=2
Thread model: posix
Supported LTO compression algorithms: zlib zstd
gcc version 11.4.0 (Ubuntu 11.4.0-1ubuntu1~22.04) 
COLLECT_GCC_OPTIONS='-v' '-o' 'CMakeFiles/cmTC_cac87.dir/CMakeCCompilerABI.c.o' '-c' '-mtune=generic' '-march=x86-64' '-dumpdir' 'CMakeFiles/cmTC_cac87.dir/'
 /usr/lib/gcc/x86_64-linux-gnu/11/cc1 -quiet -v -imultiarch x86_64-linux-gnu /usr/share/cmake-3.22/Modules/CMakeCCompilerABI.c -quiet -dumpdir CMakeFiles/cmTC_cac87.dir/ -dumpbase CMakeCCompilerABI.c.c -dumpbase-ext .c -mtune=generic -march=x86-64 -version -fasynchronous-unwind-tables -fstack-protector-strong -Wformat -Wformat-security -fstack-clash-protection -fcf-protection -o /tmp/ccqRIYSE.s
GNU C17 (Ubuntu 11.4.0-1ubuntu1~22.04) version 11.4.0 (x86_64-linux-gnu)
	compiled by GNU C version 11.4.0, GMP version 6.2.1, MPFR version 4.1.0, MPC version 1.2.1, isl version isl-0.24-GMP

GGC heuristics: --param ggc-min-expand=100 --param ggc-min-heapsize=131072
ignoring nonexistent directory "/usr/local/include/x86_64-linux-gnu"
ignoring nonexistent directory "/usr/lib/gcc/x86_64-linux-gnu/11/include-fixed"
ignoring nonexistent directory "/usr/lib/gcc/x86_64-linux-gnu/11/../../../../x86_64-linux-gnu/include"
#include "..." search starts here:
#include <...> search starts here:
 /usr/lib/gcc/x86_64-linux-gnu/11/include
 /usr/local/include
 /usr/include/x86_64-linux-gnu
 /usr/include
End of search list.
GNU C17 (Ubuntu 11.4.0-1ubuntu1~22.04) version 11.4.0 (x86_64-linux-gnu)
	compiled by GNU C version 11.4.0, GMP version 6.2.1, MPFR version 4.1.0, MPC version 1.2.1, isl version isl-0.24-GMP

GGC heuristics: --param ggc-min-expand=100 --param ggc-min-heapsize=131072
Compiler executable checksum: 50eaa2331df977b8016186198deb2d18
COLLECT_GCC_OPTIONS='-v' '-o' 'CMakeFiles/cmTC_cac87.dir/CMakeCCompilerABI.c.o' '-c' '-mtune=generic' '-march=x86-64' '-dumpdir' 'CMakeFiles/cmTC_cac87.dir/'
 as -v --64 -o CMakeFiles/cmTC_cac87.dir/CMakeCCompilerABI.c.o /tmp/ccqRIYSE.s
GNU assembler version 2.38 (x86_64-linux-gnu) using BFD version (GNU Binutils for Ubuntu) 2.38
COMPILER_PATH=/usr/lib/gcc/x86_64-linux-gnu/11/:/usr/lib/gcc/x86_64-linux-gnu/11/:/usr/lib/gcc/x86_64-linux-gnu/:/usr/lib/gcc/x86_64-linux-gnu/11/:/usr/lib/gcc/x86_64-linux-gnu/
LIBRARY_PATH=/usr/lib/gcc/x86_64-linux-gnu/11/:/usr/lib/gcc/x86_64-linux-gnu/11/../../../x86_64-linux-gnu/:/usr/lib/gcc/x86_64-linux-gnu/11/../../../../lib/:/lib/x86_64-linux-gnu/:/lib/../lib/:/usr/lib/x86_64-linux-gnu/:/usr/lib/../lib/:/usr/lib/gcc/x86_64-linux-gnu/11/../../../:/lib/:/usr/lib/
COLLECT_GCC_OPTIONS='-v' '-o' 'CMakeFiles/cmTC_cac87.dir/CMakeCCompilerABI.c.o' '-c' '-mtune=generic' '-march=x86-64' '-dumpdir' 'CMakeFiles/cmTC_cac87.dir/CMakeCCompilerABI.c.'
Linking C executable cmTC_cac87
/usr/bin/cmake -E cmake_link_script CMakeFiles/cmTC_cac87.dir/link.txt --verbose=1
/usr/bin/cc  -v CMakeFiles/cmTC_cac87.dir/CMakeCCompilerABI.c.o -o cmTC_cac87 
Using built-in specs.
COLLECT_GCC=/usr/bin/cc
COLLECT_LTO_WRAPPER=/usr/lib/gcc/x86_64-linux-gnu/11/lto-wrapper
OFFLOAD_TARGET_NAMES=nvptx-none:amdgcn-amdhsa
OFFLOAD_TARGET_DEFAULT=1
Target: x86_64-linux-gnu
Configured with: ../src/configure -v --with-pkgversion='Ubuntu 11.4.0-1ubuntu1~22.04' --with-bugurl=file:///usr/share/doc/gcc-11/README.Bugs --enable-languages=c,ada,c++,go,brig,d,fortran,objc,obj-c++,m2 --prefix=/usr --with-gcc-major-version-only --program-suffix=-11 --program-prefix=x86_64-linux-gnu- --enable-shared --enable-linker-build-id --libexecdir=/usr/lib --without-included-gettext --enable-threads=posix --libdir=/usr/lib --enable-nls --enable-bootstrap --enable-clocale=gnu --enable-libstdcxx-debug --enable-libstdcxx-time=yes --with-default-libstdcxx-abi=new --enable-gnu-unique-object --disable-vtable-verify --enable-plugin --enable-default-pie --with-system-zlib --enable-libphobos-checking=release --with-target-system-zlib=auto --enable-objc-gc=auto --enable-multiarch --disable-werror --enable-cet --with-arch-32=i686 --with-abi=m64 --with-multilib-list=m32,m64,mx32 --enable-multilib --with-tune=generic --enable-offload-targets=nvptx-none=/build/gcc-11-XeT9lY/gcc-11-11.4.0/debian/tmp-nvptx/usr,amdgcn-amdhsa=/build/gcc-11-XeT9lY/gcc-11-11.4.0/debian/tmp-gcn/usr --without-cuda-driver --enable-checking=release --build=x86_64-linux-gnu --host=x86_64-linux-gnu --target=x86_64-linux-gnu --with-build-config=bootstrap-lto-lean --enable-link-serialization=2
Thread model: posix
Supported LTO compression algorithms: zlib zstd
gcc version 11.4.0 (Ubuntu 11.4.0-1ubuntu1~22.04) 
COMPILER_PATH=/usr/lib/gcc/x86_64-linux-gnu/11/:/usr/lib/gcc/x86_64-linux-gnu/11/:/usr/lib/gcc/x86_64-linux-gnu/:/usr/lib/gcc/x86_64-linux-gnu/11/:/usr/lib/gcc/x86_64-linux-gnu/
LIBRARY_PATH=/usr/lib/gcc/x86_64-linux-gnu/11/:/usr/lib/gcc/x86_64-linux-gnu/11/../../../x86_64-linux-gnu/:/usr/lib/gcc/x86_64-linux-gnu/11/../../../../lib/:/lib/x86_64-linux-gnu/:/lib/../lib/:/usr/lib/x86_64-linux-gnu/:/usr/lib/../lib/:/usr/lib/gcc/x86_64-linux-gnu/11/../../../:/lib/:/usr/lib/
COLLECT_GCC_OPTIONS='-v' '-o' 'cmTC_cac87' '-mtune=generic' '-march=x86-64' '-dumpdir' 'cmTC_cac87.'
 /usr/lib/gcc/x86_64-linux-gnu/11/collect2 -plugin /usr/lib/gcc/x86_64-linux-gnu/11/liblto_plugin.so -plugin-opt=/usr/lib/gcc/x86_64-linux-gnu/11/lto-wrapper -plugin-opt=-fresolution=/tmp/ccYTwSCD.res -plugin-opt=-pass-through=-lgcc -plugin-opt=-pass-through=-lgcc_s -plugin-opt=-pass-through=-lc -plugin-opt=-pass-through=-lgcc -plugin-opt=-pass-through=-lgcc_s --build-id --eh-frame-hdr -m elf_x86_64 --hash-style=gnu --as-needed -dynamic-linker /lib64/ld-linux-x86-64.so.2 -pie -z now -z relro -o cmTC_cac87 /usr/lib/gcc/x86_64-linux-gnu/11/../../../x86_64-linux-gnu/Scrt1.o /usr/lib/gcc/x86_64-linux-gnu/11/../../../x86_64-linux-gnu/crti.o /usr/lib/gcc/x86_64-linux-gnu/11/crtbeginS.o -L/usr/lib/gcc/x86_64-linux-gnu/11 -L/usr/lib/gcc/x86_64-linux-gnu/11/../../../x86_64-linux-gnu -L/usr/lib/gcc/x86_64-linux-gnu/11/../../../../lib -L/lib/x86_64-linux-gnu -L/lib/../lib -L/usr/lib/x86_64-linux-gnu -L/usr/lib/../lib -L/usr/lib/gcc/x86_64-linux-gnu/11/../../.. CMakeFiles/cmTC_cac87.dir/CMakeCCompilerABI.c.o -lgcc --push-state --as-needed -lgcc_s --pop-state -lc -lgcc --push-state --as-needed -lgcc_s --pop-state /usr/lib/gcc/x86_64-linux-gnu/11/crtendS.o /usr/lib/gcc/x86_64-linux-gnu/11/../../../x86_64-linux-gnu/crtn.o
COLLECT_GCC_OPTIONS='-v' '-o' 'cmTC_cac87' '-mtune=generic' '-march=x86-64' '-dumpdir' 'cmTC_cac87.'
gmake[1]: Leaving directory '/mnt/c/Users/Michael/Documents/Projects/SAOD/build/CMakeFiles/CMakeTmp'



Parsed C implicit include dir info from above output: rv=done
  found start of include info
  found start of implicit include info
    add: [/usr/lib/gcc/x86_64-linux-gnu/11/include]
    add: [/usr/local/include]
    add: [/usr/include/x86_64-linux-gnu]
    add: [/usr/include]
  end of search list found
  collapse include dir [/usr/lib/gcc/x86_64-linux-gnu/11/include] ==> [/usr/lib/gcc/x86_64-linux-gnu/11/include]
  collapse include dir [/usr/local/include] ==> [/usr/local/include]
  collapse include dir [/usr/include/x86_64-linux-gnu] ==> [/usr/include/x86_64-linux-gnu]
  collapse include dir [/usr/include] ==> [/usr/include]
  implicit include dirs: [/usr/lib/gcc/x86_64-linux-gnu/11/include;/usr/local/include;/usr/include/x86_64-linux-gnu;/usr/include]


Parsed C implicit link information from above output:
  link line regex: [^( *|.*[/\])(ld|CMAKE_LINK_STARTFILE-NOTFOUND|([^/\]+-)?ld|collect2)[^/\]*( |$)]
  ignore line: [Change Dir: /mnt/c/Users/Michael/Documents/Projects/SAOD/build/CMakeFiles/CMakeTmp]
  ignore line: []
  ignore line: [Run Build Command(s):/usr/bin/gmake -f Makefile cmTC_cac87/fast && /usr/bin/gmake  -f CMakeFiles/cmTC_cac87.dir/build.make CMakeFiles/cmTC_cac87.dir/build]
  ignore line: [gmake[1]: Entering directory '/mnt/c/Users/Michael/Documents/Projects/SAOD/build/CMakeFiles/CMakeTmp']
  ignore line: [Building C object CMakeFiles/cmTC_cac87.dir/CMakeCCompilerABI.c.o]
  ignore line: [/usr/bin/cc   -v -o CMakeFiles/cmTC_cac87.dir/CMakeCCompilerABI.c.o -c /usr/share/cmake-3.22/Modules/CMakeCCompilerABI.c]
  ignore line: [Using built-in specs.]
  ignore line: [COLLECT_GCC=/usr/bin/cc]
  ignore line: [OFFLOAD_TARGET_NAMES=nvptx-none:amdgcn-amdhsa]
  ignore line: [OFFLOAD_TARGET_DEFAULT=1]
  ignore line: [Target: x86_64-linux-gnu]
  ignore line: [Configured with: ../src/configure -v --with-pkgversion='Ubuntu 11.4.0-1ubuntu1~22.04' --with-bugurl=file:///usr/share/doc/gcc-11/README.Bugs --enable-languages=c ada c++ go brig d fortran objc obj-c++ m2 --prefix=/usr --with-gcc-major-version-only --program-suffix=-11 --program-prefix=x86_64-linux-gnu- --enable-shared --enable-linker-build-id --libexecdir=/usr/lib --without-included-gettext --enable-threads=posix --libdir=/usr/lib --enable-nls --enable-bootstrap --enable-clocale=gnu --enable-libstdcxx-debug --enable-libstdcxx-time=yes --with-default-libstdcxx-abi=new --enable-gnu-unique-object --disable-vtable-verify --enable-plugin --enable-default-pie --with-system-zlib --enable-libphobos-checking=release --with-target-system-zlib=auto --enable-objc-gc=auto --enable-multiarch --disable-werror --enable-cet --with-arch-32=i686 --with-abi=m64 --with-multilib-list=m32 m64 mx32 --enable-multilib --with-tune=generic --enable-offload-targets=nvptx-none=/build/gcc-11-XeT9lY/gcc-11-11.4.0/debian/tmp-nvptx/usr amdgcn-amdhsa=/build/gcc-11-XeT9lY/gcc-11-11.4.0/debian/tmp-gcn/usr --without-cuda-driver --enable-checking=release --build=x86_64-linux-gnu --host=x86_64-linux-gnu --target=x86_64-linux-gnu --with-build-config=bootstrap-lto-lean --enable-link-serialization=2]
  ignore line: [Thread model: posix]
  ignore line: [Supported LTO compression algorithms: zlib zstd]
  ignore line: [gcc version 11.4.0 (Ubuntu 11.4.0-1ubuntu1~22.04) ]
  ignore line: [COLLECT_GCC_OPTIONS='-v' '-o' 'CMakeFiles/cmTC_cac87.dir/CMakeCCompilerABI.c.o' '-c' '-mtune=generic' '-march=x86-64' '-dumpdir' 'CMakeFiles/cmTC_cac87.dir/']
  ignore line: [ /usr/lib/gcc/x86_64-linux-gnu/11/cc1 -quiet -v -imultiarch x86_64-linux-gnu /usr/share/cmake-3.22/Modules/CMakeCCompilerABI.c -quiet -dumpdir CMakeFiles/cmTC_cac87.dir/ -dumpbase CMakeCCompilerABI.c.c -dumpbase-ext .c -mtune=generic -march=x86-64 -version -fasynchronous-unwind-tables -fstack-protector-strong -Wformat -Wformat-security -fstack-clash-protection -fcf-protection -o /tmp/ccqRIYSE.s]
  ignore line: [GNU C17 (Ubuntu 11.4.0-1ubuntu1~22.04) version 11.4.0 (x86_64-linux-gnu)]
  ignore line: [	compiled by GNU C version 11.4.0  GMP version 6.2.1  MPFR version 4.1.0  MPC version 1.2.1  isl version isl-0.24-GMP]
  ignore line: []
  ignore line: [GGC heuristics: --param ggc-min-expand=100 --param ggc-min-heapsize=131072]
  ignore line: [ignoring nonexistent directory "/usr/local/include/x86_64-linux-gnu"]
  ignore line: [ignoring nonexistent directory "/usr/lib/gcc/x86_64-linux-gnu/11/include-fixed"]
  ignore line: [ignoring nonexistent directory "/usr/lib/gcc/x86_64-linux-gnu/11/../../../../x86_64-linux-gnu/include"]
  ignore line: [#include "..." search starts here:]
  ignore line: [#include <...> search starts here:]
  ignore line: [ /usr/lib/gcc/x86_64-linux-gnu/11/include]
  ignore line: [ /usr/local/include]
  ignore line: [ /usr/include/x86_64-linux-gnu]
  ignore line: [ /usr/include]
  ignore line: [End of search list.]
  ignore line: [GNU C17 (Ubuntu 11.4.0-1ubuntu1~22.04) version 11.4.0 (x86_64-linux-gnu)]
  ignore line: [	compiled by GNU C version 11.4.0  GMP version 6.2.1  MPFR version 4.1.0  MPC version 1.2.1  isl version isl-0.24-GMP]
  ignore line: []
  ignore line: [GGC heuristics: --param ggc-min-expand=100 --param ggc-min-heapsize=131072]
  ignore line: [Compiler executable checksum: 50eaa2331df977b8016186198deb2d18]
  ignore line: [COLLECT_GCC_OPTIONS='-v' '-o' 'CMakeFiles/cmTC_cac87.dir/CMakeCCompilerABI.c.o' '-c' '-mtune=generic' '-march=x86-64' '-dumpdir' 'CMakeFiles/cmTC_cac87.dir/']
  ignore line: [ as -v --64 -o CMakeFiles/cmTC_cac87.dir/CMakeCCompilerABI.c.o /tmp/ccqRIYSE.s]
  ignore line: [GNU assembler version 2.38 (x86_64-linux-gnu) using BFD version (GNU Binutils for Ubuntu) 2.38]
  ignore line: [COMPILER_PATH=/usr/lib/gcc/x86_64-linux-gnu/11/:/usr/lib/gcc/x86_64-linux-gnu/11/:/usr/lib/gcc/x86_64-linux-gnu/:/usr/lib/gcc/x86_64-linux-gnu/11/:/usr/lib/gcc/x86_64-linux-gnu/]
  ignore line: [LIBRARY_PATH=/usr/lib/gcc/x86_64-linux-gnu/11/:/usr/lib/gcc/x86_64-linux-gnu/11/../../../x86_64-linux-gnu/:/usr/lib/gcc/x86_64-linux-gnu/11/../../../../lib/:/lib/x86_64-linux-gnu/:/lib/../lib/:/usr/lib/x86_64-linux-gnu/:/usr/lib/../lib/:/usr/lib/gcc/x86_64-linux-gnu/11/../../../:/lib/:/usr/lib/]
  ignore line: [COLLECT_GCC_OPTIONS='-v' '-o' 'CMakeFiles/cmTC_cac87.dir/CMakeCCompilerABI.c.o' '-c' '-mtune=generic' '-march=x86-64' '-dumpdir' 'CMakeFiles/cmTC_cac87.dir/CMakeCCompilerABI.c.']
  ignore line: [Linking C executable cmTC_cac87]
  ignore line: [/usr/bin/cmake -E cmake_link_script CMakeFiles/cmTC_cac87.dir/link.txt --verbose=1]
  ignore line: [/usr/bin/cc  -v CMakeFiles/cmTC_cac87.dir/CMakeCCompilerABI.c.o -o cmTC_cac87 ]
  ignore line: [Using built-in specs.]
  ignore line: [COLLECT_GCC=/usr/bin/cc]
  ignore line: [COLLECT_LTO_WRAPPER=/usr/lib/gcc/x86_64-linux-gnu/11/lto-wrapper]
  ignore line: [OFFLOAD_TARGET_NAMES=nvptx-none:amdgcn-amdhsa]
  ignore line: [OFFLOAD_TARGET_DEFAULT=1]
  ignore line: [Target: x86_64-linux-gnu]
  ignore line: [Configured with: ../src/configure -v --with-pkgversion='Ubuntu 11.4.0-1ubuntu1~22.04' --with-bugurl=file:///usr/share/doc/gcc-11/README.Bugs --enable-languages=c ada c++ go brig d fortran objc obj-c++ m2 --prefix=/usr --with-gcc-major-version-only --program-suffix=-11 --program-prefix=x86_64-linux-gnu- --enable-shared --enable-linker-build-id --libexecdir=/usr/lib --without-included-gettext --enable-threads=posix --libdir=/usr/lib --enable-nls --enable-bootstrap --enable-clocale=gnu --enable-libstdcxx-debug --enable-libstdcxx-time=yes --with-default-libstdcxx-abi=new --enable-gnu-unique-object --disable-vtable-verify --enable-plugin --enable-default-pie --with-system-zlib --enable-libphobos-checking=release --with-target-system-zlib=auto --enable-objc-gc=auto --enable-multiarch --disable-werror --enable-cet --with-arch-32=i686 --with-abi=m64 --with-multilib-list=m32 m64 mx32 --enable-multilib --with-tune=generic --enable-offload-targets=nvptx-none=/build/gcc-11-XeT9lY/gcc-11-11.4.0/debian/tmp-nvptx/usr amdgcn-amdhsa=/build/gcc-11-XeT9lY/gcc-11-11.4.0/debian/tmp-gcn/usr --without-cuda-driver --enable-checking=release --build=x86_64-linux-gnu --host=x86_64-linux-gnu --target=x86_64-linux-gnu --with-build-config=bootstrap-lto-lean --enable-link-serialization=2]
  ignore line: [Thread model: posix]
  ignore line: [Supported LTO compression algorithms: zlib zstd]
  ignore line: [gcc version 11.4.0 (Ubuntu 11.4.0-1ubuntu1~22.04) ]
  ignore line: [COMPILER_PATH=/usr/lib/gcc/x86_64-linux-gnu/11/:/usr/lib/gcc/x86_64-linux-gnu/11/:/usr/lib/gcc/x86_64-linux-gnu/:/usr/lib/gcc/x86_64-linux-gnu/11/:/usr/lib/gcc/x86_64-linux-gnu/]
  ignore line: [LIBRARY_PATH=/usr/lib/gcc/x86_64-linux-gnu/11/:/usr/lib/gcc/x86_64-linux-gnu/11/../../../x86_64-linux-gnu/:/usr/lib/gcc/x86_64-linux-gnu/11/../../../../lib/:/lib/x86_64-linux-gnu/:/lib/../lib/:/usr/lib/x86_64-linux-gnu/:/usr/lib/../lib/:/usr/lib/gcc/x86_64-linux-gnu/11/../../../:/lib/:/usr/lib/]
  ignore line: [COLLECT_GCC_OPTIONS='-v' '-o' 'cmTC_cac87' '-mtune=generic' '-march=x86-64' '-dumpdir' 'cmTC_cac87.']
  link line: [ /usr/lib/gcc/x86_64-linux-gnu/11/collect2 -plugin /usr/lib/gcc/x86_64-linux-gnu/11/liblto_plugin.so -plugin-opt=/usr/lib/gcc/x86_64-linux-gnu/11/lto-wrapper -plugin-opt=-fresolution=/tmp/ccYTwSCD.res -plugin-opt=-pass-through=-lgcc -plugin-opt=-pass-through=-lgcc_s -plugin-opt=-pass-through=-lc -plugin-opt=-pass-through=-lgcc -plugin-opt=-pass-through=-lgcc_s --build-id --eh-frame-hdr -m elf_x86_64 --hash-style=gnu --as-needed -dynamic-linker /lib64/ld-linux-x86-64.so.2 -pie -z now -z relro -o cmTC_cac87 /usr/lib/gcc/x86_64-linux-gnu/11/../../../x86_64-linux-gnu/Scrt1.o /usr/lib/gcc/x86_64-linux-gnu/11/../../../x86_64-linux-gnu/crti.o /usr/lib/gcc/x86_64-linux-gnu/11/crtbeginS.o -L/usr/lib/gcc/x86_64-linux-gnu/11 -L/usr/lib/gcc/x86_64-linux-gnu/11/../../../x86_64-linux-gnu -L/usr/lib/gcc/x86_64-linux-gnu/11/../../../../lib -L/lib/x86_64-linux-gnu -L/lib/../lib -L/usr/lib/x86_64-linux-gnu -L/usr/lib/../lib -L/usr/lib/gcc/x86_64-linux-gnu/11/../../.. CMakeFiles/cmTC_cac87.dir/CMakeCCompilerABI.c.o -lgcc --push-state --as-needed -lgcc_s --pop-state -lc -lgcc --push-state --as-needed -lgcc_s --pop-state /usr/lib/gcc/x86_64-linux-gnu/11/crtendS.o /usr/lib/gcc/x86_64-linux-gnu/11/../../../x86_64-linux-gnu/crtn.o]
    arg [/usr/lib/gcc/x86_64-linux-gnu/11/collect2] ==> ignore
    arg [-plugin] ==> ignore
    arg [/usr/lib/gcc/x86_64-linux-gnu/11/liblto_plugin.so] ==> ignore
    arg [-plugin-opt=/usr/lib/gcc/x86_64-linux-gnu/11/lto-wrapper] ==> ignore
    arg [-plugin-opt=-fresolution=/tmp/ccYTwSCD.res] ==> ignore
    arg [-plugin-opt=-pass-through=-lgcc] ==> ignore
    arg [-plugin-opt=-pass-through=-lgcc_s] ==> ignore
    arg [-plugin-opt=-pass-through=-lc] ==> ignore
    arg [-plugin-opt=-pass-through=-lgcc] ==> ignore
    arg [-plugin-opt=-pass-through=-lgcc_s] ==> ignore
    arg [--build-id] ==> ignore
    arg [--eh-frame-hdr] ==> ignore
    arg [-m] ==> ignore
    arg [elf_x86_64] ==> ignore
    arg [--hash-style=gnu] ==> ignore
    arg [--as-needed] ==> ignore
    arg [-dynamic-linker] ==> ignore
    arg [/lib64/ld-linux-x86-64.so.2] ==> ignore
    arg [-pie] ==> ignore
    arg [-znow] ==> ignore
    arg [-zrelro] ==> ignore
    arg [-o] ==> ignore
    arg [cmTC_cac87] ==> ignore
    arg [/usr/lib/gcc/x86_64-linux-gnu/11/../../../x86_64-linux-gnu/Scrt1.o] ==> obj [/usr/lib/gcc/x86_64-linux-gnu/11/../../../x86_64-linux-gnu/Scrt1.o]
    arg [/usr/lib/gcc/x86_64-linux-gnu/11/../../../x86_64-linux-gnu/crti.o] ==> obj [/usr/lib/gcc/x86_64-linux-gnu/11/../../../x86_64-linux-gnu/crti.o]
    arg [/usr/lib/gcc/x86_64-linux-gnu/11/crtbeginS.o] ==> obj [/usr/lib/gcc/x86_64-linux-gnu/11/crtbeginS.o]
    arg [-L/usr/lib/gcc/x86_64-linux-gnu/11] ==> dir [/usr/lib/gcc/x86_64-linux-gnu/11]
    arg [-L/usr/lib/gcc/x86_64-linux-gnu/11/../../../x86_64-linux-gnu] ==> dir [/usr/lib/gcc/x86_64-linux-gnu/11/../../../x86_64-linux-gnu]
    arg [-L/usr/lib/gcc/x86_64-linux-gnu/11/../../../../lib] ==> dir [/usr/lib/gcc/x86_64-linux-gnu/11/../../../../lib]
    arg [-L/lib/x86_64-linux-gnu] ==> dir [/lib/x86_64-linux-gnu]
    arg [-L/lib/../lib] ==> dir [/lib/../lib]
    arg [-L/usr/lib/x86_64-linux-gnu] ==> dir [/usr/lib/x86_64-linux-gnu]
    arg [-L/usr/lib/../lib] ==> dir [/usr/lib/../lib]
    arg [-L/usr/lib/gcc/x86_64-linux-gnu/11/../../..] ==> dir [/usr/lib/gcc/x86_64-linux-gnu/11/../../..]
    arg [CMakeFiles/cmTC_cac87.dir/CMakeCCompilerABI.c.o] ==> ignore
    arg [-lgcc] ==> lib [gcc]
    arg [--push-state] ==> ignore
    arg [--as-needed] ==> ignore
    arg [-lgcc_s] ==> lib [gcc_s]
    arg [--pop-state] ==> ignore
    arg [-lc] ==> lib [c]
    arg [-lgcc] ==> lib [gcc]
    arg [--push-state] ==> ignore
    arg [--as-needed] ==> ignore
    arg [-lgcc_s] ==> lib [gcc_s]
    arg [--pop-state] ==> ignore
    arg [/usr/lib/gcc/x86_64-linux-gnu/11/crtendS.o] ==> obj [/usr/lib/gcc/x86_64-linux-gnu/11/crtendS.o]
    arg [/usr/lib/gcc/x86_64-linux-gnu/11/../../../x86_64-linux-gnu/crtn.o] ==> obj [/usr/lib/gcc/x86_64-linux-gnu/11/../../../x86_64-linux-gnu/crtn.o]
  collapse obj [/usr/lib/gcc/x86_64-linux-gnu/11/../../../x86_64-linux-gnu/Scrt1.o] ==> [/usr/lib/x86_64-linux-gnu/Scrt1.o]
  collapse obj [/usr/lib/gcc/x86_64-linux-gnu/11/../../../x86_64-linux-gnu/crti.o] ==> [/usr/lib/x86_64-linux-gnu/crti.o]
  collapse obj [/usr/lib/gcc/x86_64-linux-gnu/11/../../../x86_64-linux-gnu/crtn.o] ==> [/usr/lib/x86_64-linux-gnu/crtn.o]
  collapse library dir [/usr/lib/gcc/x86_64-linux-gnu/11] ==> [/usr/lib/gcc/x86_64-linux-gnu/11]
  collapse library dir [/usr/lib/gcc/x86_64-linux-gnu/11/../../../x86_64-linux-gnu] ==> [/usr/lib/x86_64-linux-gnu]
  collapse library dir [/usr/lib/gcc/x86_64-linux-gnu/11/../../../../lib] ==> [/usr/lib]
  collapse library dir [/lib/x86_64-linux-gnu] ==> [/lib/x86_64-linux-gnu]
  collapse library dir [/lib/../lib] ==> [/lib]
  collapse library dir [/usr/lib/x86_64-linux-gnu] ==> [/usr/lib/x86_64-linux-gnu]
  collapse library dir [/usr/lib/../lib] ==> [/usr/lib]
  collapse library dir [/usr/lib/gcc/x86_64-linux-gnu/11/../../..] ==> [/usr/lib]
  implicit libs: [gcc;gcc_s;c;gcc;gcc_s]
  implicit objs: [/usr/lib/x86_64-linux-gnu/Scrt1.o;/usr/lib/x86_64-linux-gnu/crti.o;/usr/lib/gcc/x86_64-linux-gnu/11/crtbeginS.o;/usr/lib/gcc/x86_64-linux-gnu/11/crtendS.o;/usr/lib/x86_64-linux-gnu/crtn.o]
  implicit dirs: [/usr/lib/gcc/x86_64-linux-gnu/11;/usr/lib/x86_64-linux-gnu;/usr/lib;/lib/x86_64-linux-gnu;/lib]
  implicit fwks: []


Detecting CXX compiler ABI info compiled with the following output:
Change Dir: /mnt/c/Users/Michael/Documents/Projects/SAOD/build/CMakeFiles/CMakeTmp

Run Build Command(s):/usr/bin/gmake -f Makefile cmTC_f4b67/fast && /usr/bin/gmake  -f CMakeFiles/cmTC_f4b67.dir/build.make CMakeFiles/cmTC_f4b67.dir/build
gmake[1]: Entering directory '/mnt/c/Users/Michael/Documents/Projects/SAOD/build/CMakeFiles/CMakeTmp'
Building CXX object CMakeFiles/cmTC_f4b67.dir/CMakeCXXCompilerABI.cpp.o
/usr/bin/c++   -v -o CMakeFiles/cmTC_f4b67.dir/CMakeCXXCompilerABI.cpp.o -c /usr/share/cmake-3.22/Modules/CMakeCXXCompilerABI.cpp
Using built-in specs.
COLLECT_GCC=/usr/bin/c++
OFFLOAD_TARGET_NAMES=nvptx-none:amdgcn-amdhsa
OFFLOAD_TARGET_DEFAULT=1
Target: x86_64-linux-gnu
Configured with: ../src/configure -v --with-pkgversion='Ubuntu 11.4.0-1ubuntu1~22.04' --with-bugurl=file:///usr/share/doc/gcc-11/README.Bugs --enable-languages=c,ada,c++,go,brig,d,fortran,objc,obj-c++,m2 --prefix=/usr --with-gcc-major-version-only --program-suffix=-11 --program-prefix=x86_64-linux-gnu- --enable-shared --enable-linker-build-id --libexecdir=/usr/lib --without-included-gettext --enable-threads=posix --libdir=/usr/lib --enable-nls --enable-bootstrap --enable-clocale=gnu --enable-libstdcxx-debug --enable-libstdcxx-time=yes --with-default-libstdcxx-abi=new --enable-gnu-unique-object --disable-vtable-verify --enable-plugin --enable-default-pie --with-system-zlib --enable-libphobos-checking=release --with-target-system-zlib=auto --enable-objc-gc=auto --enable-multiarch --disable-werror --enable-cet --with-arch-32=i686 --with-abi=m64 --with-multilib-list=m32,m64,mx32 --enable-multilib --with-tune=generic --enable-offload-targets=nvptx-none=/build/gcc-11-XeT9lY/gcc-11-11.4.0/debian/tmp-nvptx/usr,amdgcn-amdhsa=/build/gcc-11-XeT9lY/gcc-11-11.4.0/debian/tmp-gcn/usr --without-cuda-driver --enable-checking=release --build=x86_64-linux-gnu --host=x86_64-linux-gnu --target=x86_64-linux-gnu --with-build-config=bootstrap-lto-lean --enable-link-serialization=2
Thread model: posix
Supported LTO compression algorithms: zlib zstd
gcc version 11.4.0 (Ubuntu 11.4.0-1ubuntu1~22.04) 
COLLECT_GCC_OPTIONS='-v' '-o' 'CMakeFiles/cmTC_f4b67.dir/CMakeCXXCompilerABI.cpp.o' '-c' '-shared-libgcc' '-mtune=generic' '-march=x86-64' '-dumpdir' 'CMakeFiles/cmTC_f4b67.dir/'
 /usr/lib/gcc/x86_64-linux-gnu/11/cc1plus -quiet -v -imultiarch x86_64-linux-gnu -D_GNU_SOURCE /usr/share/cmake-3.22/Modules/CMakeCXXCompilerABI.cpp -quiet -dumpdir CMakeFiles/cmTC_f4b67.dir/ -dumpbase CMakeCXXCompilerABI.cpp.cpp -dumpbase-ext .cpp -mtune=generic -march=x86-64 -version -fasynchronous-unwind-tables -fstack-protector-strong -Wformat -Wformat-security -fstack-clash-protection -fcf-protection -o /tmp/ccXJJht1.s
GNU C++17 (Ubuntu 11.4.0-1ubuntu1~22.04) version 11.4.0 (x86_64-linux-gnu)
	compiled by GNU C version 11.4.0, GMP version 6.2.1, MPFR version 4.1.0, MPC version 1.2.1, isl version isl-0.24-GMP

GGC heuristics: --param ggc-min-expand=100 --param ggc-min-heapsize=131072
ignoring duplicate directory "/usr/include/x86_64-linux-gnu/c++/11"
ignoring nonexistent directory "/usr/local/include/x86_64-linux-gnu"
ignoring nonexistent directory "/usr/lib/gcc/x86_64-linux-gnu/11/include-fixed"
ignoring nonexistent directory "/usr/lib/gcc/x86_64-linux-gnu/11/../../../../x86_64-linux-gnu/include"
#include "..." search starts here:
#include <...> search starts here:
 /usr/include/c++/11
 /usr/include/x86_64-linux-gnu/c++/11
 /usr/include/c++/11/backward
 /usr/lib/gcc/x86_64-linux-gnu/11/include
 /usr/local/include
 /usr/include/x86_64-linux-gnu
 /usr/include
End of search list.
GNU C++17 (Ubuntu 11.4.0-1ubuntu1~22.04) version 11.4.0 (x86_64-linux-gnu)
	compiled by GNU C version 11.4.0, GMP version 6.2.1, MPFR version 4.1.0, MPC version 1.2.1, isl version isl-0.24-GMP

GGC heuristics: --param ggc-min-expand=100 --param ggc-min-heapsize=131072
Compiler executable checksum: d591828bb4d392ae8b7b160e5bb0b95f
COLLECT_GCC_OPTIONS='-v' '-o' 'CMakeFiles/cmTC_f4b67.dir/CMakeCXXCompilerABI.cpp.o' '-c' '-shared-libgcc' '-mtune=generic' '-march=x86-64' '-dumpdir' 'CMakeFiles/cmTC_f4b67.dir/'
 as -v --64 -o CMakeFiles/cmTC_f4b67.dir/CMakeCXXCompilerABI.cpp.o /tmp/ccXJJht1.s
GNU assembler version 2.38 (x86_64-linux-gnu) using BFD version (GNU Binutils for Ubuntu) 2.38
COMPILER_PATH=/usr/lib/gcc/x86_64-linux-gnu/11/:/usr/lib/gcc/x86_64-linux-gnu/11/:/usr/lib/gcc/x86_64-linux-gnu/:/usr/lib/gcc/x86_64-linux-gnu/11/:/usr/lib/gcc/x86_64-linux-gnu/
LIBRARY_PATH=/usr/lib/gcc/x86_64-linux-gnu/11/:/usr/lib/gcc/x86_64-linux-gnu/11/../../../x86_64-linux-gnu/:/usr/lib/gcc/x86_64-linux-gnu/11/../../../../lib/:/lib/x86_64-linux-gnu/:/lib/../lib/:/usr/lib/x86_64-linux-gnu/:/usr/lib/../lib/:/usr/lib/gcc/x86_64-linux-gnu/11/../../../:/lib/:/usr/lib/
COLLECT_GCC_OPTIONS='-v' '-o' 'CMakeFiles/cmTC_f4b67.dir/CMakeCXXCompilerABI.cpp.o' '-c' '-shared-libgcc' '-mtune=generic' '-march=x86-64' '-dumpdir' 'CMakeFiles/cmTC_f4b67.dir/CMakeCXXCompilerABI.cpp.'
Linking CXX executable cmTC_f4b67
/usr/bin/cmake -E cmake_link_script CMakeFiles/cmTC_f4b67.dir/link.txt --verbose=1
/usr/bin/c++  -v CMakeFiles/cmTC_f4b67.dir/CMakeCXXCompilerABI.cpp.o -o cmTC_f4b67 
Using built-in specs.
COLLECT_GCC=/usr/bin/c++
COLLECT_LTO_WRAPPER=/usr/lib/gcc/x86_64-linux-gnu/11/lto-wrapper
OFFLOAD_TARGET_NAMES=nvptx-none:amdgcn-amdhsa
OFFLOAD_TARGET_DEFAULT=1
Target: x86_64-linux-gnu
Configured with: ../src/configure -v --with-pkgversion='Ubuntu 11.4.0-1ubuntu1~22.04' --with-bugurl=file:///usr/share/doc/gcc-11/README.Bugs --enable-languages=c,ada,c++,go,brig,d,fortran,objc,obj-c++,m2 --prefix=/usr --with-gcc-major-version-only --program-suffix=-11 --program-prefix=x86_64-linux-gnu- --enable-shared --enable-linker-build-id --libexecdir=/usr/lib --without-included-gettext --enable-threads=posix --libdir=/usr/lib --enable-nls --enable-bootstrap --enable-clocale=gnu --enable-libstdcxx-debug --enable-libstdcxx-time=yes --with-default-libstdcxx-abi=new --enable-gnu-unique-object --disable-vtable-verify --enable-plugin --enable-default-pie --with-system-zlib --enable-libphobos-checking=release --with-target-system-zlib=auto --enable-objc-gc=auto --enable-multiarch --disable-werror --enable-cet --with-arch-32=i686 --with-abi=m64 --with-multilib-list=m32,m64,mx32 --enable-multilib --with-tune=generic --enable-offload-targets=nvptx-none=/build/gcc-11-XeT9lY/gcc-11-11.4.0/debian/tmp-nvptx/usr,amdgcn-amdhsa=/build/gcc-11-XeT9lY/gcc-11-11.4.0/debian/tmp-gcn/usr --without-cuda-driver --enable-checking=release --build=x86_64-linux-gnu --host=x86_64-linux-gnu --target=x86_64-linux-gnu --with-build-config=bootstrap-lto-lean --enable-link-serialization=2
Thread model: posix
Supported LTO compression algorithms: zlib zstd
gcc version 11.4.0 (Ubuntu 11.4.0-1ubuntu1~22.04) 
COMPILER_PATH=/usr/lib/gcc/x86_64-linux-gnu/11/:/usr/lib/gcc/x86_64-linux-gnu/11/:/usr/lib/gcc/x86_64-linux-gnu/:/usr/lib/gcc/x86_64-linux-gnu/11/:/usr/lib/gcc/x86_64-linux-gnu/
LIBRARY_PATH=/usr/lib/gcc/x86_64-linux-gnu/11/:/usr/lib/gcc/x86_64-linux-gnu/11/../../../x86_64-linux-gnu/:/usr/lib/gcc/x86_64-linux-gnu/11/../../../../lib/:/lib/x86_64-linux-gnu/:/lib/../lib/:/usr/lib/x86_64-linux-gnu/:/usr/lib/../lib/:/usr/lib/gcc/x86_64-linux-gnu/11/../../../:/lib/:/usr/lib/
COLLECT_GCC_OPTIONS='-v' '-o' 'cmTC_f4b67' '-shared-libgcc' '-mtune=generic' '-march=x86-64' '-dumpdir' 'cmTC_f4b67.'
 /usr/lib/gcc/x86_64-linux-gnu/11/collect2 -plugin /usr/lib/gcc/x86_64-linux-gnu/11/liblto_plugin.so -plugin-opt=/usr/lib/gcc/x86_64-linux-gnu/11/lto-wrapper -plugin-opt=-fresolution=/tmp/ccN9Mw9Z.res -plugin-opt=-pass-through=-lgcc_s -plugin-opt=-pass-through=-lgcc -plugin-opt=-pass-through=-lc -plugin-opt=-pass-through=-lgcc_s -plugin-opt=-pass-through=-lgcc --build-id --eh-frame-hdr -m elf_x86_64 --hash-style=gnu --as-needed -dynamic-linker /lib64/ld-linux-x86-64.so.2 -pie -z now -z relro -o cmTC_f4b67 /usr/lib/gcc/x86_64-linux-gnu/11/../../../x86_64-linux-gnu/Scrt1.o /usr/lib/gcc/x86_64-linux-gnu/11/../../../x86_64-linux-gnu/crti.o /usr/lib/gcc/x86_64-linux-gnu/11/crtbeginS.o -L/usr/lib/gcc/x86_64-linux-gnu/11 -L/usr/lib/gcc/x86_64-linux-gnu/11/../../../x86_64-linux-gnu -L/usr/lib/gcc/x86_64-linux-gnu/11/../../../../lib -L/lib/x86_64-linux-gnu -L/lib/../lib -L/usr/lib/x86_64-linux-gnu -L/usr/lib/../lib -L/usr/lib/gcc/x86_64-linux-gnu/11/../../.. CMakeFiles/cmTC_f4b67.dir/CMakeCXXCompilerABI.cpp.o -lstdc++ -lm -lgcc_s -lgcc -lc -lgcc_s -lgcc /usr/lib/gcc/x86_64-linux-gnu/11/crtendS.o /usr/lib/gcc/x86_64-linux-gnu/11/../../../x86_64-linux-gnu/crtn.o
COLLECT_GCC_OPTIONS='-v' '-o' 'cmTC_f4b67' '-shared-libgcc' '-mtune=generic' '-march=x86-64' '-dumpdir' 'cmTC_f4b67.'
gmake[1]: Leaving directory '/mnt/c/Users/Michael/Documents/Projects/SAOD/build/CMakeFiles/CMakeTmp'



Parsed CXX implicit include dir info from above output: rv=done
  found start of include info
  found start of implicit include info
    add: [/usr/include/c++/11]
    add: [/usr/include/x86_64-linux-gnu/c++/11]
    add: [/usr/include/c++/11/backward]
    add: [/usr/lib/gcc/x86_64-linux-gnu/11/include]
    add: [/usr/local/include]
    add: [/usr/include/x86_64-linux-gnu]
    add: [/usr/include]
  end of search list found
  collapse include dir [/usr/include/c++/11] ==> [/usr/include/c++/11]
  collapse include dir [/usr/include/x86_64-linux-gnu/c++/11] ==> [/usr/include/x86_64-linux-gnu/c++/11]
  collapse include dir [/usr/include/c++/11/backward] ==> [/usr/include/c++/11/backward]
  collapse include dir [/usr/lib/gcc/x86_64-linux-gnu/11/include] ==> [/usr/lib/gcc/x86_64-linux-gnu/11/include]
  collapse include dir [/usr/local/include] ==> [/usr/local/include]
  collapse include dir [/usr/include/x86_64-linux-gnu] ==> [/usr/include/x86_64-linux-gnu]
  collapse include dir [/usr/include] ==> [/usr/include]
  implicit include dirs: [/usr/include/c++/11;/usr/include/x86_64-linux-gnu/c++/11;/usr/include/c++/11/backward;/usr/lib/gcc/x86_64-linux-gnu/11/include;/usr/local/include;/usr/include/x86_64-linux-gnu;/usr/include]


Parsed CXX implicit link information from above output:
  link line regex: [^( *|.*[/\])(ld|CMAKE_LINK_STARTFILE-NOTFOUND|([^/\]+-)?ld|collect2)[^/\]*( |$)]
  ignore line: [Change Dir: /mnt/c/Users/Michael/Documents/Projects/SAOD/build/CMakeFiles/CMakeTmp]
  ignore line: []
  ignore line: [Run Build Command(s):/usr/bin/gmake -f Makefile cmTC_f4b67/fast && /usr/bin/gmake  -f CMakeFiles/cmTC_f4b67.dir/build.make CMakeFiles/cmTC_f4b67.dir/build]
  ignore line: [gmake[1]: Entering directory '/mnt/c/Users/Michael/Documents/Projects/SAOD/build/CMakeFiles/CMakeTmp']
  ignore line: [Building CXX object CMakeFiles/cmTC_f4b67.dir/CMakeCXXCompilerABI.cpp.o]
  ignore line: [/usr/bin/c++   -v -o CMakeFiles/cmTC_f4b67.dir/CMakeCXXCompilerABI.cpp.o -c /usr/share/cmake-3.22/Modules/CMakeCXXCompilerABI.cpp]
  ignore line: [Using built-in specs.]
  ignore line: [COLLECT_GCC=/usr/bin/c++]
  ignore line: [OFFLOAD_TARGET_NAMES=nvptx-none:amdgcn-amdhsa]
  ignore line: [OFFLOAD_TARGET_DEFAULT=1]
  ignore line: [Target: x86_64-linux-gnu]
  ignore line: [Configured with: ../src/configure -v --with-pkgversion='Ubuntu 11.4.0-1ubuntu1~22.04' --with-bugurl=file:///usr/share/doc/gcc-11/README.Bugs --enable-languages=c ada c++ go brig d fortran objc obj-c++ m2 --prefix=/usr --with-gcc-major-version-only --program-suffix=-11 --program-prefix=x86_64-linux-gnu- --enable-shared --enable-linker-build-id --libexecdir=/usr/lib --without-included-gettext --enable-threads=posix --libdir=/usr/lib --enable-nls --enable-bootstrap --enable-clocale=gnu --enable-libstdcxx-debug --enable-libstdcxx-time=yes --with-default-libstdcxx-abi=new --enable-gnu-unique-object --disable-vtable-verify --enable-plugin --enable-default-pie --with-system-zlib --enable-libphobos-checking=release --with-target-system-zlib=auto --enable-objc-gc=auto --enable-multiarch --disable-werror --enable-cet --with-arch-32=i686 --with-abi=m64 --with-multilib-list=m32 m64 mx32 --enable-multilib --with-tune=generic --enable-offload-targets=nvptx-none=/build/gcc-11-XeT9lY/gcc-11-11.4.0/debian/tmp-nvptx/usr amdgcn-amdhsa=/build/gcc-11-XeT9lY/gcc-11-11.4.0/debian/tmp-gcn/usr --without-cuda-driver --enable-checking=release --build=x86_64-linux-gnu --host=x86_64-linux-gnu --target=x86_64-linux-gnu --with-build-config=bootstrap-lto-lean --enable-link-serialization=2]
  ignore line: [Thread model: posix]
  ignore line: [Supported LTO compression algorithms: zlib zstd]
  ignore line: [gcc version 11.4.0 (Ubuntu 11.4.0-1ubuntu1~22.04) ]
  ignore line: [COLLECT_GCC_OPTIONS='-v' '-o' 'CMakeFiles/cmTC_f4b67.dir/CMakeCXXCompilerABI.cpp.o' '-c' '-shared-libgcc' '-mtune=generic' '-march=x86-64' '-dumpdir' 'CMakeFiles/cmTC_f4b67.dir/']
  ignore line: [ /usr/lib/gcc/x86_64-linux-gnu/11/cc1plus -quiet -v -imultiarch x86_64-linux-gnu -D_GNU_SOURCE /usr/share/cmake-3.22/Modules/CMakeCXXCompilerABI.cpp -quiet -dumpdir CMakeFiles/cmTC_f4b67.dir/ -dumpbase CMakeCXXCompilerABI.cpp.cpp -dumpbase-ext .cpp -mtune=generic -march=x86-64 -version -fasynchronous-unwind-tables -fstack-protector-strong -Wformat -Wformat-security -fstack-clash-protection -fcf-protection -o /tmp/ccXJJht1.s]
  ignore line: [GNU C++17 (Ubuntu 11.4.0-1ubuntu1~22.04) version 11.4.0 (x86_64-linux-gnu)]
  ignore line: [	compiled by GNU C version 11.4.0  GMP version 6.2.1  MPFR version 4.1.0  MPC version 1.2.1  isl version isl-0.24-GMP]
  ignore line: []
  ignore line: [GGC heuristics: --param ggc-min-expand=100 --param ggc-min-heapsize=131072]
  ignore line: [ignoring duplicate directory "/usr/include/x86_64-linux-gnu/c++/11"]
  ignore line: [ignoring nonexistent directory "/usr/local/include/x86_64-linux-gnu"]
  ignore line: [ignoring nonexistent directory "/usr/lib/gcc/x86_64-linux-gnu/11/include-fixed"]
  ignore line: [ignoring nonexistent directory "/usr/lib/gcc/x86_64-linux-gnu/11/../../../../x86_64-linux-gnu/include"]
  ignore line: [#include "..." search starts here:]
  ignore line: [#include <...> search starts here:]
  ignore line: [ /usr/include/c++/11]
  ignore line: [ /usr/include/x86_64-linux-gnu/c++/11]
  ignore line: [ /usr/include/c++/11/backward]
  ignore line: [ /usr/lib/gcc/x86_64-linux-gnu/11/include]
  ignore line: [ /usr/local/include]
  ignore line: [ /usr/include/x86_64-linux-gnu]
  ignore line: [ /usr/include]
  ignore line: [End of search list.]
  ignore line: [GNU C++17 (Ubuntu 11.4.0-1ubuntu1~22.04) version 11.4.0 (x86_64-linux-gnu)]
  ignore line: [	compiled by GNU C version 11.4.0  GMP version 6.2.1  MPFR version 4.1.0  MPC version 1.2.1  isl version isl-0.24-GMP]
  ignore line: []
  ignore line: [GGC heuristics: --param ggc-min-expand=100 --param ggc-min-heapsize=131072]
  ignore line: [Compiler executable checksum: d591828bb4d392ae8b7b160e5bb0b95f]
  ignore line: [COLLECT_GCC_OPTIONS='-v' '-o' 'CMakeFiles/cmTC_f4b67.dir/CMakeCXXCompilerABI.cpp.o' '-c' '-shared-libgcc' '-mtune=generic' '-march=x86-64' '-dumpdir' 'CMakeFiles/cmTC_f4b67.dir/']
  ignore line: [ as -v --64 -o CMakeFiles/cmTC_f4b67.dir/CMakeCXXCompilerABI.cpp.o /tmp/ccXJJht1.s]
  ignore line: [GNU assembler version 2.38 (x86_64-linux-gnu) using BFD version (GNU Binutils for Ubuntu) 2.38]
  ignore line: [COMPILER_PATH=/usr/lib/gcc/x86_64-linux-gnu/11/:/usr/lib/gcc/x86_64-linux-gnu/11/:/usr/lib/gcc/x86_64-linux-gnu/:/usr/lib/gcc/x86_64-linux-gnu/11/:/usr/lib/gcc/x86_64-linux-gnu/]
  ignore line: [LIBRARY_PATH=/usr/lib/gcc/x86_64-linux-gnu/11/:/usr/lib/gcc/x86_64-linux-gnu/11/../../../x86_64-linux-gnu/:/usr/lib/gcc/x86_64-linux-gnu/11/../../../../lib/:/lib/x86_64-linux-gnu/:/lib/../lib/:/usr/lib/x86_64-linux-gnu/:/usr/lib/../lib/:/usr/lib/gcc/x86_64-linux-gnu/11/../../../:/lib/:/usr/lib/]
  ignore line: [COLLECT_GCC_OPTIONS='-v' '-o' 'CMakeFiles/cmTC_f4b67.dir/CMakeCXXCompilerABI.cpp.o' '-c' '-shared-libgcc' '-mtune=generic' '-march=x86-64' '-dumpdir' 'CMakeFiles/cmTC_f4b67.dir/CMakeCXXCompilerABI.cpp.']
  ignore line: [Linking CXX executable cmTC_f4b67]
  ignore line: [/usr/bin/cmake -E cmake_link_script CMakeFiles/cmTC_f4b67.dir/link.txt --verbose=1]
  ignore line: [/usr/bin/c++  -v CMakeFiles/cmTC_f4b67.dir/CMakeCXXCompilerABI.cpp.o -o cmTC_f4b67 ]
  ignore line: [Using built-in specs.]
  ignore line: [COLLECT_GCC=/usr/bin/c++]
  ignore line: [COLLECT_LTO_WRAPPER=/usr/lib/gcc/x86_64-linux-gnu/11/lto-wrapper]
  ignore line: [OFFLOAD_TARGET_NAMES=nvptx-none:amdgcn-amdhsa]
  ignore line: [OFFLOAD_TARGET_DEFAULT=1]
  ignore line: [Target: x86_64-linux-gnu]
  ignore line: [Configured with: ../src/configure -v --with-pkgversion='Ubuntu 11.4.0-1ubuntu1~22.04' --with-bugurl=file:///usr/share/doc/gcc-11/README.Bugs --enable-languages=c ada c++ go brig d fortran objc obj-c++ m2 --prefix=/usr --with-gcc-major-version-only --program-suffix=-11 --program-prefix=x86_64-linux-gnu- --enable-shared --enable-linker-build-id --libexecdir=/usr/lib --without-included-gettext --enable-threads=posix --libdir=/usr/lib --enable-nls --enable-bootstrap --enable-clocale=gnu --enable-libstdcxx-debug --enable-libstdcxx-time=yes --with-default-libstdcxx-abi=new --enable-gnu-unique-object --disable-vtable-verify --enable-plugin --enable-default-pie --with-system-zlib --enable-libphobos-checking=release --with-target-system-zlib=auto --enable-objc-gc=auto --enable-multiarch --disable-werror --enable-cet --with-arch-32=i686 --with-abi=m64 --with-multilib-list=m32 m64 mx32 --enable-multilib --with-tune=generic --enable-offload-targets=nvptx-none=/build/gcc-11-XeT9lY/gcc-11-11.4.0/debian/tmp-nvptx/usr amdgcn-amdhsa=/build/gcc-11-XeT9lY/gcc-11-11.4.0/debian/tmp-gcn/usr --without-cuda-driver --enable-checking=release --build=x86_64-linux-gnu --host=x86_64-linux-gnu --target=x86_64-linux-gnu --with-build-config=bootstrap-lto-lean --enable-link-serialization=2]
  ignore line: [Thread model: posix]
  ignore line: [Supported LTO compression algorithms: zlib zstd]
  ignore line: [gcc version 11.4.0 (Ubuntu 11.4.0-1ubuntu1~22.04) ]
  ignore line: [COMPILER_PATH=/usr/lib/gcc/x86_64-linux-gnu/11/:/usr/lib/gcc/x86_64-linux-gnu/11/:/usr/lib/gcc/x86_64-linux-gnu/:/usr/lib/gcc/x86_64-linux-gnu/11/:/usr/lib/gcc/x86_64-linux-gnu/]
  ignore line: [LIBRARY_PATH=/usr/lib/gcc/x86_64-linux-gnu/11/:/usr/lib/gcc/x86_64-linux-gnu/11/../../../x86_64-linux-gnu/:/usr/lib/gcc/x86_64-linux-gnu/11/../../../../lib/:/lib/x86_64-linux-gnu/:/lib/../lib/:/usr/lib/x86_64-linux-gnu/:/usr/lib/../lib/:/usr/lib/gcc/x86_64-linux-gnu/11/../../../:/lib/:/usr/lib/]
  ignore line: [COLLECT_GCC_OPTIONS='-v' '-o' 'cmTC_f4b67' '-shared-libgcc' '-mtune=generic' '-march=x86-64' '-dumpdir' 'cmTC_f4b67.']
  link line: [ /usr/lib/gcc/x86_64-linux-gnu/11/collect2 -plugin /usr/lib/gcc/x86_64-linux-gnu/11/liblto_plugin.so -plugin-opt=/usr/lib/gcc/x86_64-linux-gnu/11/lto-wrapper -plugin-opt=-fresolution=/tmp/ccN9Mw9Z.res -plugin-opt=-pass-through=-lgcc_s -plugin-opt=-pass-through=-lgcc -plugin-opt=-pass-through=-lc -plugin-opt=-pass-through=-lgcc_s -plugin-opt=-pass-through=-lgcc --build-id --eh-frame-hdr -m elf_x86_64 --hash-style=gnu --as-needed -dynamic-linker /lib64/ld-linux-x86-64.so.2 -pie -z now -z relro -o cmTC_f4b67 /usr/lib/gcc/x86_64-linux-gnu/11/../../../x86_64-linux-gnu/Scrt1.o /usr/lib/gcc/x86_64-linux-gnu/11/../../../x86_64-linux-gnu/crti.o /usr/lib/gcc/x86_64-linux-gnu/11/crtbeginS.o -L/usr/lib/gcc/x86_64-linux-gnu/11 -L/usr/lib/gcc/x86_64-linux-gnu/11/../../../x86_64-linux-gnu -L/usr/lib/gcc/x86_64-linux-gnu/11/../../../../lib -L/lib/x86_64-linux-gnu -L/lib/../lib -L/usr/lib/x86_64-linux-gnu -L/usr/lib/../lib -L/usr/lib/gcc/x86_64-linux-gnu/11/../../.. CMakeFiles/cmTC_f4b67.dir/CMakeCXXCompilerABI.cpp.o -lstdc++ -lm -lgcc_s -lgcc -lc -lgcc_s -lgcc /usr/lib/gcc/x86_64-linux-gnu/11/crtendS.o /usr/lib/gcc/x86_64-linux-gnu/11/../../../x86_64-linux-gnu/crtn.o]
    arg [/usr/lib/gcc/x86_64-linux-gnu/11/collect2] ==> ignore
    arg [-plugin] ==> ignore
    arg [/usr/lib/gcc/x86_64-linux-gnu/11/liblto_plugin.so] ==> ignore
    arg [-plugin-opt=/usr/lib/gcc/x86_64-linux-gnu/11/lto-wrapper] ==> ignore
    arg [-plugin-opt=-fresolution=/tmp/ccN9Mw9Z.res] ==> ignore
    arg [-plugin-opt=-pass-through=-lgcc_s] ==> ignore
    arg [-plugin-opt=-pass-through=-lgcc] ==> ignore
    arg [-plugin-opt=-pass-through=-lc] ==> ignore
    arg [-plugin-opt=-pass-through=-lgcc_s] ==> ignore
    arg [-plugin-opt=-pass-through=-lgcc] ==> ignore
    arg [--build-id] ==> ignore
    arg [--eh-frame-hdr] ==> ignore
    arg [-m] ==> ignore
    arg [elf_x86_64] ==> ignore
    arg [--hash-style=gnu] ==> ignore
    arg [--as-needed] ==> ignore
    arg [-dynamic-linker] ==> ignore
    arg [/lib64/ld-linux-x86-64.so.2] ==> ignore
    arg [-pie] ==> ignore
    arg [-znow] ==> ignore
    arg [-zrelro] ==> ignore
    arg [-o] ==> ignore
    arg [cmTC_f4b67] ==> ignore
    arg [/usr/lib/gcc/x86_64-linux-gnu/11/../../../x86_64-linux-gnu/Scrt1.o] ==> obj [/usr/lib/gcc/x86_64-linux-gnu/11/../../../x86_64-linux-gnu/Scrt1.o]
    arg [/usr/lib/gcc/x86_64-linux-gnu/11/../../../x86_64-linux-gnu/crti.o] ==> obj [/usr/lib/gcc/x86_64-linux-gnu/11/../../../x86_64-linux-gnu/crti.o]
    arg [/usr/lib/gcc/x86_64-linux-gnu/11/crtbeginS.o] ==> obj [/usr/lib/gcc/x86_64-linux-gnu/11/crtbeginS.o]
    arg [-L/usr/lib/gcc/x86_64-linux-gnu/11] ==> dir [/usr/lib/gcc/x86_64-linux-gnu/11]
    arg [-L/usr/lib/gcc/x86_64-linux-gnu/11/../../../x86_64-linux-gnu] ==> dir [/usr/lib/gcc/x86_64-linux-gnu/11/../../../x86_64-linux-gnu]
    arg [-L/usr/lib/gcc/x86_64-linux-gnu/11/../../../../lib] ==> dir [/usr/lib/gcc/x86_64-linux-gnu/11/../../../../lib]
    arg [-L/lib/x86_64-linux-gnu] ==> dir [/lib/x86_64-linux-gnu]
    arg [-L/lib/../lib] ==> dir [/lib/../lib]
    arg [-L/usr/lib/x86_64-linux-gnu] ==> dir [/usr/lib/x86_64-linux-gnu]
    arg [-L/usr/lib/../lib] ==> dir [/usr/lib/../lib]
    arg [-L/usr/lib/gcc/x86_64-linux-gnu/11/../../..] ==> dir [/usr/lib/gcc/x86_64-linux-gnu/11/../../..]
    arg [CMakeFiles/cmTC_f4b67.dir/CMakeCXXCompilerABI.cpp.o] ==> ignore
    arg [-lstdc++] ==> lib [stdc++]
    arg [-lm] ==> lib [m]
    arg [-lgcc_s] ==> lib [gcc_s]
    arg [-lgcc] ==> lib [gcc]
    arg [-lc] ==> lib [c]
    arg [-lgcc_s] ==> lib [gcc_s]
    arg [-lgcc] ==> lib [gcc]
    arg [/usr/lib/gcc/x86_64-linux-gnu/11/crtendS.o] ==> obj [/usr/lib/gcc/x86_64-linux-gnu/11/crtendS.o]
    arg [/usr/lib/gcc/x86_64-linux-gnu/11/../../../x86_64-linux-gnu/crtn.o] ==> obj [/usr/lib/gcc/x86_64-linux-gnu/11/../../../x86_64-linux-gnu/crtn.o]
  collapse obj [/usr/lib/gcc/x86_64-linux-gnu/11/../../../x86_64-linux-gnu/Scrt1.o] ==> [/usr/lib/x86_64-linux-gnu/Scrt1.o]
  collapse obj [/usr/lib/gcc/x86_64-linux-gnu/11/../../../x86_64-linux-gnu/crti.o] ==> [/usr/lib/x86_64-linux-gnu/crti.o]
  collapse obj [/usr/lib/gcc/x86_64-linux-gnu/11/../../../x86_64-linux-gnu/crtn.o] ==> [/usr/lib/x86_64-linux-gnu/crtn.o]
  collapse library dir [/usr/lib/gcc/x86_64-linux-gnu/11] ==> [/usr/lib/gcc/x86_64-linux-gnu/11]
  collapse library dir [/usr/lib/gcc/x86_64-linux-gnu/11/../../../x86_64-linux-gnu] ==> [/usr/lib/x86_64-linux-gnu]
  collapse library dir [/usr/lib/gcc/x86_64-linux-gnu/11/../../../../lib] ==> [/usr/lib]
  collapse library dir [/lib/x86_64-linux-gnu] ==> [/lib/x86_64-linux-gnu]
  collapse library dir [/lib/../lib] ==> [/lib]
  collapse library dir [/usr/lib/x86_64-linux-gnu] ==> [/usr/lib/x86_64-linux-gnu]
  collapse library dir [/usr/lib/../lib] ==> [/usr/lib]
  collapse library dir [/usr/lib/gcc/x86_64-linux-gnu/11/../../..] ==> [/usr/lib]
  implicit libs: [stdc++;m;gcc_s;gcc;c;gcc_s;gcc]
  implicit objs: [/usr/lib/x86_64-linux-gnu/Scrt1.o;/usr/lib/x86_64-linux-gnu/crti.o;/usr/lib/gcc/x86_64-linux-gnu/11/crtbeginS.o;/usr/lib/gcc/x86_64-linux-gnu/11/crtendS.o;/usr/lib/x86_64-linux-gnu/crtn.o]
  implicit dirs: [/usr/lib/gcc/x86_64-linux-gnu/11;/usr/lib/x86_64-linux-gnu;/usr/lib;/lib/x86_64-linux-gnu;/lib]
  implicit fwks: []


Performing C SOURCE FILE Test HAVE_GCC_WALL succeeded with the following output:
Change Dir: /mnt/c/Users/Michael/Documents/Projects/SAOD/build/CMakeFiles/CMakeTmp

Run Build Command(s):/usr/bin/gmake -f Makefile cmTC_e0833/fast && /usr/bin/gmake  -f CMakeFiles/cmTC_e0833.dir/build.make CMakeFiles/cmTC_e0833.dir/build
gmake[1]: Entering directory '/mnt/c/Users/Michael/Documents/Projects/SAOD/build/CMakeFiles/CMakeTmp'
Building C object CMakeFiles/cmTC_e0833.dir/src.c.o
/usr/bin/cc -DHAVE_GCC_WALL  -D_GNU_SOURCE=1   -Wall -o CMakeFiles/cmTC_e0833.dir/src.c.o -c /mnt/c/Users/Michael/Documents/Projects/SAOD/build/CMakeFiles/CMakeTmp/src.c
Linking C executable cmTC_e0833
/usr/bin/cmake -E cmake_link_script CMakeFiles/cmTC_e0833.dir/link.txt --verbose=1
/usr/bin/cc   -D_GNU_SOURCE=1 CMakeFiles/cmTC_e0833.dir/src.c.o -o cmTC_e0833 
gmake[1]: Leaving directory '/mnt/c/Users/Michael/Documents/Projects/SAOD/build/CMakeFiles/CMakeTmp'


Source file was:
int main(void) { return 0; }
Performing C SOURCE FILE Test HAVE_GCC_WUNDEF succeeded with the following output:
Change Dir: /mnt/c/Users/Michael/Documents/Projects/SAOD/build/CMakeFiles/CMakeTmp

Run Build Command(s):/usr/bin/gmake -f Makefile cmTC_b8151/fast && /usr/bin/gmake  -f CMakeFiles/cmTC_b8151.dir/build.make CMakeFiles/cmTC_b8151.dir/build
gmake[1]: Entering directory '/mnt/c/Users/Michael/Documents/Projects/SAOD/build/CMakeFiles/CMakeTmp'
Building C object CMakeFiles/cmTC_b8151.dir/src.c.o
/usr/bin/cc -DHAVE_GCC_WUNDEF  -D_GNU_SOURCE=1   -Wundef -o CMakeFiles/cmTC_b8151.dir/src.c.o -c /mnt/c/Users/Michael/Documents/Projects/SAOD/build/CMakeFiles/CMakeTmp/src.c
Linking C executable cmTC_b8151
/usr/bin/cmake -E cmake_link_script CMakeFiles/cmTC_b8151.dir/link.txt --verbose=1
/usr/bin/cc   -D_GNU_SOURCE=1 CMakeFiles/cmTC_b8151.dir/src.c.o -o cmTC_b8151 
gmake[1]: Leaving directory '/mnt/c/Users/Michael/Documents/Projects/SAOD/build/CMakeFiles/CMakeTmp'


Source file was:
int main(void) { return 0; }
Performing C SOURCE FILE Test HAVE_GCC_WFLOAT_CONVERSION succeeded with the following output:
Change Dir: /mnt/c/Users/Michael/Documents/Projects/SAOD/build/CMakeFiles/CMakeTmp

Run Build Command(s):/usr/bin/gmake -f Makefile cmTC_63ea7/fast && /usr/bin/gmake  -f CMakeFiles/cmTC_63ea7.dir/build.make CMakeFiles/cmTC_63ea7.dir/build
gmake[1]: Entering directory '/mnt/c/Users/Michael/Documents/Projects/SAOD/build/CMakeFiles/CMakeTmp'
Building C object CMakeFiles/cmTC_63ea7.dir/src.c.o
/usr/bin/cc -DHAVE_GCC_WFLOAT_CONVERSION  -D_GNU_SOURCE=1   -Wfloat-conversion -o CMakeFiles/cmTC_63ea7.dir/src.c.o -c /mnt/c/Users/Michael/Documents/Projects/SAOD/build/CMakeFiles/CMakeTmp/src.c
Linking C executable cmTC_63ea7
/usr/bin/cmake -E cmake_link_script CMakeFiles/cmTC_63ea7.dir/link.txt --verbose=1
/usr/bin/cc   -D_GNU_SOURCE=1 CMakeFiles/cmTC_63ea7.dir/src.c.o -o cmTC_63ea7 
gmake[1]: Leaving directory '/mnt/c/Users/Michael/Documents/Projects/SAOD/build/CMakeFiles/CMakeTmp'


Source file was:
int main(void) { return 0; }
Performing C SOURCE FILE Test HAVE_GCC_NO_STRICT_ALIASING succeeded with the following output:
Change Dir: /mnt/c/Users/Michael/Documents/Projects/SAOD/build/CMakeFiles/CMakeTmp

Run Build Command(s):/usr/bin/gmake -f Makefile cmTC_7e2b2/fast && /usr/bin/gmake  -f CMakeFiles/cmTC_7e2b2.dir/build.make CMakeFiles/cmTC_7e2b2.dir/build
gmake[1]: Entering directory '/mnt/c/Users/Michael/Documents/Projects/SAOD/build/CMakeFiles/CMakeTmp'
Building C object CMakeFiles/cmTC_7e2b2.dir/src.c.o
/usr/bin/cc -DHAVE_GCC_NO_STRICT_ALIASING  -D_GNU_SOURCE=1   -fno-strict-aliasing -o CMakeFiles/cmTC_7e2b2.dir/src.c.o -c /mnt/c/Users/Michael/Documents/Projects/SAOD/build/CMakeFiles/CMakeTmp/src.c
Linking C executable cmTC_7e2b2
/usr/bin/cmake -E cmake_link_script CMakeFiles/cmTC_7e2b2.dir/link.txt --verbose=1
/usr/bin/cc   -D_GNU_SOURCE=1 CMakeFiles/cmTC_7e2b2.dir/src.c.o -o cmTC_7e2b2 
gmake[1]: Leaving directory '/mnt/c/Users/Michael/Documents/Projects/SAOD/build/CMakeFiles/CMakeTmp'


Source file was:
int main(void) { return 0; }
Performing C SOURCE FILE Test HAVE_GCC_WSHADOW succeeded with the following output:
Change Dir: /mnt/c/Users/Michael/Documents/Projects/SAOD/build/CMakeFiles/CMakeTmp

Run Build Command(s):/usr/bin/gmake -f Makefile cmTC_d5a7e/fast && /usr/bin/gmake  -f CMakeFiles/cmTC_d5a7e.dir/build.make CMakeFiles/cmTC_d5a7e.dir/build
gmake[1]: Entering directory '/mnt/c/Users/Michael/Documents/Projects/SAOD/build/CMakeFiles/CMakeTmp'
Building C object CMakeFiles/cmTC_d5a7e.dir/src.c.o
/usr/bin/cc -DHAVE_GCC_WSHADOW  -D_GNU_SOURCE=1   -Wshadow -o CMakeFiles/cmTC_d5a7e.dir/src.c.o -c /mnt/c/Users/Michael/Documents/Projects/SAOD/build/CMakeFiles/CMakeTmp/src.c
Linking C executable cmTC_d5a7e
/usr/bin/cmake -E cmake_link_script CMakeFiles/cmTC_d5a7e.dir/link.txt --verbose=1
/usr/bin/cc   -D_GNU_SOURCE=1 CMakeFiles/cmTC_d5a7e.dir/src.c.o -o cmTC_d5a7e 
gmake[1]: Leaving directory '/mnt/c/Users/Michael/Documents/Projects/SAOD/build/CMakeFiles/CMakeTmp'


Source file was:
int main(void) { return 0; }
Performing C SOURCE FILE Test HAVE_GCC_WUNUSED_LOCAL_TYPEDEFS succeeded with the following output:
Change Dir: /mnt/c/Users/Michael/Documents/Projects/SAOD/build/CMakeFiles/CMakeTmp

Run Build Command(s):/usr/bin/gmake -f Makefile cmTC_ea6c9/fast && /usr/bin/gmake  -f CMakeFiles/cmTC_ea6c9.dir/build.make CMakeFiles/cmTC_ea6c9.dir/build
gmake[1]: Entering directory '/mnt/c/Users/Michael/Documents/Projects/SAOD/build/CMakeFiles/CMakeTmp'
Building C object CMakeFiles/cmTC_ea6c9.dir/src.c.o
/usr/bin/cc -DHAVE_GCC_WUNUSED_LOCAL_TYPEDEFS  -D_GNU_SOURCE=1   -Wunused-local-typedefs -o CMakeFiles/cmTC_ea6c9.dir/src.c.o -c /mnt/c/Users/Michael/Documents/Projects/SAOD/build/CMakeFiles/CMakeTmp/src.c
Linking C executable cmTC_ea6c9
/usr/bin/cmake -E cmake_link_script CMakeFiles/cmTC_ea6c9.dir/link.txt --verbose=1
/usr/bin/cc   -D_GNU_SOURCE=1 CMakeFiles/cmTC_ea6c9.dir/src.c.o -o cmTC_ea6c9 
gmake[1]: Leaving directory '/mnt/c/Users/Michael/Documents/Projects/SAOD/build/CMakeFiles/CMakeTmp'


Source file was:
int main(void) { return 0; }
Performing C SOURCE FILE Test HAVE_GCC_WIMPLICIT_FALLTHROUGH succeeded with the following output:
Change Dir: /mnt/c/Users/Michael/Documents/Projects/SAOD/build/CMakeFiles/CMakeTmp

Run Build Command(s):/usr/bin/gmake -f Makefile cmTC_54908/fast && /usr/bin/gmake  -f CMakeFiles/cmTC_54908.dir/build.make CMakeFiles/cmTC_54908.dir/build
gmake[1]: Entering directory '/mnt/c/Users/Michael/Documents/Projects/SAOD/build/CMakeFiles/CMakeTmp'
Building C object CMakeFiles/cmTC_54908.dir/src.c.o
/usr/bin/cc -DHAVE_GCC_WIMPLICIT_FALLTHROUGH  -D_GNU_SOURCE=1   -Wimplicit-fallthrough -o CMakeFiles/cmTC_54908.dir/src.c.o -c /mnt/c/Users/Michael/Documents/Projects/SAOD/build/CMakeFiles/CMakeTmp/src.c
Linking C executable cmTC_54908
/usr/bin/cmake -E cmake_link_script CMakeFiles/cmTC_54908.dir/link.txt --verbose=1
/usr/bin/cc   -D_GNU_SOURCE=1 CMakeFiles/cmTC_54908.dir/src.c.o -o cmTC_54908 
gmake[1]: Leaving directory '/mnt/c/Users/Michael/Documents/Projects/SAOD/build/CMakeFiles/CMakeTmp'


Source file was:
int main(void) { return 0; }
Performing C SOURCE FILE Test COMPILER_SUPPORTS_FDIAGNOSTICS_COLOR_ALWAYS succeeded with the following output:
Change Dir: /mnt/c/Users/Michael/Documents/Projects/SAOD/build/CMakeFiles/CMakeTmp

Run Build Command(s):/usr/bin/gmake -f Makefile cmTC_12750/fast && /usr/bin/gmake  -f CMakeFiles/cmTC_12750.dir/build.make CMakeFiles/cmTC_12750.dir/build
gmake[1]: Entering directory '/mnt/c/Users/Michael/Documents/Projects/SAOD/build/CMakeFiles/CMakeTmp'
Building C object CMakeFiles/cmTC_12750.dir/src.c.o
/usr/bin/cc -DCOMPILER_SUPPORTS_FDIAGNOSTICS_COLOR_ALWAYS  -D_GNU_SOURCE=1   -fdiagnostics-color=always -o CMakeFiles/cmTC_12750.dir/src.c.o -c /mnt/c/Users/Michael/Documents/Projects/SAOD/build/CMakeFiles/CMakeTmp/src.c
Linking C executable cmTC_12750
/usr/bin/cmake -E cmake_link_script CMakeFiles/cmTC_12750.dir/link.txt --verbose=1
/usr/bin/cc   -D_GNU_SOURCE=1 CMakeFiles/cmTC_12750.dir/src.c.o -o cmTC_12750 
gmake[1]: Leaving directory '/mnt/c/Users/Michael/Documents/Projects/SAOD/build/CMakeFiles/CMakeTmp'


Source file was:
int main(void) { return 0; }
Determining if the __GLIBC__ exist passed with the following output:
Change Dir: /mnt/c/Users/Michael/Documents/Projects/SAOD/build/CMakeFiles/CMakeTmp

Run Build Command(s):/usr/bin/gmake -f Makefile cmTC_a3c1c/fast && /usr/bin/gmake  -f CMakeFiles/cmTC_a3c1c.dir/build.make CMakeFiles/cmTC_a3c1c.dir/build
gmake[1]: Entering directory '/mnt/c/Users/Michael/Documents/Projects/SAOD/build/CMakeFiles/CMakeTmp'
Building C object CMakeFiles/cmTC_a3c1c.dir/CheckSymbolExists.c.o
/usr/bin/cc   -D_GNU_SOURCE=1 -o CMakeFiles/cmTC_a3c1c.dir/CheckSymbolExists.c.o -c /mnt/c/Users/Michael/Documents/Projects/SAOD/build/CMakeFiles/CMakeTmp/CheckSymbolExists.c
Linking C executable cmTC_a3c1c
/usr/bin/cmake -E cmake_link_script CMakeFiles/cmTC_a3c1c.dir/link.txt --verbose=1
/usr/bin/cc   -D_GNU_SOURCE=1 CMakeFiles/cmTC_a3c1c.dir/CheckSymbolExists.c.o -o cmTC_a3c1c 
gmake[1]: Leaving directory '/mnt/c/Users/Michael/Documents/Projects/SAOD/build/CMakeFiles/CMakeTmp'


File /mnt/c/Users/Michael/Documents/Projects/SAOD/build/CMakeFiles/CMakeTmp/CheckSymbolExists.c:
/* */
#include <stdlib.h>

int main(int argc, char** argv)
{
  (void)argv;
#ifndef __GLIBC__
  return ((int*)(&__GLIBC__))[argc];
#else
  (void)argc;
  return 0;
#endif
}
Performing C SOURCE FILE Test LINKER_SUPPORTS_VERSION_SCRIPT succeeded with the following output:
Change Dir: /mnt/c/Users/Michael/Documents/Projects/SAOD/build/CMakeFiles/CMakeTmp

Run Build Command(s):/usr/bin/gmake -f Makefile cmTC_9b945/fast && /usr/bin/gmake  -f CMakeFiles/cmTC_9b945.dir/build.make CMakeFiles/cmTC_9b945.dir/build
gmake[1]: Entering directory '/mnt/c/Users/Michael/Documents/Projects/SAOD/build/CMakeFiles/CMakeTmp'
Building C object CMakeFiles/cmTC_9b945.dir/src.c.o
/usr/bin/cc -DLINKER_SUPPORTS_VERSION_SCRIPT   -o CMakeFiles/cmTC_9b945.dir/src.c.o -c /mnt/c/Users/Michael/Documents/Projects/SAOD/build/CMakeFiles/CMakeTmp/src.c
Linking C executable cmTC_9b945
/usr/bin/cmake -E cmake_link_script CMakeFiles/cmTC_9b945.dir/link.txt --verbose=1
/usr/bin/cc -Wl,--version-script=/mnt/c/Users/Michael/Documents/Projects/SAOD/build/vendored/SDL/CMakeFiles/dummy.sym CMakeFiles/cmTC_9b945.dir/src.c.o -o cmTC_9b945 
gmake[1]: Leaving directory '/mnt/c/Users/Michael/Documents/Projects/SAOD/build/CMakeFiles/CMakeTmp'


Source file was:
int func(void) {return 0;} int main(int argc,char*argv[]){(void)argc;(void)argv;return func();}
Performing C SOURCE FILE Test COMPILER_SUPPORTS_GCC_ATOMICS succeeded with the following output:
Change Dir: /mnt/c/Users/Michael/Documents/Projects/SAOD/build/CMakeFiles/CMakeTmp

Run Build Command(s):/usr/bin/gmake -f Makefile cmTC_8659c/fast && /usr/bin/gmake  -f CMakeFiles/cmTC_8659c.dir/build.make CMakeFiles/cmTC_8659c.dir/build
gmake[1]: Entering directory '/mnt/c/Users/Michael/Documents/Projects/SAOD/build/CMakeFiles/CMakeTmp'
Building C object CMakeFiles/cmTC_8659c.dir/src.c.o
/usr/bin/cc -DCOMPILER_SUPPORTS_GCC_ATOMICS  -D_GNU_SOURCE=1 -o CMakeFiles/cmTC_8659c.dir/src.c.o -c /mnt/c/Users/Michael/Documents/Projects/SAOD/build/CMakeFiles/CMakeTmp/src.c
Linking C executable cmTC_8659c
/usr/bin/cmake -E cmake_link_script CMakeFiles/cmTC_8659c.dir/link.txt --verbose=1
/usr/bin/cc   -D_GNU_SOURCE=1 CMakeFiles/cmTC_8659c.dir/src.c.o -o cmTC_8659c 
gmake[1]: Leaving directory '/mnt/c/Users/Michael/Documents/Projects/SAOD/build/CMakeFiles/CMakeTmp'


Source file was:
int main(int argc, char **argv) {
        int a;
        void *x, *y, *z;
        __sync_lock_test_and_set(&a, 4);
        __sync_lock_test_and_set(&x, y);
        __sync_fetch_and_add(&a, 1);
        __sync_bool_compare_and_swap(&a, 5, 10);
        __sync_bool_compare_and_swap(&x, y, z);
        return 0; }
Performing C SOURCE FILE Test HAVE_GCC_FVISIBILITY succeeded with the following output:
Change Dir: /mnt/c/Users/Michael/Documents/Projects/SAOD/build/CMakeFiles/CMakeTmp

Run Build Command(s):/usr/bin/gmake -f Makefile cmTC_b9d2b/fast && /usr/bin/gmake  -f CMakeFiles/cmTC_b9d2b.dir/build.make CMakeFiles/cmTC_b9d2b.dir/build
gmake[1]: Entering directory '/mnt/c/Users/Michael/Documents/Projects/SAOD/build/CMakeFiles/CMakeTmp'
Building C object CMakeFiles/cmTC_b9d2b.dir/src.c.o
/usr/bin/cc -DHAVE_GCC_FVISIBILITY  -D_GNU_SOURCE=1 -fvisibility=hidden -Werror -o CMakeFiles/cmTC_b9d2b.dir/src.c.o -c /mnt/c/Users/Michael/Documents/Projects/SAOD/build/CMakeFiles/CMakeTmp/src.c
Linking C executable cmTC_b9d2b
/usr/bin/cmake -E cmake_link_script CMakeFiles/cmTC_b9d2b.dir/link.txt --verbose=1
/usr/bin/cc   -D_GNU_SOURCE=1 -fvisibility=hidden -Werror CMakeFiles/cmTC_b9d2b.dir/src.c.o -o cmTC_b9d2b 
gmake[1]: Leaving directory '/mnt/c/Users/Michael/Documents/Projects/SAOD/build/CMakeFiles/CMakeTmp'


Source file was:

      #if !defined(__GNUC__) || __GNUC__ < 4
      #error SDL only uses visibility attributes in GCC 4 or newer
      #endif
      __attribute__((visibility("default"))) int foo(void);
      __attribute__((visibility("hidden")))  int bar(void);
      int foo(void) { return 0; }
      int bar(void) { return 1; }
      int main(void) { return 0; }
Performing C SOURCE FILE Test LINKER_SUPPORTS_WL_NO_UNDEFINED succeeded with the following output:
Change Dir: /mnt/c/Users/Michael/Documents/Projects/SAOD/build/CMakeFiles/CMakeTmp

Run Build Command(s):/usr/bin/gmake -f Makefile cmTC_8bed3/fast && /usr/bin/gmake  -f CMakeFiles/cmTC_8bed3.dir/build.make CMakeFiles/cmTC_8bed3.dir/build
gmake[1]: Entering directory '/mnt/c/Users/Michael/Documents/Projects/SAOD/build/CMakeFiles/CMakeTmp'
Building C object CMakeFiles/cmTC_8bed3.dir/src.c.o
/usr/bin/cc -DLINKER_SUPPORTS_WL_NO_UNDEFINED  -D_GNU_SOURCE=1 -o CMakeFiles/cmTC_8bed3.dir/src.c.o -c /mnt/c/Users/Michael/Documents/Projects/SAOD/build/CMakeFiles/CMakeTmp/src.c
Linking C executable cmTC_8bed3
/usr/bin/cmake -E cmake_link_script CMakeFiles/cmTC_8bed3.dir/link.txt --verbose=1
/usr/bin/cc   -D_GNU_SOURCE=1 -Wl,--no-undefined CMakeFiles/cmTC_8bed3.dir/src.c.o -o cmTC_8bed3 
gmake[1]: Leaving directory '/mnt/c/Users/Michael/Documents/Projects/SAOD/build/CMakeFiles/CMakeTmp'


Source file was:
int main() { return 0; }
Performing C SOURCE FILE Test COMPILER_SUPPORTS_MMX succeeded with the following output:
Change Dir: /mnt/c/Users/Michael/Documents/Projects/SAOD/build/CMakeFiles/CMakeTmp

Run Build Command(s):/usr/bin/gmake -f Makefile cmTC_2180e/fast && /usr/bin/gmake  -f CMakeFiles/cmTC_2180e.dir/build.make CMakeFiles/cmTC_2180e.dir/build
gmake[1]: Entering directory '/mnt/c/Users/Michael/Documents/Projects/SAOD/build/CMakeFiles/CMakeTmp'
Building C object CMakeFiles/cmTC_2180e.dir/src.c.o
/usr/bin/cc -DCOMPILER_SUPPORTS_MMX  -D_GNU_SOURCE=1 -mmmx -o CMakeFiles/cmTC_2180e.dir/src.c.o -c /mnt/c/Users/Michael/Documents/Projects/SAOD/build/CMakeFiles/CMakeTmp/src.c
Linking C executable cmTC_2180e
/usr/bin/cmake -E cmake_link_script CMakeFiles/cmTC_2180e.dir/link.txt --verbose=1
/usr/bin/cc   -D_GNU_SOURCE=1 -mmmx CMakeFiles/cmTC_2180e.dir/src.c.o -o cmTC_2180e 
gmake[1]: Leaving directory '/mnt/c/Users/Michael/Documents/Projects/SAOD/build/CMakeFiles/CMakeTmp'


Source file was:

      #include <mmintrin.h>
      void ints_add(int *dest, int *a, int *b, unsigned size) {
        for (; size >= 2; size -= 2, dest += 2, a += 2, b += 2) {
          *(__m64*)dest = _mm_add_pi32(*(__m64*)a, *(__m64*)b);
        }
      }
      int main(int argc, char *argv[]) {
        ints_add((int*)0, (int*)0, (int*)0, 0);
        return 0;
      }
Performing C SOURCE FILE Test COMPILER_SUPPORTS_SSE succeeded with the following output:
Change Dir: /mnt/c/Users/Michael/Documents/Projects/SAOD/build/CMakeFiles/CMakeTmp

Run Build Command(s):/usr/bin/gmake -f Makefile cmTC_537ce/fast && /usr/bin/gmake  -f CMakeFiles/cmTC_537ce.dir/build.make CMakeFiles/cmTC_537ce.dir/build
gmake[1]: Entering directory '/mnt/c/Users/Michael/Documents/Projects/SAOD/build/CMakeFiles/CMakeTmp'
Building C object CMakeFiles/cmTC_537ce.dir/src.c.o
/usr/bin/cc -DCOMPILER_SUPPORTS_SSE  -D_GNU_SOURCE=1 -msse -o CMakeFiles/cmTC_537ce.dir/src.c.o -c /mnt/c/Users/Michael/Documents/Projects/SAOD/build/CMakeFiles/CMakeTmp/src.c
Linking C executable cmTC_537ce
/usr/bin/cmake -E cmake_link_script CMakeFiles/cmTC_537ce.dir/link.txt --verbose=1
/usr/bin/cc   -D_GNU_SOURCE=1 -msse CMakeFiles/cmTC_537ce.dir/src.c.o -o cmTC_537ce 
gmake[1]: Leaving directory '/mnt/c/Users/Michael/Documents/Projects/SAOD/build/CMakeFiles/CMakeTmp'


Source file was:

      #include <xmmintrin.h>
      void floats_add(float *dest, float *a, float *b, unsigned size) {
        for (; size >= 4; size -= 4, dest += 4, a += 4, b += 4) {
          _mm_storeu_ps(dest, _mm_add_ps(_mm_loadu_ps(a), _mm_loadu_ps (b)));
        }
      }
      int main(int argc, char **argv) {
        floats_add((float*)0, (float*)0, (float*)0, 0);
        return 0;
      }
Performing C SOURCE FILE Test COMPILER_SUPPORTS_SSE2 succeeded with the following output:
Change Dir: /mnt/c/Users/Michael/Documents/Projects/SAOD/build/CMakeFiles/CMakeTmp

Run Build Command(s):/usr/bin/gmake -f Makefile cmTC_870d6/fast && /usr/bin/gmake  -f CMakeFiles/cmTC_870d6.dir/build.make CMakeFiles/cmTC_870d6.dir/build
gmake[1]: Entering directory '/mnt/c/Users/Michael/Documents/Projects/SAOD/build/CMakeFiles/CMakeTmp'
Building C object CMakeFiles/cmTC_870d6.dir/src.c.o
/usr/bin/cc -DCOMPILER_SUPPORTS_SSE2  -D_GNU_SOURCE=1 -msse2 -o CMakeFiles/cmTC_870d6.dir/src.c.o -c /mnt/c/Users/Michael/Documents/Projects/SAOD/build/CMakeFiles/CMakeTmp/src.c
Linking C executable cmTC_870d6
/usr/bin/cmake -E cmake_link_script CMakeFiles/cmTC_870d6.dir/link.txt --verbose=1
/usr/bin/cc   -D_GNU_SOURCE=1 -msse2 CMakeFiles/cmTC_870d6.dir/src.c.o -o cmTC_870d6 
gmake[1]: Leaving directory '/mnt/c/Users/Michael/Documents/Projects/SAOD/build/CMakeFiles/CMakeTmp'


Source file was:

      #include <emmintrin.h>
      void doubles_add(double *dest, double *a, double *b, unsigned size) {
        for (; size >= 4; size -= 4, dest += 4, a += 4, b += 4) {
          _mm_store_pd(dest, _mm_add_pd(_mm_loadu_pd(a), _mm_loadu_pd(b)));
        }
      }
      int main(int argc, char **argv) {
        doubles_add((double*)0, (double*)0, (double*)0, 0);
        return 0;
      }
Performing C SOURCE FILE Test COMPILER_SUPPORTS_SSE3 succeeded with the following output:
Change Dir: /mnt/c/Users/Michael/Documents/Projects/SAOD/build/CMakeFiles/CMakeTmp

Run Build Command(s):/usr/bin/gmake -f Makefile cmTC_f0072/fast && /usr/bin/gmake  -f CMakeFiles/cmTC_f0072.dir/build.make CMakeFiles/cmTC_f0072.dir/build
gmake[1]: Entering directory '/mnt/c/Users/Michael/Documents/Projects/SAOD/build/CMakeFiles/CMakeTmp'
Building C object CMakeFiles/cmTC_f0072.dir/src.c.o
/usr/bin/cc -DCOMPILER_SUPPORTS_SSE3  -D_GNU_SOURCE=1 -msse3 -o CMakeFiles/cmTC_f0072.dir/src.c.o -c /mnt/c/Users/Michael/Documents/Projects/SAOD/build/CMakeFiles/CMakeTmp/src.c
Linking C executable cmTC_f0072
/usr/bin/cmake -E cmake_link_script CMakeFiles/cmTC_f0072.dir/link.txt --verbose=1
/usr/bin/cc   -D_GNU_SOURCE=1 -msse3 CMakeFiles/cmTC_f0072.dir/src.c.o -o cmTC_f0072 
gmake[1]: Leaving directory '/mnt/c/Users/Michael/Documents/Projects/SAOD/build/CMakeFiles/CMakeTmp'


Source file was:

      #include <pmmintrin.h>
      void ints_add(int *dest, int *a, int *b, unsigned size) {
        for (; size >= 4; size -= 4, dest += 4, a += 4, b += 4) {
          _mm_storeu_si128((__m128i*)dest, _mm_add_epi32(_mm_lddqu_si128((__m128i*)a), _mm_lddqu_si128((__m128i*)b)));
        }
      }
      int main(int argc, char **argv) {
        ints_add((int*)0, (int*)0, (int*)0, 0);
        return 0;
      }
Performing C SOURCE FILE Test COMPILER_SUPPORTS_SSE4_1 succeeded with the following output:
Change Dir: /mnt/c/Users/Michael/Documents/Projects/SAOD/build/CMakeFiles/CMakeTmp

Run Build Command(s):/usr/bin/gmake -f Makefile cmTC_aae66/fast && /usr/bin/gmake  -f CMakeFiles/cmTC_aae66.dir/build.make CMakeFiles/cmTC_aae66.dir/build
gmake[1]: Entering directory '/mnt/c/Users/Michael/Documents/Projects/SAOD/build/CMakeFiles/CMakeTmp'
Building C object CMakeFiles/cmTC_aae66.dir/src.c.o
/usr/bin/cc -DCOMPILER_SUPPORTS_SSE4_1  -D_GNU_SOURCE=1 -msse4.1 -o CMakeFiles/cmTC_aae66.dir/src.c.o -c /mnt/c/Users/Michael/Documents/Projects/SAOD/build/CMakeFiles/CMakeTmp/src.c
Linking C executable cmTC_aae66
/usr/bin/cmake -E cmake_link_script CMakeFiles/cmTC_aae66.dir/link.txt --verbose=1
/usr/bin/cc   -D_GNU_SOURCE=1 -msse4.1 CMakeFiles/cmTC_aae66.dir/src.c.o -o cmTC_aae66 
gmake[1]: Leaving directory '/mnt/c/Users/Michael/Documents/Projects/SAOD/build/CMakeFiles/CMakeTmp'


Source file was:

      #include <smmintrin.h>
      void ints_mul(int *dest, int *a, int *b, unsigned size) {
        for (; size >= 4; size -= 4, dest += 4, a += 4, b += 4) {
          _mm_storeu_si128((__m128i*)dest, _mm_mullo_epi32(_mm_lddqu_si128((__m128i*)a), _mm_lddqu_si128((__m128i*)b)));
        }
      }
      int main(int argc, char **argv) {
        ints_mul((int*)0, (int*)0, (int*)0, 0);
        return 0;
      }
Performing C SOURCE FILE Test COMPILER_SUPPORTS_SSE4_2 succeeded with the following output:
Change Dir: /mnt/c/Users/Michael/Documents/Projects/SAOD/build/CMakeFiles/CMakeTmp

Run Build Command(s):/usr/bin/gmake -f Makefile cmTC_50536/fast && /usr/bin/gmake  -f CMakeFiles/cmTC_50536.dir/build.make CMakeFiles/cmTC_50536.dir/build
gmake[1]: Entering directory '/mnt/c/Users/Michael/Documents/Projects/SAOD/build/CMakeFiles/CMakeTmp'
Building C object CMakeFiles/cmTC_50536.dir/src.c.o
/usr/bin/cc -DCOMPILER_SUPPORTS_SSE4_2  -D_GNU_SOURCE=1 -msse4.2 -o CMakeFiles/cmTC_50536.dir/src.c.o -c /mnt/c/Users/Michael/Documents/Projects/SAOD/build/CMakeFiles/CMakeTmp/src.c
Linking C executable cmTC_50536
/usr/bin/cmake -E cmake_link_script CMakeFiles/cmTC_50536.dir/link.txt --verbose=1
/usr/bin/cc   -D_GNU_SOURCE=1 -msse4.2 CMakeFiles/cmTC_50536.dir/src.c.o -o cmTC_50536 
gmake[1]: Leaving directory '/mnt/c/Users/Michael/Documents/Projects/SAOD/build/CMakeFiles/CMakeTmp'


Source file was:

      #include <nmmintrin.h>
      unsigned calc_crc32c(const char *text, unsigned len) {
          unsigned crc32c = ~0;
          for (; len >= 4; len -= 4, text += 4) {
            crc32c = (unsigned)_mm_crc32_u32(crc32c, *(unsigned*)text);
          }
          return crc32c;
      }
      int main(int argc, char **argv) {
        calc_crc32c("SDL_SSE4",8);
        return 0;
      }
Performing C SOURCE FILE Test COMPILER_SUPPORTS_AVX succeeded with the following output:
Change Dir: /mnt/c/Users/Michael/Documents/Projects/SAOD/build/CMakeFiles/CMakeTmp

Run Build Command(s):/usr/bin/gmake -f Makefile cmTC_372d4/fast && /usr/bin/gmake  -f CMakeFiles/cmTC_372d4.dir/build.make CMakeFiles/cmTC_372d4.dir/build
gmake[1]: Entering directory '/mnt/c/Users/Michael/Documents/Projects/SAOD/build/CMakeFiles/CMakeTmp'
Building C object CMakeFiles/cmTC_372d4.dir/src.c.o
/usr/bin/cc -DCOMPILER_SUPPORTS_AVX  -D_GNU_SOURCE=1 -mavx -o CMakeFiles/cmTC_372d4.dir/src.c.o -c /mnt/c/Users/Michael/Documents/Projects/SAOD/build/CMakeFiles/CMakeTmp/src.c
Linking C executable cmTC_372d4
/usr/bin/cmake -E cmake_link_script CMakeFiles/cmTC_372d4.dir/link.txt --verbose=1
/usr/bin/cc   -D_GNU_SOURCE=1 -mavx CMakeFiles/cmTC_372d4.dir/src.c.o -o cmTC_372d4 
gmake[1]: Leaving directory '/mnt/c/Users/Michael/Documents/Projects/SAOD/build/CMakeFiles/CMakeTmp'


Source file was:

      #include <immintrin.h>
      void floats_add(float *dest, float *a, float *b, unsigned size) {
        for (; size >= 8; size -= 8, dest += 8, a += 8, b += 8) {
          _mm256_storeu_ps(dest, _mm256_add_ps(_mm256_loadu_ps(a), _mm256_loadu_ps(b)));
        }
      }
      int main(int argc, char **argv) {
        floats_add((float*)0, (float*)0, (float*)0, 0);
        return 0;
      }
Performing C SOURCE FILE Test COMPILER_SUPPORTS_AVX2 succeeded with the following output:
Change Dir: /mnt/c/Users/Michael/Documents/Projects/SAOD/build/CMakeFiles/CMakeTmp

Run Build Command(s):/usr/bin/gmake -f Makefile cmTC_42a3d/fast && /usr/bin/gmake  -f CMakeFiles/cmTC_42a3d.dir/build.make CMakeFiles/cmTC_42a3d.dir/build
gmake[1]: Entering directory '/mnt/c/Users/Michael/Documents/Projects/SAOD/build/CMakeFiles/CMakeTmp'
Building C object CMakeFiles/cmTC_42a3d.dir/src.c.o
/usr/bin/cc -DCOMPILER_SUPPORTS_AVX2  -D_GNU_SOURCE=1 -mavx2 -o CMakeFiles/cmTC_42a3d.dir/src.c.o -c /mnt/c/Users/Michael/Documents/Projects/SAOD/build/CMakeFiles/CMakeTmp/src.c
Linking C executable cmTC_42a3d
/usr/bin/cmake -E cmake_link_script CMakeFiles/cmTC_42a3d.dir/link.txt --verbose=1
/usr/bin/cc   -D_GNU_SOURCE=1 -mavx2 CMakeFiles/cmTC_42a3d.dir/src.c.o -o cmTC_42a3d 
gmake[1]: Leaving directory '/mnt/c/Users/Michael/Documents/Projects/SAOD/build/CMakeFiles/CMakeTmp'


Source file was:

      #include <immintrin.h>
      void ints_add(int *dest, int *a, int *b, unsigned size) {
        for (; size >= 8; size -= 8, dest += 8, a += 8, b += 8) {
          _mm256_storeu_si256((__m256i*)dest, _mm256_add_epi32(_mm256_loadu_si256((__m256i*)a), _mm256_loadu_si256((__m256i*)b)));
        }
      }
      int main(int argc, char **argv) {
        ints_add((int*)0, (int*)0, (int*)0, 0);
        return 0;
      }
Performing C SOURCE FILE Test COMPILER_SUPPORTS_AVX512F succeeded with the following output:
Change Dir: /mnt/c/Users/Michael/Documents/Projects/SAOD/build/CMakeFiles/CMakeTmp

Run Build Command(s):/usr/bin/gmake -f Makefile cmTC_e1559/fast && /usr/bin/gmake  -f CMakeFiles/cmTC_e1559.dir/build.make CMakeFiles/cmTC_e1559.dir/build
gmake[1]: Entering directory '/mnt/c/Users/Michael/Documents/Projects/SAOD/build/CMakeFiles/CMakeTmp'
Building C object CMakeFiles/cmTC_e1559.dir/src.c.o
/usr/bin/cc -DCOMPILER_SUPPORTS_AVX512F  -D_GNU_SOURCE=1 -mavx512f -o CMakeFiles/cmTC_e1559.dir/src.c.o -c /mnt/c/Users/Michael/Documents/Projects/SAOD/build/CMakeFiles/CMakeTmp/src.c
Linking C executable cmTC_e1559
/usr/bin/cmake -E cmake_link_script CMakeFiles/cmTC_e1559.dir/link.txt --verbose=1
/usr/bin/cc   -D_GNU_SOURCE=1 -mavx512f CMakeFiles/cmTC_e1559.dir/src.c.o -o cmTC_e1559 
gmake[1]: Leaving directory '/mnt/c/Users/Michael/Documents/Projects/SAOD/build/CMakeFiles/CMakeTmp'


Source file was:

      #include <immintrin.h>
      void floats_add(float *dest, float *a, float *b, unsigned size) {
        for (; size >= 16; size -= 16, dest += 16, a += 16, b += 16) {
          _mm512_storeu_ps(dest, _mm512_add_ps(_mm512_loadu_ps(a), _mm512_loadu_ps(b)));
        }
      }
      int main(int argc, char **argv) {
        floats_add((float*)0, (float*)0, (float*)0, 0);
        return 0;
      }
Determining if the include file alloca.h exists passed with the following output:
Change Dir: /mnt/c/Users/Michael/Documents/Projects/SAOD/build/CMakeFiles/CMakeTmp

Run Build Command(s):/usr/bin/gmake -f Makefile cmTC_b2fe8/fast && /usr/bin/gmake  -f CMakeFiles/cmTC_b2fe8.dir/build.make CMakeFiles/cmTC_b2fe8.dir/build
gmake[1]: Entering directory '/mnt/c/Users/Michael/Documents/Projects/SAOD/build/CMakeFiles/CMakeTmp'
Building C object CMakeFiles/cmTC_b2fe8.dir/CheckIncludeFile.c.o
/usr/bin/cc   -D_GNU_SOURCE=1 -o CMakeFiles/cmTC_b2fe8.dir/CheckIncludeFile.c.o -c /mnt/c/Users/Michael/Documents/Projects/SAOD/build/CMakeFiles/CMakeTmp/CheckIncludeFile.c
Linking C executable cmTC_b2fe8
/usr/bin/cmake -E cmake_link_script CMakeFiles/cmTC_b2fe8.dir/link.txt --verbose=1
/usr/bin/cc   -D_GNU_SOURCE=1 CMakeFiles/cmTC_b2fe8.dir/CheckIncludeFile.c.o -o cmTC_b2fe8 
gmake[1]: Leaving directory '/mnt/c/Users/Michael/Documents/Projects/SAOD/build/CMakeFiles/CMakeTmp'



Determining if the include file float.h exists passed with the following output:
Change Dir: /mnt/c/Users/Michael/Documents/Projects/SAOD/build/CMakeFiles/CMakeTmp

Run Build Command(s):/usr/bin/gmake -f Makefile cmTC_86bd9/fast && /usr/bin/gmake  -f CMakeFiles/cmTC_86bd9.dir/build.make CMakeFiles/cmTC_86bd9.dir/build
gmake[1]: Entering directory '/mnt/c/Users/Michael/Documents/Projects/SAOD/build/CMakeFiles/CMakeTmp'
Building C object CMakeFiles/cmTC_86bd9.dir/CheckIncludeFile.c.o
/usr/bin/cc   -D_GNU_SOURCE=1 -o CMakeFiles/cmTC_86bd9.dir/CheckIncludeFile.c.o -c /mnt/c/Users/Michael/Documents/Projects/SAOD/build/CMakeFiles/CMakeTmp/CheckIncludeFile.c
Linking C executable cmTC_86bd9
/usr/bin/cmake -E cmake_link_script CMakeFiles/cmTC_86bd9.dir/link.txt --verbose=1
/usr/bin/cc   -D_GNU_SOURCE=1 CMakeFiles/cmTC_86bd9.dir/CheckIncludeFile.c.o -o cmTC_86bd9 
gmake[1]: Leaving directory '/mnt/c/Users/Michael/Documents/Projects/SAOD/build/CMakeFiles/CMakeTmp'



Determining if the include file iconv.h exists passed with the following output:
Change Dir: /mnt/c/Users/Michael/Documents/Projects/SAOD/build/CMakeFiles/CMakeTmp

Run Build Command(s):/usr/bin/gmake -f Makefile cmTC_a8631/fast && /usr/bin/gmake  -f CMakeFiles/cmTC_a8631.dir/build.make CMakeFiles/cmTC_a8631.dir/build
gmake[1]: Entering directory '/mnt/c/Users/Michael/Documents/Projects/SAOD/build/CMakeFiles/CMakeTmp'
Building C object CMakeFiles/cmTC_a8631.dir/CheckIncludeFile.c.o
/usr/bin/cc   -D_GNU_SOURCE=1 -o CMakeFiles/cmTC_a8631.dir/CheckIncludeFile.c.o -c /mnt/c/Users/Michael/Documents/Projects/SAOD/build/CMakeFiles/CMakeTmp/CheckIncludeFile.c
Linking C executable cmTC_a8631
/usr/bin/cmake -E cmake_link_script CMakeFiles/cmTC_a8631.dir/link.txt --verbose=1
/usr/bin/cc   -D_GNU_SOURCE=1 CMakeFiles/cmTC_a8631.dir/CheckIncludeFile.c.o -o cmTC_a8631 
gmake[1]: Leaving directory '/mnt/c/Users/Michael/Documents/Projects/SAOD/build/CMakeFiles/CMakeTmp'



Determining if the include file inttypes.h exists passed with the following output:
Change Dir: /mnt/c/Users/Michael/Documents/Projects/SAOD/build/CMakeFiles/CMakeTmp

Run Build Command(s):/usr/bin/gmake -f Makefile cmTC_8d458/fast && /usr/bin/gmake  -f CMakeFiles/cmTC_8d458.dir/build.make CMakeFiles/cmTC_8d458.dir/build
gmake[1]: Entering directory '/mnt/c/Users/Michael/Documents/Projects/SAOD/build/CMakeFiles/CMakeTmp'
Building C object CMakeFiles/cmTC_8d458.dir/CheckIncludeFile.c.o
/usr/bin/cc   -D_GNU_SOURCE=1 -o CMakeFiles/cmTC_8d458.dir/CheckIncludeFile.c.o -c /mnt/c/Users/Michael/Documents/Projects/SAOD/build/CMakeFiles/CMakeTmp/CheckIncludeFile.c
Linking C executable cmTC_8d458
/usr/bin/cmake -E cmake_link_script CMakeFiles/cmTC_8d458.dir/link.txt --verbose=1
/usr/bin/cc   -D_GNU_SOURCE=1 CMakeFiles/cmTC_8d458.dir/CheckIncludeFile.c.o -o cmTC_8d458 
gmake[1]: Leaving directory '/mnt/c/Users/Michael/Documents/Projects/SAOD/build/CMakeFiles/CMakeTmp'



Determining if the include file limits.h exists passed with the following output:
Change Dir: /mnt/c/Users/Michael/Documents/Projects/SAOD/build/CMakeFiles/CMakeTmp

Run Build Command(s):/usr/bin/gmake -f Makefile cmTC_cb9bd/fast && /usr/bin/gmake  -f CMakeFiles/cmTC_cb9bd.dir/build.make CMakeFiles/cmTC_cb9bd.dir/build
gmake[1]: Entering directory '/mnt/c/Users/Michael/Documents/Projects/SAOD/build/CMakeFiles/CMakeTmp'
Building C object CMakeFiles/cmTC_cb9bd.dir/CheckIncludeFile.c.o
/usr/bin/cc   -D_GNU_SOURCE=1 -o CMakeFiles/cmTC_cb9bd.dir/CheckIncludeFile.c.o -c /mnt/c/Users/Michael/Documents/Projects/SAOD/build/CMakeFiles/CMakeTmp/CheckIncludeFile.c
Linking C executable cmTC_cb9bd
/usr/bin/cmake -E cmake_link_script CMakeFiles/cmTC_cb9bd.dir/link.txt --verbose=1
/usr/bin/cc   -D_GNU_SOURCE=1 CMakeFiles/cmTC_cb9bd.dir/CheckIncludeFile.c.o -o cmTC_cb9bd 
gmake[1]: Leaving directory '/mnt/c/Users/Michael/Documents/Projects/SAOD/build/CMakeFiles/CMakeTmp'



Determining if the include file malloc.h exists passed with the following output:
Change Dir: /mnt/c/Users/Michael/Documents/Projects/SAOD/build/CMakeFiles/CMakeTmp

Run Build Command(s):/usr/bin/gmake -f Makefile cmTC_fbb81/fast && /usr/bin/gmake  -f CMakeFiles/cmTC_fbb81.dir/build.make CMakeFiles/cmTC_fbb81.dir/build
gmake[1]: Entering directory '/mnt/c/Users/Michael/Documents/Projects/SAOD/build/CMakeFiles/CMakeTmp'
Building C object CMakeFiles/cmTC_fbb81.dir/CheckIncludeFile.c.o
/usr/bin/cc   -D_GNU_SOURCE=1 -o CMakeFiles/cmTC_fbb81.dir/CheckIncludeFile.c.o -c /mnt/c/Users/Michael/Documents/Projects/SAOD/build/CMakeFiles/CMakeTmp/CheckIncludeFile.c
Linking C executable cmTC_fbb81
/usr/bin/cmake -E cmake_link_script CMakeFiles/cmTC_fbb81.dir/link.txt --verbose=1
/usr/bin/cc   -D_GNU_SOURCE=1 CMakeFiles/cmTC_fbb81.dir/CheckIncludeFile.c.o -o cmTC_fbb81 
gmake[1]: Leaving directory '/mnt/c/Users/Michael/Documents/Projects/SAOD/build/CMakeFiles/CMakeTmp'



Determining if the include file math.h exists passed with the following output:
Change Dir: /mnt/c/Users/Michael/Documents/Projects/SAOD/build/CMakeFiles/CMakeTmp

Run Build Command(s):/usr/bin/gmake -f Makefile cmTC_4b7c4/fast && /usr/bin/gmake  -f CMakeFiles/cmTC_4b7c4.dir/build.make CMakeFiles/cmTC_4b7c4.dir/build
gmake[1]: Entering directory '/mnt/c/Users/Michael/Documents/Projects/SAOD/build/CMakeFiles/CMakeTmp'
Building C object CMakeFiles/cmTC_4b7c4.dir/CheckIncludeFile.c.o
/usr/bin/cc   -D_GNU_SOURCE=1 -o CMakeFiles/cmTC_4b7c4.dir/CheckIncludeFile.c.o -c /mnt/c/Users/Michael/Documents/Projects/SAOD/build/CMakeFiles/CMakeTmp/CheckIncludeFile.c
Linking C executable cmTC_4b7c4
/usr/bin/cmake -E cmake_link_script CMakeFiles/cmTC_4b7c4.dir/link.txt --verbose=1
/usr/bin/cc   -D_GNU_SOURCE=1 CMakeFiles/cmTC_4b7c4.dir/CheckIncludeFile.c.o -o cmTC_4b7c4 
gmake[1]: Leaving directory '/mnt/c/Users/Michael/Documents/Projects/SAOD/build/CMakeFiles/CMakeTmp'



Determining if the include file memory.h exists passed with the following output:
Change Dir: /mnt/c/Users/Michael/Documents/Projects/SAOD/build/CMakeFiles/CMakeTmp

Run Build Command(s):/usr/bin/gmake -f Makefile cmTC_1cff7/fast && /usr/bin/gmake  -f CMakeFiles/cmTC_1cff7.dir/build.make CMakeFiles/cmTC_1cff7.dir/build
gmake[1]: Entering directory '/mnt/c/Users/Michael/Documents/Projects/SAOD/build/CMakeFiles/CMakeTmp'
Building C object CMakeFiles/cmTC_1cff7.dir/CheckIncludeFile.c.o
/usr/bin/cc   -D_GNU_SOURCE=1 -o CMakeFiles/cmTC_1cff7.dir/CheckIncludeFile.c.o -c /mnt/c/Users/Michael/Documents/Projects/SAOD/build/CMakeFiles/CMakeTmp/CheckIncludeFile.c
Linking C executable cmTC_1cff7
/usr/bin/cmake -E cmake_link_script CMakeFiles/cmTC_1cff7.dir/link.txt --verbose=1
/usr/bin/cc   -D_GNU_SOURCE=1 CMakeFiles/cmTC_1cff7.dir/CheckIncludeFile.c.o -o cmTC_1cff7 
gmake[1]: Leaving directory '/mnt/c/Users/Michael/Documents/Projects/SAOD/build/CMakeFiles/CMakeTmp'



Determining if the include file signal.h exists passed with the following output:
Change Dir: /mnt/c/Users/Michael/Documents/Projects/SAOD/build/CMakeFiles/CMakeTmp

Run Build Command(s):/usr/bin/gmake -f Makefile cmTC_5fd99/fast && /usr/bin/gmake  -f CMakeFiles/cmTC_5fd99.dir/build.make CMakeFiles/cmTC_5fd99.dir/build
gmake[1]: Entering directory '/mnt/c/Users/Michael/Documents/Projects/SAOD/build/CMakeFiles/CMakeTmp'
Building C object CMakeFiles/cmTC_5fd99.dir/CheckIncludeFile.c.o
/usr/bin/cc   -D_GNU_SOURCE=1 -o CMakeFiles/cmTC_5fd99.dir/CheckIncludeFile.c.o -c /mnt/c/Users/Michael/Documents/Projects/SAOD/build/CMakeFiles/CMakeTmp/CheckIncludeFile.c
Linking C executable cmTC_5fd99
/usr/bin/cmake -E cmake_link_script CMakeFiles/cmTC_5fd99.dir/link.txt --verbose=1
/usr/bin/cc   -D_GNU_SOURCE=1 CMakeFiles/cmTC_5fd99.dir/CheckIncludeFile.c.o -o cmTC_5fd99 
gmake[1]: Leaving directory '/mnt/c/Users/Michael/Documents/Projects/SAOD/build/CMakeFiles/CMakeTmp'



Determining if the include file stdarg.h exists passed with the following output:
Change Dir: /mnt/c/Users/Michael/Documents/Projects/SAOD/build/CMakeFiles/CMakeTmp

Run Build Command(s):/usr/bin/gmake -f Makefile cmTC_d4cf8/fast && /usr/bin/gmake  -f CMakeFiles/cmTC_d4cf8.dir/build.make CMakeFiles/cmTC_d4cf8.dir/build
gmake[1]: Entering directory '/mnt/c/Users/Michael/Documents/Projects/SAOD/build/CMakeFiles/CMakeTmp'
Building C object CMakeFiles/cmTC_d4cf8.dir/CheckIncludeFile.c.o
/usr/bin/cc   -D_GNU_SOURCE=1 -o CMakeFiles/cmTC_d4cf8.dir/CheckIncludeFile.c.o -c /mnt/c/Users/Michael/Documents/Projects/SAOD/build/CMakeFiles/CMakeTmp/CheckIncludeFile.c
Linking C executable cmTC_d4cf8
/usr/bin/cmake -E cmake_link_script CMakeFiles/cmTC_d4cf8.dir/link.txt --verbose=1
/usr/bin/cc   -D_GNU_SOURCE=1 CMakeFiles/cmTC_d4cf8.dir/CheckIncludeFile.c.o -o cmTC_d4cf8 
gmake[1]: Leaving directory '/mnt/c/Users/Michael/Documents/Projects/SAOD/build/CMakeFiles/CMakeTmp'



Determining if the include file stdbool.h exists passed with the following output:
Change Dir: /mnt/c/Users/Michael/Documents/Projects/SAOD/build/CMakeFiles/CMakeTmp

Run Build Command(s):/usr/bin/gmake -f Makefile cmTC_9d5ab/fast && /usr/bin/gmake  -f CMakeFiles/cmTC_9d5ab.dir/build.make CMakeFiles/cmTC_9d5ab.dir/build
gmake[1]: Entering directory '/mnt/c/Users/Michael/Documents/Projects/SAOD/build/CMakeFiles/CMakeTmp'
Building C object CMakeFiles/cmTC_9d5ab.dir/CheckIncludeFile.c.o
/usr/bin/cc   -D_GNU_SOURCE=1 -o CMakeFiles/cmTC_9d5ab.dir/CheckIncludeFile.c.o -c /mnt/c/Users/Michael/Documents/Projects/SAOD/build/CMakeFiles/CMakeTmp/CheckIncludeFile.c
Linking C executable cmTC_9d5ab
/usr/bin/cmake -E cmake_link_script CMakeFiles/cmTC_9d5ab.dir/link.txt --verbose=1
/usr/bin/cc   -D_GNU_SOURCE=1 CMakeFiles/cmTC_9d5ab.dir/CheckIncludeFile.c.o -o cmTC_9d5ab 
gmake[1]: Leaving directory '/mnt/c/Users/Michael/Documents/Projects/SAOD/build/CMakeFiles/CMakeTmp'



Determining if the include file stddef.h exists passed with the following output:
Change Dir: /mnt/c/Users/Michael/Documents/Projects/SAOD/build/CMakeFiles/CMakeTmp

Run Build Command(s):/usr/bin/gmake -f Makefile cmTC_c5649/fast && /usr/bin/gmake  -f CMakeFiles/cmTC_c5649.dir/build.make CMakeFiles/cmTC_c5649.dir/build
gmake[1]: Entering directory '/mnt/c/Users/Michael/Documents/Projects/SAOD/build/CMakeFiles/CMakeTmp'
Building C object CMakeFiles/cmTC_c5649.dir/CheckIncludeFile.c.o
/usr/bin/cc   -D_GNU_SOURCE=1 -o CMakeFiles/cmTC_c5649.dir/CheckIncludeFile.c.o -c /mnt/c/Users/Michael/Documents/Projects/SAOD/build/CMakeFiles/CMakeTmp/CheckIncludeFile.c
Linking C executable cmTC_c5649
/usr/bin/cmake -E cmake_link_script CMakeFiles/cmTC_c5649.dir/link.txt --verbose=1
/usr/bin/cc   -D_GNU_SOURCE=1 CMakeFiles/cmTC_c5649.dir/CheckIncludeFile.c.o -o cmTC_c5649 
gmake[1]: Leaving directory '/mnt/c/Users/Michael/Documents/Projects/SAOD/build/CMakeFiles/CMakeTmp'



Determining if the include file stdint.h exists passed with the following output:
Change Dir: /mnt/c/Users/Michael/Documents/Projects/SAOD/build/CMakeFiles/CMakeTmp

Run Build Command(s):/usr/bin/gmake -f Makefile cmTC_6f187/fast && /usr/bin/gmake  -f CMakeFiles/cmTC_6f187.dir/build.make CMakeFiles/cmTC_6f187.dir/build
gmake[1]: Entering directory '/mnt/c/Users/Michael/Documents/Projects/SAOD/build/CMakeFiles/CMakeTmp'
Building C object CMakeFiles/cmTC_6f187.dir/CheckIncludeFile.c.o
/usr/bin/cc   -D_GNU_SOURCE=1 -o CMakeFiles/cmTC_6f187.dir/CheckIncludeFile.c.o -c /mnt/c/Users/Michael/Documents/Projects/SAOD/build/CMakeFiles/CMakeTmp/CheckIncludeFile.c
Linking C executable cmTC_6f187
/usr/bin/cmake -E cmake_link_script CMakeFiles/cmTC_6f187.dir/link.txt --verbose=1
/usr/bin/cc   -D_GNU_SOURCE=1 CMakeFiles/cmTC_6f187.dir/CheckIncludeFile.c.o -o cmTC_6f187 
gmake[1]: Leaving directory '/mnt/c/Users/Michael/Documents/Projects/SAOD/build/CMakeFiles/CMakeTmp'



Determining if the include file stdio.h exists passed with the following output:
Change Dir: /mnt/c/Users/Michael/Documents/Projects/SAOD/build/CMakeFiles/CMakeTmp

Run Build Command(s):/usr/bin/gmake -f Makefile cmTC_aef72/fast && /usr/bin/gmake  -f CMakeFiles/cmTC_aef72.dir/build.make CMakeFiles/cmTC_aef72.dir/build
gmake[1]: Entering directory '/mnt/c/Users/Michael/Documents/Projects/SAOD/build/CMakeFiles/CMakeTmp'
Building C object CMakeFiles/cmTC_aef72.dir/CheckIncludeFile.c.o
/usr/bin/cc   -D_GNU_SOURCE=1 -o CMakeFiles/cmTC_aef72.dir/CheckIncludeFile.c.o -c /mnt/c/Users/Michael/Documents/Projects/SAOD/build/CMakeFiles/CMakeTmp/CheckIncludeFile.c
Linking C executable cmTC_aef72
/usr/bin/cmake -E cmake_link_script CMakeFiles/cmTC_aef72.dir/link.txt --verbose=1
/usr/bin/cc   -D_GNU_SOURCE=1 CMakeFiles/cmTC_aef72.dir/CheckIncludeFile.c.o -o cmTC_aef72 
gmake[1]: Leaving directory '/mnt/c/Users/Michael/Documents/Projects/SAOD/build/CMakeFiles/CMakeTmp'



Determining if the include file stdlib.h exists passed with the following output:
Change Dir: /mnt/c/Users/Michael/Documents/Projects/SAOD/build/CMakeFiles/CMakeTmp

Run Build Command(s):/usr/bin/gmake -f Makefile cmTC_fe7fc/fast && /usr/bin/gmake  -f CMakeFiles/cmTC_fe7fc.dir/build.make CMakeFiles/cmTC_fe7fc.dir/build
gmake[1]: Entering directory '/mnt/c/Users/Michael/Documents/Projects/SAOD/build/CMakeFiles/CMakeTmp'
Building C object CMakeFiles/cmTC_fe7fc.dir/CheckIncludeFile.c.o
/usr/bin/cc   -D_GNU_SOURCE=1 -o CMakeFiles/cmTC_fe7fc.dir/CheckIncludeFile.c.o -c /mnt/c/Users/Michael/Documents/Projects/SAOD/build/CMakeFiles/CMakeTmp/CheckIncludeFile.c
Linking C executable cmTC_fe7fc
/usr/bin/cmake -E cmake_link_script CMakeFiles/cmTC_fe7fc.dir/link.txt --verbose=1
/usr/bin/cc   -D_GNU_SOURCE=1 CMakeFiles/cmTC_fe7fc.dir/CheckIncludeFile.c.o -o cmTC_fe7fc 
gmake[1]: Leaving directory '/mnt/c/Users/Michael/Documents/Projects/SAOD/build/CMakeFiles/CMakeTmp'



Determining if the include file string.h exists passed with the following output:
Change Dir: /mnt/c/Users/Michael/Documents/Projects/SAOD/build/CMakeFiles/CMakeTmp

Run Build Command(s):/usr/bin/gmake -f Makefile cmTC_4660a/fast && /usr/bin/gmake  -f CMakeFiles/cmTC_4660a.dir/build.make CMakeFiles/cmTC_4660a.dir/build
gmake[1]: Entering directory '/mnt/c/Users/Michael/Documents/Projects/SAOD/build/CMakeFiles/CMakeTmp'
Building C object CMakeFiles/cmTC_4660a.dir/CheckIncludeFile.c.o
/usr/bin/cc   -D_GNU_SOURCE=1 -o CMakeFiles/cmTC_4660a.dir/CheckIncludeFile.c.o -c /mnt/c/Users/Michael/Documents/Projects/SAOD/build/CMakeFiles/CMakeTmp/CheckIncludeFile.c
Linking C executable cmTC_4660a
/usr/bin/cmake -E cmake_link_script CMakeFiles/cmTC_4660a.dir/link.txt --verbose=1
/usr/bin/cc   -D_GNU_SOURCE=1 CMakeFiles/cmTC_4660a.dir/CheckIncludeFile.c.o -o cmTC_4660a 
gmake[1]: Leaving directory '/mnt/c/Users/Michael/Documents/Projects/SAOD/build/CMakeFiles/CMakeTmp'



Determining if the include file strings.h exists passed with the following output:
Change Dir: /mnt/c/Users/Michael/Documents/Projects/SAOD/build/CMakeFiles/CMakeTmp

Run Build Command(s):/usr/bin/gmake -f Makefile cmTC_d9b9f/fast && /usr/bin/gmake  -f CMakeFiles/cmTC_d9b9f.dir/build.make CMakeFiles/cmTC_d9b9f.dir/build
gmake[1]: Entering directory '/mnt/c/Users/Michael/Documents/Projects/SAOD/build/CMakeFiles/CMakeTmp'
Building C object CMakeFiles/cmTC_d9b9f.dir/CheckIncludeFile.c.o
/usr/bin/cc   -D_GNU_SOURCE=1 -o CMakeFiles/cmTC_d9b9f.dir/CheckIncludeFile.c.o -c /mnt/c/Users/Michael/Documents/Projects/SAOD/build/CMakeFiles/CMakeTmp/CheckIncludeFile.c
Linking C executable cmTC_d9b9f
/usr/bin/cmake -E cmake_link_script CMakeFiles/cmTC_d9b9f.dir/link.txt --verbose=1
/usr/bin/cc   -D_GNU_SOURCE=1 CMakeFiles/cmTC_d9b9f.dir/CheckIncludeFile.c.o -o cmTC_d9b9f 
gmake[1]: Leaving directory '/mnt/c/Users/Michael/Documents/Projects/SAOD/build/CMakeFiles/CMakeTmp'



Determining if the include file sys/types.h exists passed with the following output:
Change Dir: /mnt/c/Users/Michael/Documents/Projects/SAOD/build/CMakeFiles/CMakeTmp

Run Build Command(s):/usr/bin/gmake -f Makefile cmTC_ac4dd/fast && /usr/bin/gmake  -f CMakeFiles/cmTC_ac4dd.dir/build.make CMakeFiles/cmTC_ac4dd.dir/build
gmake[1]: Entering directory '/mnt/c/Users/Michael/Documents/Projects/SAOD/build/CMakeFiles/CMakeTmp'
Building C object CMakeFiles/cmTC_ac4dd.dir/CheckIncludeFile.c.o
/usr/bin/cc   -D_GNU_SOURCE=1 -o CMakeFiles/cmTC_ac4dd.dir/CheckIncludeFile.c.o -c /mnt/c/Users/Michael/Documents/Projects/SAOD/build/CMakeFiles/CMakeTmp/CheckIncludeFile.c
Linking C executable cmTC_ac4dd
/usr/bin/cmake -E cmake_link_script CMakeFiles/cmTC_ac4dd.dir/link.txt --verbose=1
/usr/bin/cc   -D_GNU_SOURCE=1 CMakeFiles/cmTC_ac4dd.dir/CheckIncludeFile.c.o -o cmTC_ac4dd 
gmake[1]: Leaving directory '/mnt/c/Users/Michael/Documents/Projects/SAOD/build/CMakeFiles/CMakeTmp'



Determining if the include file time.h exists passed with the following output:
Change Dir: /mnt/c/Users/Michael/Documents/Projects/SAOD/build/CMakeFiles/CMakeTmp

Run Build Command(s):/usr/bin/gmake -f Makefile cmTC_e81db/fast && /usr/bin/gmake  -f CMakeFiles/cmTC_e81db.dir/build.make CMakeFiles/cmTC_e81db.dir/build
gmake[1]: Entering directory '/mnt/c/Users/Michael/Documents/Projects/SAOD/build/CMakeFiles/CMakeTmp'
Building C object CMakeFiles/cmTC_e81db.dir/CheckIncludeFile.c.o
/usr/bin/cc   -D_GNU_SOURCE=1 -o CMakeFiles/cmTC_e81db.dir/CheckIncludeFile.c.o -c /mnt/c/Users/Michael/Documents/Projects/SAOD/build/CMakeFiles/CMakeTmp/CheckIncludeFile.c
Linking C executable cmTC_e81db
/usr/bin/cmake -E cmake_link_script CMakeFiles/cmTC_e81db.dir/link.txt --verbose=1
/usr/bin/cc   -D_GNU_SOURCE=1 CMakeFiles/cmTC_e81db.dir/CheckIncludeFile.c.o -o cmTC_e81db 
gmake[1]: Leaving directory '/mnt/c/Users/Michael/Documents/Projects/SAOD/build/CMakeFiles/CMakeTmp'



Determining if the include file wchar.h exists passed with the following output:
Change Dir: /mnt/c/Users/Michael/Documents/Projects/SAOD/build/CMakeFiles/CMakeTmp

Run Build Command(s):/usr/bin/gmake -f Makefile cmTC_8c642/fast && /usr/bin/gmake  -f CMakeFiles/cmTC_8c642.dir/build.make CMakeFiles/cmTC_8c642.dir/build
gmake[1]: Entering directory '/mnt/c/Users/Michael/Documents/Projects/SAOD/build/CMakeFiles/CMakeTmp'
Building C object CMakeFiles/cmTC_8c642.dir/CheckIncludeFile.c.o
/usr/bin/cc   -D_GNU_SOURCE=1 -o CMakeFiles/cmTC_8c642.dir/CheckIncludeFile.c.o -c /mnt/c/Users/Michael/Documents/Projects/SAOD/build/CMakeFiles/CMakeTmp/CheckIncludeFile.c
Linking C executable cmTC_8c642
/usr/bin/cmake -E cmake_link_script CMakeFiles/cmTC_8c642.dir/link.txt --verbose=1
/usr/bin/cc   -D_GNU_SOURCE=1 CMakeFiles/cmTC_8c642.dir/CheckIncludeFile.c.o -o cmTC_8c642 
gmake[1]: Leaving directory '/mnt/c/Users/Michael/Documents/Projects/SAOD/build/CMakeFiles/CMakeTmp'



Determining if the function pow exists in the m passed with the following output:
Change Dir: /mnt/c/Users/Michael/Documents/Projects/SAOD/build/CMakeFiles/CMakeTmp

Run Build Command(s):/usr/bin/gmake -f Makefile cmTC_dd70b/fast && /usr/bin/gmake  -f CMakeFiles/cmTC_dd70b.dir/build.make CMakeFiles/cmTC_dd70b.dir/build
gmake[1]: Entering directory '/mnt/c/Users/Michael/Documents/Projects/SAOD/build/CMakeFiles/CMakeTmp'
Building C object CMakeFiles/cmTC_dd70b.dir/CheckFunctionExists.c.o
/usr/bin/cc   -DCHECK_FUNCTION_EXISTS=pow  -D_GNU_SOURCE=1 -o CMakeFiles/cmTC_dd70b.dir/CheckFunctionExists.c.o -c /usr/share/cmake-3.22/Modules/CheckFunctionExists.c
<command-line>: warning: conflicting types for built-in function ‘pow’; expected ‘double(double,  double)’ [-Wbuiltin-declaration-mismatch]
/usr/share/cmake-3.22/Modules/CheckFunctionExists.c:7:3: note: in expansion of macro ‘CHECK_FUNCTION_EXISTS’
    7 |   CHECK_FUNCTION_EXISTS(void);
      |   ^~~~~~~~~~~~~~~~~~~~~
/usr/share/cmake-3.22/Modules/CheckFunctionExists.c:1:1: note: ‘pow’ is declared in header ‘<math.h>’
  +++ |+#include <math.h>
    1 | #ifdef CHECK_FUNCTION_EXISTS
Linking C executable cmTC_dd70b
/usr/bin/cmake -E cmake_link_script CMakeFiles/cmTC_dd70b.dir/link.txt --verbose=1
/usr/bin/cc  -DCHECK_FUNCTION_EXISTS=pow  -D_GNU_SOURCE=1 CMakeFiles/cmTC_dd70b.dir/CheckFunctionExists.c.o -o cmTC_dd70b  -lm 
gmake[1]: Leaving directory '/mnt/c/Users/Michael/Documents/Projects/SAOD/build/CMakeFiles/CMakeTmp'



Determining if the abs exist passed with the following output:
Change Dir: /mnt/c/Users/Michael/Documents/Projects/SAOD/build/CMakeFiles/CMakeTmp

Run Build Command(s):/usr/bin/gmake -f Makefile cmTC_13003/fast && /usr/bin/gmake  -f CMakeFiles/cmTC_13003.dir/build.make CMakeFiles/cmTC_13003.dir/build
gmake[1]: Entering directory '/mnt/c/Users/Michael/Documents/Projects/SAOD/build/CMakeFiles/CMakeTmp'
Building C object CMakeFiles/cmTC_13003.dir/CheckSymbolExists.c.o
/usr/bin/cc   -D_GNU_SOURCE=1 -o CMakeFiles/cmTC_13003.dir/CheckSymbolExists.c.o -c /mnt/c/Users/Michael/Documents/Projects/SAOD/build/CMakeFiles/CMakeTmp/CheckSymbolExists.c
Linking C executable cmTC_13003
/usr/bin/cmake -E cmake_link_script CMakeFiles/cmTC_13003.dir/link.txt --verbose=1
/usr/bin/cc   -D_GNU_SOURCE=1 CMakeFiles/cmTC_13003.dir/CheckSymbolExists.c.o -o cmTC_13003  -lm 
gmake[1]: Leaving directory '/mnt/c/Users/Michael/Documents/Projects/SAOD/build/CMakeFiles/CMakeTmp'


File /mnt/c/Users/Michael/Documents/Projects/SAOD/build/CMakeFiles/CMakeTmp/CheckSymbolExists.c:
/* */
#include <float.h>
#include <iconv.h>
#include <inttypes.h>
#include <limits.h>
#include <malloc.h>
#include <math.h>
#include <memory.h>
#include <signal.h>
#include <stdarg.h>
#include <stdbool.h>
#include <stddef.h>
#include <stdint.h>
#include <stdio.h>
#include <stdlib.h>
#include <string.h>
#include <strings.h>
#include <sys/types.h>
#include <time.h>
#include <wchar.h>

int main(int argc, char** argv)
{
  (void)argv;
#ifndef abs
  return ((int*)(&abs))[argc];
#else
  (void)argc;
  return 0;
#endif
}
Determining if the acos exist passed with the following output:
Change Dir: /mnt/c/Users/Michael/Documents/Projects/SAOD/build/CMakeFiles/CMakeTmp

Run Build Command(s):/usr/bin/gmake -f Makefile cmTC_a46a1/fast && /usr/bin/gmake  -f CMakeFiles/cmTC_a46a1.dir/build.make CMakeFiles/cmTC_a46a1.dir/build
gmake[1]: Entering directory '/mnt/c/Users/Michael/Documents/Projects/SAOD/build/CMakeFiles/CMakeTmp'
Building C object CMakeFiles/cmTC_a46a1.dir/CheckSymbolExists.c.o
/usr/bin/cc   -D_GNU_SOURCE=1 -o CMakeFiles/cmTC_a46a1.dir/CheckSymbolExists.c.o -c /mnt/c/Users/Michael/Documents/Projects/SAOD/build/CMakeFiles/CMakeTmp/CheckSymbolExists.c
Linking C executable cmTC_a46a1
/usr/bin/cmake -E cmake_link_script CMakeFiles/cmTC_a46a1.dir/link.txt --verbose=1
/usr/bin/cc   -D_GNU_SOURCE=1 CMakeFiles/cmTC_a46a1.dir/CheckSymbolExists.c.o -o cmTC_a46a1  -lm 
gmake[1]: Leaving directory '/mnt/c/Users/Michael/Documents/Projects/SAOD/build/CMakeFiles/CMakeTmp'


File /mnt/c/Users/Michael/Documents/Projects/SAOD/build/CMakeFiles/CMakeTmp/CheckSymbolExists.c:
/* */
#include <float.h>
#include <iconv.h>
#include <inttypes.h>
#include <limits.h>
#include <malloc.h>
#include <math.h>
#include <memory.h>
#include <signal.h>
#include <stdarg.h>
#include <stdbool.h>
#include <stddef.h>
#include <stdint.h>
#include <stdio.h>
#include <stdlib.h>
#include <string.h>
#include <strings.h>
#include <sys/types.h>
#include <time.h>
#include <wchar.h>

int main(int argc, char** argv)
{
  (void)argv;
#ifndef acos
  return ((int*)(&acos))[argc];
#else
  (void)argc;
  return 0;
#endif
}
Determining if the acosf exist passed with the following output:
Change Dir: /mnt/c/Users/Michael/Documents/Projects/SAOD/build/CMakeFiles/CMakeTmp

Run Build Command(s):/usr/bin/gmake -f Makefile cmTC_8dc35/fast && /usr/bin/gmake  -f CMakeFiles/cmTC_8dc35.dir/build.make CMakeFiles/cmTC_8dc35.dir/build
gmake[1]: Entering directory '/mnt/c/Users/Michael/Documents/Projects/SAOD/build/CMakeFiles/CMakeTmp'
Building C object CMakeFiles/cmTC_8dc35.dir/CheckSymbolExists.c.o
/usr/bin/cc   -D_GNU_SOURCE=1 -o CMakeFiles/cmTC_8dc35.dir/CheckSymbolExists.c.o -c /mnt/c/Users/Michael/Documents/Projects/SAOD/build/CMakeFiles/CMakeTmp/CheckSymbolExists.c
Linking C executable cmTC_8dc35
/usr/bin/cmake -E cmake_link_script CMakeFiles/cmTC_8dc35.dir/link.txt --verbose=1
/usr/bin/cc   -D_GNU_SOURCE=1 CMakeFiles/cmTC_8dc35.dir/CheckSymbolExists.c.o -o cmTC_8dc35  -lm 
gmake[1]: Leaving directory '/mnt/c/Users/Michael/Documents/Projects/SAOD/build/CMakeFiles/CMakeTmp'


File /mnt/c/Users/Michael/Documents/Projects/SAOD/build/CMakeFiles/CMakeTmp/CheckSymbolExists.c:
/* */
#include <float.h>
#include <iconv.h>
#include <inttypes.h>
#include <limits.h>
#include <malloc.h>
#include <math.h>
#include <memory.h>
#include <signal.h>
#include <stdarg.h>
#include <stdbool.h>
#include <stddef.h>
#include <stdint.h>
#include <stdio.h>
#include <stdlib.h>
#include <string.h>
#include <strings.h>
#include <sys/types.h>
#include <time.h>
#include <wchar.h>

int main(int argc, char** argv)
{
  (void)argv;
#ifndef acosf
  return ((int*)(&acosf))[argc];
#else
  (void)argc;
  return 0;
#endif
}
Determining if the asin exist passed with the following output:
Change Dir: /mnt/c/Users/Michael/Documents/Projects/SAOD/build/CMakeFiles/CMakeTmp

Run Build Command(s):/usr/bin/gmake -f Makefile cmTC_1a37d/fast && /usr/bin/gmake  -f CMakeFiles/cmTC_1a37d.dir/build.make CMakeFiles/cmTC_1a37d.dir/build
gmake[1]: Entering directory '/mnt/c/Users/Michael/Documents/Projects/SAOD/build/CMakeFiles/CMakeTmp'
Building C object CMakeFiles/cmTC_1a37d.dir/CheckSymbolExists.c.o
/usr/bin/cc   -D_GNU_SOURCE=1 -o CMakeFiles/cmTC_1a37d.dir/CheckSymbolExists.c.o -c /mnt/c/Users/Michael/Documents/Projects/SAOD/build/CMakeFiles/CMakeTmp/CheckSymbolExists.c
Linking C executable cmTC_1a37d
/usr/bin/cmake -E cmake_link_script CMakeFiles/cmTC_1a37d.dir/link.txt --verbose=1
/usr/bin/cc   -D_GNU_SOURCE=1 CMakeFiles/cmTC_1a37d.dir/CheckSymbolExists.c.o -o cmTC_1a37d  -lm 
gmake[1]: Leaving directory '/mnt/c/Users/Michael/Documents/Projects/SAOD/build/CMakeFiles/CMakeTmp'


File /mnt/c/Users/Michael/Documents/Projects/SAOD/build/CMakeFiles/CMakeTmp/CheckSymbolExists.c:
/* */
#include <float.h>
#include <iconv.h>
#include <inttypes.h>
#include <limits.h>
#include <malloc.h>
#include <math.h>
#include <memory.h>
#include <signal.h>
#include <stdarg.h>
#include <stdbool.h>
#include <stddef.h>
#include <stdint.h>
#include <stdio.h>
#include <stdlib.h>
#include <string.h>
#include <strings.h>
#include <sys/types.h>
#include <time.h>
#include <wchar.h>

int main(int argc, char** argv)
{
  (void)argv;
#ifndef asin
  return ((int*)(&asin))[argc];
#else
  (void)argc;
  return 0;
#endif
}
Determining if the asinf exist passed with the following output:
Change Dir: /mnt/c/Users/Michael/Documents/Projects/SAOD/build/CMakeFiles/CMakeTmp

Run Build Command(s):/usr/bin/gmake -f Makefile cmTC_82ced/fast && /usr/bin/gmake  -f CMakeFiles/cmTC_82ced.dir/build.make CMakeFiles/cmTC_82ced.dir/build
gmake[1]: Entering directory '/mnt/c/Users/Michael/Documents/Projects/SAOD/build/CMakeFiles/CMakeTmp'
Building C object CMakeFiles/cmTC_82ced.dir/CheckSymbolExists.c.o
/usr/bin/cc   -D_GNU_SOURCE=1 -o CMakeFiles/cmTC_82ced.dir/CheckSymbolExists.c.o -c /mnt/c/Users/Michael/Documents/Projects/SAOD/build/CMakeFiles/CMakeTmp/CheckSymbolExists.c
Linking C executable cmTC_82ced
/usr/bin/cmake -E cmake_link_script CMakeFiles/cmTC_82ced.dir/link.txt --verbose=1
/usr/bin/cc   -D_GNU_SOURCE=1 CMakeFiles/cmTC_82ced.dir/CheckSymbolExists.c.o -o cmTC_82ced  -lm 
gmake[1]: Leaving directory '/mnt/c/Users/Michael/Documents/Projects/SAOD/build/CMakeFiles/CMakeTmp'


File /mnt/c/Users/Michael/Documents/Projects/SAOD/build/CMakeFiles/CMakeTmp/CheckSymbolExists.c:
/* */
#include <float.h>
#include <iconv.h>
#include <inttypes.h>
#include <limits.h>
#include <malloc.h>
#include <math.h>
#include <memory.h>
#include <signal.h>
#include <stdarg.h>
#include <stdbool.h>
#include <stddef.h>
#include <stdint.h>
#include <stdio.h>
#include <stdlib.h>
#include <string.h>
#include <strings.h>
#include <sys/types.h>
#include <time.h>
#include <wchar.h>

int main(int argc, char** argv)
{
  (void)argv;
#ifndef asinf
  return ((int*)(&asinf))[argc];
#else
  (void)argc;
  return 0;
#endif
}
Determining if the atan exist passed with the following output:
Change Dir: /mnt/c/Users/Michael/Documents/Projects/SAOD/build/CMakeFiles/CMakeTmp

Run Build Command(s):/usr/bin/gmake -f Makefile cmTC_e4cba/fast && /usr/bin/gmake  -f CMakeFiles/cmTC_e4cba.dir/build.make CMakeFiles/cmTC_e4cba.dir/build
gmake[1]: Entering directory '/mnt/c/Users/Michael/Documents/Projects/SAOD/build/CMakeFiles/CMakeTmp'
Building C object CMakeFiles/cmTC_e4cba.dir/CheckSymbolExists.c.o
/usr/bin/cc   -D_GNU_SOURCE=1 -o CMakeFiles/cmTC_e4cba.dir/CheckSymbolExists.c.o -c /mnt/c/Users/Michael/Documents/Projects/SAOD/build/CMakeFiles/CMakeTmp/CheckSymbolExists.c
Linking C executable cmTC_e4cba
/usr/bin/cmake -E cmake_link_script CMakeFiles/cmTC_e4cba.dir/link.txt --verbose=1
/usr/bin/cc   -D_GNU_SOURCE=1 CMakeFiles/cmTC_e4cba.dir/CheckSymbolExists.c.o -o cmTC_e4cba  -lm 
gmake[1]: Leaving directory '/mnt/c/Users/Michael/Documents/Projects/SAOD/build/CMakeFiles/CMakeTmp'


File /mnt/c/Users/Michael/Documents/Projects/SAOD/build/CMakeFiles/CMakeTmp/CheckSymbolExists.c:
/* */
#include <float.h>
#include <iconv.h>
#include <inttypes.h>
#include <limits.h>
#include <malloc.h>
#include <math.h>
#include <memory.h>
#include <signal.h>
#include <stdarg.h>
#include <stdbool.h>
#include <stddef.h>
#include <stdint.h>
#include <stdio.h>
#include <stdlib.h>
#include <string.h>
#include <strings.h>
#include <sys/types.h>
#include <time.h>
#include <wchar.h>

int main(int argc, char** argv)
{
  (void)argv;
#ifndef atan
  return ((int*)(&atan))[argc];
#else
  (void)argc;
  return 0;
#endif
}
Determining if the atan2 exist passed with the following output:
Change Dir: /mnt/c/Users/Michael/Documents/Projects/SAOD/build/CMakeFiles/CMakeTmp

Run Build Command(s):/usr/bin/gmake -f Makefile cmTC_ceff0/fast && /usr/bin/gmake  -f CMakeFiles/cmTC_ceff0.dir/build.make CMakeFiles/cmTC_ceff0.dir/build
gmake[1]: Entering directory '/mnt/c/Users/Michael/Documents/Projects/SAOD/build/CMakeFiles/CMakeTmp'
Building C object CMakeFiles/cmTC_ceff0.dir/CheckSymbolExists.c.o
/usr/bin/cc   -D_GNU_SOURCE=1 -o CMakeFiles/cmTC_ceff0.dir/CheckSymbolExists.c.o -c /mnt/c/Users/Michael/Documents/Projects/SAOD/build/CMakeFiles/CMakeTmp/CheckSymbolExists.c
Linking C executable cmTC_ceff0
/usr/bin/cmake -E cmake_link_script CMakeFiles/cmTC_ceff0.dir/link.txt --verbose=1
/usr/bin/cc   -D_GNU_SOURCE=1 CMakeFiles/cmTC_ceff0.dir/CheckSymbolExists.c.o -o cmTC_ceff0  -lm 
gmake[1]: Leaving directory '/mnt/c/Users/Michael/Documents/Projects/SAOD/build/CMakeFiles/CMakeTmp'


File /mnt/c/Users/Michael/Documents/Projects/SAOD/build/CMakeFiles/CMakeTmp/CheckSymbolExists.c:
/* */
#include <float.h>
#include <iconv.h>
#include <inttypes.h>
#include <limits.h>
#include <malloc.h>
#include <math.h>
#include <memory.h>
#include <signal.h>
#include <stdarg.h>
#include <stdbool.h>
#include <stddef.h>
#include <stdint.h>
#include <stdio.h>
#include <stdlib.h>
#include <string.h>
#include <strings.h>
#include <sys/types.h>
#include <time.h>
#include <wchar.h>

int main(int argc, char** argv)
{
  (void)argv;
#ifndef atan2
  return ((int*)(&atan2))[argc];
#else
  (void)argc;
  return 0;
#endif
}
Determining if the atan2f exist passed with the following output:
Change Dir: /mnt/c/Users/Michael/Documents/Projects/SAOD/build/CMakeFiles/CMakeTmp

Run Build Command(s):/usr/bin/gmake -f Makefile cmTC_f823d/fast && /usr/bin/gmake  -f CMakeFiles/cmTC_f823d.dir/build.make CMakeFiles/cmTC_f823d.dir/build
gmake[1]: Entering directory '/mnt/c/Users/Michael/Documents/Projects/SAOD/build/CMakeFiles/CMakeTmp'
Building C object CMakeFiles/cmTC_f823d.dir/CheckSymbolExists.c.o
/usr/bin/cc   -D_GNU_SOURCE=1 -o CMakeFiles/cmTC_f823d.dir/CheckSymbolExists.c.o -c /mnt/c/Users/Michael/Documents/Projects/SAOD/build/CMakeFiles/CMakeTmp/CheckSymbolExists.c
Linking C executable cmTC_f823d
/usr/bin/cmake -E cmake_link_script CMakeFiles/cmTC_f823d.dir/link.txt --verbose=1
/usr/bin/cc   -D_GNU_SOURCE=1 CMakeFiles/cmTC_f823d.dir/CheckSymbolExists.c.o -o cmTC_f823d  -lm 
gmake[1]: Leaving directory '/mnt/c/Users/Michael/Documents/Projects/SAOD/build/CMakeFiles/CMakeTmp'


File /mnt/c/Users/Michael/Documents/Projects/SAOD/build/CMakeFiles/CMakeTmp/CheckSymbolExists.c:
/* */
#include <float.h>
#include <iconv.h>
#include <inttypes.h>
#include <limits.h>
#include <malloc.h>
#include <math.h>
#include <memory.h>
#include <signal.h>
#include <stdarg.h>
#include <stdbool.h>
#include <stddef.h>
#include <stdint.h>
#include <stdio.h>
#include <stdlib.h>
#include <string.h>
#include <strings.h>
#include <sys/types.h>
#include <time.h>
#include <wchar.h>

int main(int argc, char** argv)
{
  (void)argv;
#ifndef atan2f
  return ((int*)(&atan2f))[argc];
#else
  (void)argc;
  return 0;
#endif
}
Determining if the atanf exist passed with the following output:
Change Dir: /mnt/c/Users/Michael/Documents/Projects/SAOD/build/CMakeFiles/CMakeTmp

Run Build Command(s):/usr/bin/gmake -f Makefile cmTC_b6102/fast && /usr/bin/gmake  -f CMakeFiles/cmTC_b6102.dir/build.make CMakeFiles/cmTC_b6102.dir/build
gmake[1]: Entering directory '/mnt/c/Users/Michael/Documents/Projects/SAOD/build/CMakeFiles/CMakeTmp'
Building C object CMakeFiles/cmTC_b6102.dir/CheckSymbolExists.c.o
/usr/bin/cc   -D_GNU_SOURCE=1 -o CMakeFiles/cmTC_b6102.dir/CheckSymbolExists.c.o -c /mnt/c/Users/Michael/Documents/Projects/SAOD/build/CMakeFiles/CMakeTmp/CheckSymbolExists.c
Linking C executable cmTC_b6102
/usr/bin/cmake -E cmake_link_script CMakeFiles/cmTC_b6102.dir/link.txt --verbose=1
/usr/bin/cc   -D_GNU_SOURCE=1 CMakeFiles/cmTC_b6102.dir/CheckSymbolExists.c.o -o cmTC_b6102  -lm 
gmake[1]: Leaving directory '/mnt/c/Users/Michael/Documents/Projects/SAOD/build/CMakeFiles/CMakeTmp'


File /mnt/c/Users/Michael/Documents/Projects/SAOD/build/CMakeFiles/CMakeTmp/CheckSymbolExists.c:
/* */
#include <float.h>
#include <iconv.h>
#include <inttypes.h>
#include <limits.h>
#include <malloc.h>
#include <math.h>
#include <memory.h>
#include <signal.h>
#include <stdarg.h>
#include <stdbool.h>
#include <stddef.h>
#include <stdint.h>
#include <stdio.h>
#include <stdlib.h>
#include <string.h>
#include <strings.h>
#include <sys/types.h>
#include <time.h>
#include <wchar.h>

int main(int argc, char** argv)
{
  (void)argv;
#ifndef atanf
  return ((int*)(&atanf))[argc];
#else
  (void)argc;
  return 0;
#endif
}
Determining if the atof exist passed with the following output:
Change Dir: /mnt/c/Users/Michael/Documents/Projects/SAOD/build/CMakeFiles/CMakeTmp

Run Build Command(s):/usr/bin/gmake -f Makefile cmTC_afb7d/fast && /usr/bin/gmake  -f CMakeFiles/cmTC_afb7d.dir/build.make CMakeFiles/cmTC_afb7d.dir/build
gmake[1]: Entering directory '/mnt/c/Users/Michael/Documents/Projects/SAOD/build/CMakeFiles/CMakeTmp'
Building C object CMakeFiles/cmTC_afb7d.dir/CheckSymbolExists.c.o
/usr/bin/cc   -D_GNU_SOURCE=1 -o CMakeFiles/cmTC_afb7d.dir/CheckSymbolExists.c.o -c /mnt/c/Users/Michael/Documents/Projects/SAOD/build/CMakeFiles/CMakeTmp/CheckSymbolExists.c
Linking C executable cmTC_afb7d
/usr/bin/cmake -E cmake_link_script CMakeFiles/cmTC_afb7d.dir/link.txt --verbose=1
/usr/bin/cc   -D_GNU_SOURCE=1 CMakeFiles/cmTC_afb7d.dir/CheckSymbolExists.c.o -o cmTC_afb7d  -lm 
gmake[1]: Leaving directory '/mnt/c/Users/Michael/Documents/Projects/SAOD/build/CMakeFiles/CMakeTmp'


File /mnt/c/Users/Michael/Documents/Projects/SAOD/build/CMakeFiles/CMakeTmp/CheckSymbolExists.c:
/* */
#include <float.h>
#include <iconv.h>
#include <inttypes.h>
#include <limits.h>
#include <malloc.h>
#include <math.h>
#include <memory.h>
#include <signal.h>
#include <stdarg.h>
#include <stdbool.h>
#include <stddef.h>
#include <stdint.h>
#include <stdio.h>
#include <stdlib.h>
#include <string.h>
#include <strings.h>
#include <sys/types.h>
#include <time.h>
#include <wchar.h>

int main(int argc, char** argv)
{
  (void)argv;
#ifndef atof
  return ((int*)(&atof))[argc];
#else
  (void)argc;
  return 0;
#endif
}
Determining if the atoi exist passed with the following output:
Change Dir: /mnt/c/Users/Michael/Documents/Projects/SAOD/build/CMakeFiles/CMakeTmp

Run Build Command(s):/usr/bin/gmake -f Makefile cmTC_89666/fast && /usr/bin/gmake  -f CMakeFiles/cmTC_89666.dir/build.make CMakeFiles/cmTC_89666.dir/build
gmake[1]: Entering directory '/mnt/c/Users/Michael/Documents/Projects/SAOD/build/CMakeFiles/CMakeTmp'
Building C object CMakeFiles/cmTC_89666.dir/CheckSymbolExists.c.o
/usr/bin/cc   -D_GNU_SOURCE=1 -o CMakeFiles/cmTC_89666.dir/CheckSymbolExists.c.o -c /mnt/c/Users/Michael/Documents/Projects/SAOD/build/CMakeFiles/CMakeTmp/CheckSymbolExists.c
Linking C executable cmTC_89666
/usr/bin/cmake -E cmake_link_script CMakeFiles/cmTC_89666.dir/link.txt --verbose=1
/usr/bin/cc   -D_GNU_SOURCE=1 CMakeFiles/cmTC_89666.dir/CheckSymbolExists.c.o -o cmTC_89666  -lm 
gmake[1]: Leaving directory '/mnt/c/Users/Michael/Documents/Projects/SAOD/build/CMakeFiles/CMakeTmp'


File /mnt/c/Users/Michael/Documents/Projects/SAOD/build/CMakeFiles/CMakeTmp/CheckSymbolExists.c:
/* */
#include <float.h>
#include <iconv.h>
#include <inttypes.h>
#include <limits.h>
#include <malloc.h>
#include <math.h>
#include <memory.h>
#include <signal.h>
#include <stdarg.h>
#include <stdbool.h>
#include <stddef.h>
#include <stdint.h>
#include <stdio.h>
#include <stdlib.h>
#include <string.h>
#include <strings.h>
#include <sys/types.h>
#include <time.h>
#include <wchar.h>

int main(int argc, char** argv)
{
  (void)argv;
#ifndef atoi
  return ((int*)(&atoi))[argc];
#else
  (void)argc;
  return 0;
#endif
}
Determining if the bcopy exist passed with the following output:
Change Dir: /mnt/c/Users/Michael/Documents/Projects/SAOD/build/CMakeFiles/CMakeTmp

Run Build Command(s):/usr/bin/gmake -f Makefile cmTC_7282e/fast && /usr/bin/gmake  -f CMakeFiles/cmTC_7282e.dir/build.make CMakeFiles/cmTC_7282e.dir/build
gmake[1]: Entering directory '/mnt/c/Users/Michael/Documents/Projects/SAOD/build/CMakeFiles/CMakeTmp'
Building C object CMakeFiles/cmTC_7282e.dir/CheckSymbolExists.c.o
/usr/bin/cc   -D_GNU_SOURCE=1 -o CMakeFiles/cmTC_7282e.dir/CheckSymbolExists.c.o -c /mnt/c/Users/Michael/Documents/Projects/SAOD/build/CMakeFiles/CMakeTmp/CheckSymbolExists.c
Linking C executable cmTC_7282e
/usr/bin/cmake -E cmake_link_script CMakeFiles/cmTC_7282e.dir/link.txt --verbose=1
/usr/bin/cc   -D_GNU_SOURCE=1 CMakeFiles/cmTC_7282e.dir/CheckSymbolExists.c.o -o cmTC_7282e  -lm 
gmake[1]: Leaving directory '/mnt/c/Users/Michael/Documents/Projects/SAOD/build/CMakeFiles/CMakeTmp'


File /mnt/c/Users/Michael/Documents/Projects/SAOD/build/CMakeFiles/CMakeTmp/CheckSymbolExists.c:
/* */
#include <float.h>
#include <iconv.h>
#include <inttypes.h>
#include <limits.h>
#include <malloc.h>
#include <math.h>
#include <memory.h>
#include <signal.h>
#include <stdarg.h>
#include <stdbool.h>
#include <stddef.h>
#include <stdint.h>
#include <stdio.h>
#include <stdlib.h>
#include <string.h>
#include <strings.h>
#include <sys/types.h>
#include <time.h>
#include <wchar.h>

int main(int argc, char** argv)
{
  (void)argv;
#ifndef bcopy
  return ((int*)(&bcopy))[argc];
#else
  (void)argc;
  return 0;
#endif
}
Determining if the ceil exist passed with the following output:
Change Dir: /mnt/c/Users/Michael/Documents/Projects/SAOD/build/CMakeFiles/CMakeTmp

Run Build Command(s):/usr/bin/gmake -f Makefile cmTC_a33b5/fast && /usr/bin/gmake  -f CMakeFiles/cmTC_a33b5.dir/build.make CMakeFiles/cmTC_a33b5.dir/build
gmake[1]: Entering directory '/mnt/c/Users/Michael/Documents/Projects/SAOD/build/CMakeFiles/CMakeTmp'
Building C object CMakeFiles/cmTC_a33b5.dir/CheckSymbolExists.c.o
/usr/bin/cc   -D_GNU_SOURCE=1 -o CMakeFiles/cmTC_a33b5.dir/CheckSymbolExists.c.o -c /mnt/c/Users/Michael/Documents/Projects/SAOD/build/CMakeFiles/CMakeTmp/CheckSymbolExists.c
Linking C executable cmTC_a33b5
/usr/bin/cmake -E cmake_link_script CMakeFiles/cmTC_a33b5.dir/link.txt --verbose=1
/usr/bin/cc   -D_GNU_SOURCE=1 CMakeFiles/cmTC_a33b5.dir/CheckSymbolExists.c.o -o cmTC_a33b5  -lm 
gmake[1]: Leaving directory '/mnt/c/Users/Michael/Documents/Projects/SAOD/build/CMakeFiles/CMakeTmp'


File /mnt/c/Users/Michael/Documents/Projects/SAOD/build/CMakeFiles/CMakeTmp/CheckSymbolExists.c:
/* */
#include <float.h>
#include <iconv.h>
#include <inttypes.h>
#include <limits.h>
#include <malloc.h>
#include <math.h>
#include <memory.h>
#include <signal.h>
#include <stdarg.h>
#include <stdbool.h>
#include <stddef.h>
#include <stdint.h>
#include <stdio.h>
#include <stdlib.h>
#include <string.h>
#include <strings.h>
#include <sys/types.h>
#include <time.h>
#include <wchar.h>

int main(int argc, char** argv)
{
  (void)argv;
#ifndef ceil
  return ((int*)(&ceil))[argc];
#else
  (void)argc;
  return 0;
#endif
}
Determining if the ceilf exist passed with the following output:
Change Dir: /mnt/c/Users/Michael/Documents/Projects/SAOD/build/CMakeFiles/CMakeTmp

Run Build Command(s):/usr/bin/gmake -f Makefile cmTC_a4775/fast && /usr/bin/gmake  -f CMakeFiles/cmTC_a4775.dir/build.make CMakeFiles/cmTC_a4775.dir/build
gmake[1]: Entering directory '/mnt/c/Users/Michael/Documents/Projects/SAOD/build/CMakeFiles/CMakeTmp'
Building C object CMakeFiles/cmTC_a4775.dir/CheckSymbolExists.c.o
/usr/bin/cc   -D_GNU_SOURCE=1 -o CMakeFiles/cmTC_a4775.dir/CheckSymbolExists.c.o -c /mnt/c/Users/Michael/Documents/Projects/SAOD/build/CMakeFiles/CMakeTmp/CheckSymbolExists.c
Linking C executable cmTC_a4775
/usr/bin/cmake -E cmake_link_script CMakeFiles/cmTC_a4775.dir/link.txt --verbose=1
/usr/bin/cc   -D_GNU_SOURCE=1 CMakeFiles/cmTC_a4775.dir/CheckSymbolExists.c.o -o cmTC_a4775  -lm 
gmake[1]: Leaving directory '/mnt/c/Users/Michael/Documents/Projects/SAOD/build/CMakeFiles/CMakeTmp'


File /mnt/c/Users/Michael/Documents/Projects/SAOD/build/CMakeFiles/CMakeTmp/CheckSymbolExists.c:
/* */
#include <float.h>
#include <iconv.h>
#include <inttypes.h>
#include <limits.h>
#include <malloc.h>
#include <math.h>
#include <memory.h>
#include <signal.h>
#include <stdarg.h>
#include <stdbool.h>
#include <stddef.h>
#include <stdint.h>
#include <stdio.h>
#include <stdlib.h>
#include <string.h>
#include <strings.h>
#include <sys/types.h>
#include <time.h>
#include <wchar.h>

int main(int argc, char** argv)
{
  (void)argv;
#ifndef ceilf
  return ((int*)(&ceilf))[argc];
#else
  (void)argc;
  return 0;
#endif
}
Determining if the copysign exist passed with the following output:
Change Dir: /mnt/c/Users/Michael/Documents/Projects/SAOD/build/CMakeFiles/CMakeTmp

Run Build Command(s):/usr/bin/gmake -f Makefile cmTC_6a989/fast && /usr/bin/gmake  -f CMakeFiles/cmTC_6a989.dir/build.make CMakeFiles/cmTC_6a989.dir/build
gmake[1]: Entering directory '/mnt/c/Users/Michael/Documents/Projects/SAOD/build/CMakeFiles/CMakeTmp'
Building C object CMakeFiles/cmTC_6a989.dir/CheckSymbolExists.c.o
/usr/bin/cc   -D_GNU_SOURCE=1 -o CMakeFiles/cmTC_6a989.dir/CheckSymbolExists.c.o -c /mnt/c/Users/Michael/Documents/Projects/SAOD/build/CMakeFiles/CMakeTmp/CheckSymbolExists.c
Linking C executable cmTC_6a989
/usr/bin/cmake -E cmake_link_script CMakeFiles/cmTC_6a989.dir/link.txt --verbose=1
/usr/bin/cc   -D_GNU_SOURCE=1 CMakeFiles/cmTC_6a989.dir/CheckSymbolExists.c.o -o cmTC_6a989  -lm 
gmake[1]: Leaving directory '/mnt/c/Users/Michael/Documents/Projects/SAOD/build/CMakeFiles/CMakeTmp'


File /mnt/c/Users/Michael/Documents/Projects/SAOD/build/CMakeFiles/CMakeTmp/CheckSymbolExists.c:
/* */
#include <float.h>
#include <iconv.h>
#include <inttypes.h>
#include <limits.h>
#include <malloc.h>
#include <math.h>
#include <memory.h>
#include <signal.h>
#include <stdarg.h>
#include <stdbool.h>
#include <stddef.h>
#include <stdint.h>
#include <stdio.h>
#include <stdlib.h>
#include <string.h>
#include <strings.h>
#include <sys/types.h>
#include <time.h>
#include <wchar.h>

int main(int argc, char** argv)
{
  (void)argv;
#ifndef copysign
  return ((int*)(&copysign))[argc];
#else
  (void)argc;
  return 0;
#endif
}
Determining if the copysignf exist passed with the following output:
Change Dir: /mnt/c/Users/Michael/Documents/Projects/SAOD/build/CMakeFiles/CMakeTmp

Run Build Command(s):/usr/bin/gmake -f Makefile cmTC_fffc1/fast && /usr/bin/gmake  -f CMakeFiles/cmTC_fffc1.dir/build.make CMakeFiles/cmTC_fffc1.dir/build
gmake[1]: Entering directory '/mnt/c/Users/Michael/Documents/Projects/SAOD/build/CMakeFiles/CMakeTmp'
Building C object CMakeFiles/cmTC_fffc1.dir/CheckSymbolExists.c.o
/usr/bin/cc   -D_GNU_SOURCE=1 -o CMakeFiles/cmTC_fffc1.dir/CheckSymbolExists.c.o -c /mnt/c/Users/Michael/Documents/Projects/SAOD/build/CMakeFiles/CMakeTmp/CheckSymbolExists.c
Linking C executable cmTC_fffc1
/usr/bin/cmake -E cmake_link_script CMakeFiles/cmTC_fffc1.dir/link.txt --verbose=1
/usr/bin/cc   -D_GNU_SOURCE=1 CMakeFiles/cmTC_fffc1.dir/CheckSymbolExists.c.o -o cmTC_fffc1  -lm 
gmake[1]: Leaving directory '/mnt/c/Users/Michael/Documents/Projects/SAOD/build/CMakeFiles/CMakeTmp'


File /mnt/c/Users/Michael/Documents/Projects/SAOD/build/CMakeFiles/CMakeTmp/CheckSymbolExists.c:
/* */
#include <float.h>
#include <iconv.h>
#include <inttypes.h>
#include <limits.h>
#include <malloc.h>
#include <math.h>
#include <memory.h>
#include <signal.h>
#include <stdarg.h>
#include <stdbool.h>
#include <stddef.h>
#include <stdint.h>
#include <stdio.h>
#include <stdlib.h>
#include <string.h>
#include <strings.h>
#include <sys/types.h>
#include <time.h>
#include <wchar.h>

int main(int argc, char** argv)
{
  (void)argv;
#ifndef copysignf
  return ((int*)(&copysignf))[argc];
#else
  (void)argc;
  return 0;
#endif
}
Determining if the cos exist passed with the following output:
Change Dir: /mnt/c/Users/Michael/Documents/Projects/SAOD/build/CMakeFiles/CMakeTmp

Run Build Command(s):/usr/bin/gmake -f Makefile cmTC_92833/fast && /usr/bin/gmake  -f CMakeFiles/cmTC_92833.dir/build.make CMakeFiles/cmTC_92833.dir/build
gmake[1]: Entering directory '/mnt/c/Users/Michael/Documents/Projects/SAOD/build/CMakeFiles/CMakeTmp'
Building C object CMakeFiles/cmTC_92833.dir/CheckSymbolExists.c.o
/usr/bin/cc   -D_GNU_SOURCE=1 -o CMakeFiles/cmTC_92833.dir/CheckSymbolExists.c.o -c /mnt/c/Users/Michael/Documents/Projects/SAOD/build/CMakeFiles/CMakeTmp/CheckSymbolExists.c
Linking C executable cmTC_92833
/usr/bin/cmake -E cmake_link_script CMakeFiles/cmTC_92833.dir/link.txt --verbose=1
/usr/bin/cc   -D_GNU_SOURCE=1 CMakeFiles/cmTC_92833.dir/CheckSymbolExists.c.o -o cmTC_92833  -lm 
gmake[1]: Leaving directory '/mnt/c/Users/Michael/Documents/Projects/SAOD/build/CMakeFiles/CMakeTmp'


File /mnt/c/Users/Michael/Documents/Projects/SAOD/build/CMakeFiles/CMakeTmp/CheckSymbolExists.c:
/* */
#include <float.h>
#include <iconv.h>
#include <inttypes.h>
#include <limits.h>
#include <malloc.h>
#include <math.h>
#include <memory.h>
#include <signal.h>
#include <stdarg.h>
#include <stdbool.h>
#include <stddef.h>
#include <stdint.h>
#include <stdio.h>
#include <stdlib.h>
#include <string.h>
#include <strings.h>
#include <sys/types.h>
#include <time.h>
#include <wchar.h>

int main(int argc, char** argv)
{
  (void)argv;
#ifndef cos
  return ((int*)(&cos))[argc];
#else
  (void)argc;
  return 0;
#endif
}
Determining if the cosf exist passed with the following output:
Change Dir: /mnt/c/Users/Michael/Documents/Projects/SAOD/build/CMakeFiles/CMakeTmp

Run Build Command(s):/usr/bin/gmake -f Makefile cmTC_6d05a/fast && /usr/bin/gmake  -f CMakeFiles/cmTC_6d05a.dir/build.make CMakeFiles/cmTC_6d05a.dir/build
gmake[1]: Entering directory '/mnt/c/Users/Michael/Documents/Projects/SAOD/build/CMakeFiles/CMakeTmp'
Building C object CMakeFiles/cmTC_6d05a.dir/CheckSymbolExists.c.o
/usr/bin/cc   -D_GNU_SOURCE=1 -o CMakeFiles/cmTC_6d05a.dir/CheckSymbolExists.c.o -c /mnt/c/Users/Michael/Documents/Projects/SAOD/build/CMakeFiles/CMakeTmp/CheckSymbolExists.c
Linking C executable cmTC_6d05a
/usr/bin/cmake -E cmake_link_script CMakeFiles/cmTC_6d05a.dir/link.txt --verbose=1
/usr/bin/cc   -D_GNU_SOURCE=1 CMakeFiles/cmTC_6d05a.dir/CheckSymbolExists.c.o -o cmTC_6d05a  -lm 
gmake[1]: Leaving directory '/mnt/c/Users/Michael/Documents/Projects/SAOD/build/CMakeFiles/CMakeTmp'


File /mnt/c/Users/Michael/Documents/Projects/SAOD/build/CMakeFiles/CMakeTmp/CheckSymbolExists.c:
/* */
#include <float.h>
#include <iconv.h>
#include <inttypes.h>
#include <limits.h>
#include <malloc.h>
#include <math.h>
#include <memory.h>
#include <signal.h>
#include <stdarg.h>
#include <stdbool.h>
#include <stddef.h>
#include <stdint.h>
#include <stdio.h>
#include <stdlib.h>
#include <string.h>
#include <strings.h>
#include <sys/types.h>
#include <time.h>
#include <wchar.h>

int main(int argc, char** argv)
{
  (void)argv;
#ifndef cosf
  return ((int*)(&cosf))[argc];
#else
  (void)argc;
  return 0;
#endif
}
Determining if the _Exit exist passed with the following output:
Change Dir: /mnt/c/Users/Michael/Documents/Projects/SAOD/build/CMakeFiles/CMakeTmp

Run Build Command(s):/usr/bin/gmake -f Makefile cmTC_9c66b/fast && /usr/bin/gmake  -f CMakeFiles/cmTC_9c66b.dir/build.make CMakeFiles/cmTC_9c66b.dir/build
gmake[1]: Entering directory '/mnt/c/Users/Michael/Documents/Projects/SAOD/build/CMakeFiles/CMakeTmp'
Building C object CMakeFiles/cmTC_9c66b.dir/CheckSymbolExists.c.o
/usr/bin/cc   -D_GNU_SOURCE=1 -o CMakeFiles/cmTC_9c66b.dir/CheckSymbolExists.c.o -c /mnt/c/Users/Michael/Documents/Projects/SAOD/build/CMakeFiles/CMakeTmp/CheckSymbolExists.c
Linking C executable cmTC_9c66b
/usr/bin/cmake -E cmake_link_script CMakeFiles/cmTC_9c66b.dir/link.txt --verbose=1
/usr/bin/cc   -D_GNU_SOURCE=1 CMakeFiles/cmTC_9c66b.dir/CheckSymbolExists.c.o -o cmTC_9c66b  -lm 
gmake[1]: Leaving directory '/mnt/c/Users/Michael/Documents/Projects/SAOD/build/CMakeFiles/CMakeTmp'


File /mnt/c/Users/Michael/Documents/Projects/SAOD/build/CMakeFiles/CMakeTmp/CheckSymbolExists.c:
/* */
#include <float.h>
#include <iconv.h>
#include <inttypes.h>
#include <limits.h>
#include <malloc.h>
#include <math.h>
#include <memory.h>
#include <signal.h>
#include <stdarg.h>
#include <stdbool.h>
#include <stddef.h>
#include <stdint.h>
#include <stdio.h>
#include <stdlib.h>
#include <string.h>
#include <strings.h>
#include <sys/types.h>
#include <time.h>
#include <wchar.h>

int main(int argc, char** argv)
{
  (void)argv;
#ifndef _Exit
  return ((int*)(&_Exit))[argc];
#else
  (void)argc;
  return 0;
#endif
}
Determining if the exp exist passed with the following output:
Change Dir: /mnt/c/Users/Michael/Documents/Projects/SAOD/build/CMakeFiles/CMakeTmp

Run Build Command(s):/usr/bin/gmake -f Makefile cmTC_297d8/fast && /usr/bin/gmake  -f CMakeFiles/cmTC_297d8.dir/build.make CMakeFiles/cmTC_297d8.dir/build
gmake[1]: Entering directory '/mnt/c/Users/Michael/Documents/Projects/SAOD/build/CMakeFiles/CMakeTmp'
Building C object CMakeFiles/cmTC_297d8.dir/CheckSymbolExists.c.o
/usr/bin/cc   -D_GNU_SOURCE=1 -o CMakeFiles/cmTC_297d8.dir/CheckSymbolExists.c.o -c /mnt/c/Users/Michael/Documents/Projects/SAOD/build/CMakeFiles/CMakeTmp/CheckSymbolExists.c
Linking C executable cmTC_297d8
/usr/bin/cmake -E cmake_link_script CMakeFiles/cmTC_297d8.dir/link.txt --verbose=1
/usr/bin/cc   -D_GNU_SOURCE=1 CMakeFiles/cmTC_297d8.dir/CheckSymbolExists.c.o -o cmTC_297d8  -lm 
gmake[1]: Leaving directory '/mnt/c/Users/Michael/Documents/Projects/SAOD/build/CMakeFiles/CMakeTmp'


File /mnt/c/Users/Michael/Documents/Projects/SAOD/build/CMakeFiles/CMakeTmp/CheckSymbolExists.c:
/* */
#include <float.h>
#include <iconv.h>
#include <inttypes.h>
#include <limits.h>
#include <malloc.h>
#include <math.h>
#include <memory.h>
#include <signal.h>
#include <stdarg.h>
#include <stdbool.h>
#include <stddef.h>
#include <stdint.h>
#include <stdio.h>
#include <stdlib.h>
#include <string.h>
#include <strings.h>
#include <sys/types.h>
#include <time.h>
#include <wchar.h>

int main(int argc, char** argv)
{
  (void)argv;
#ifndef exp
  return ((int*)(&exp))[argc];
#else
  (void)argc;
  return 0;
#endif
}
Determining if the expf exist passed with the following output:
Change Dir: /mnt/c/Users/Michael/Documents/Projects/SAOD/build/CMakeFiles/CMakeTmp

Run Build Command(s):/usr/bin/gmake -f Makefile cmTC_842e4/fast && /usr/bin/gmake  -f CMakeFiles/cmTC_842e4.dir/build.make CMakeFiles/cmTC_842e4.dir/build
gmake[1]: Entering directory '/mnt/c/Users/Michael/Documents/Projects/SAOD/build/CMakeFiles/CMakeTmp'
Building C object CMakeFiles/cmTC_842e4.dir/CheckSymbolExists.c.o
/usr/bin/cc   -D_GNU_SOURCE=1 -o CMakeFiles/cmTC_842e4.dir/CheckSymbolExists.c.o -c /mnt/c/Users/Michael/Documents/Projects/SAOD/build/CMakeFiles/CMakeTmp/CheckSymbolExists.c
Linking C executable cmTC_842e4
/usr/bin/cmake -E cmake_link_script CMakeFiles/cmTC_842e4.dir/link.txt --verbose=1
/usr/bin/cc   -D_GNU_SOURCE=1 CMakeFiles/cmTC_842e4.dir/CheckSymbolExists.c.o -o cmTC_842e4  -lm 
gmake[1]: Leaving directory '/mnt/c/Users/Michael/Documents/Projects/SAOD/build/CMakeFiles/CMakeTmp'


File /mnt/c/Users/Michael/Documents/Projects/SAOD/build/CMakeFiles/CMakeTmp/CheckSymbolExists.c:
/* */
#include <float.h>
#include <iconv.h>
#include <inttypes.h>
#include <limits.h>
#include <malloc.h>
#include <math.h>
#include <memory.h>
#include <signal.h>
#include <stdarg.h>
#include <stdbool.h>
#include <stddef.h>
#include <stdint.h>
#include <stdio.h>
#include <stdlib.h>
#include <string.h>
#include <strings.h>
#include <sys/types.h>
#include <time.h>
#include <wchar.h>

int main(int argc, char** argv)
{
  (void)argv;
#ifndef expf
  return ((int*)(&expf))[argc];
#else
  (void)argc;
  return 0;
#endif
}
Determining if the fabs exist passed with the following output:
Change Dir: /mnt/c/Users/Michael/Documents/Projects/SAOD/build/CMakeFiles/CMakeTmp

Run Build Command(s):/usr/bin/gmake -f Makefile cmTC_05e72/fast && /usr/bin/gmake  -f CMakeFiles/cmTC_05e72.dir/build.make CMakeFiles/cmTC_05e72.dir/build
gmake[1]: Entering directory '/mnt/c/Users/Michael/Documents/Projects/SAOD/build/CMakeFiles/CMakeTmp'
Building C object CMakeFiles/cmTC_05e72.dir/CheckSymbolExists.c.o
/usr/bin/cc   -D_GNU_SOURCE=1 -o CMakeFiles/cmTC_05e72.dir/CheckSymbolExists.c.o -c /mnt/c/Users/Michael/Documents/Projects/SAOD/build/CMakeFiles/CMakeTmp/CheckSymbolExists.c
Linking C executable cmTC_05e72
/usr/bin/cmake -E cmake_link_script CMakeFiles/cmTC_05e72.dir/link.txt --verbose=1
/usr/bin/cc   -D_GNU_SOURCE=1 CMakeFiles/cmTC_05e72.dir/CheckSymbolExists.c.o -o cmTC_05e72  -lm 
gmake[1]: Leaving directory '/mnt/c/Users/Michael/Documents/Projects/SAOD/build/CMakeFiles/CMakeTmp'


File /mnt/c/Users/Michael/Documents/Projects/SAOD/build/CMakeFiles/CMakeTmp/CheckSymbolExists.c:
/* */
#include <float.h>
#include <iconv.h>
#include <inttypes.h>
#include <limits.h>
#include <malloc.h>
#include <math.h>
#include <memory.h>
#include <signal.h>
#include <stdarg.h>
#include <stdbool.h>
#include <stddef.h>
#include <stdint.h>
#include <stdio.h>
#include <stdlib.h>
#include <string.h>
#include <strings.h>
#include <sys/types.h>
#include <time.h>
#include <wchar.h>

int main(int argc, char** argv)
{
  (void)argv;
#ifndef fabs
  return ((int*)(&fabs))[argc];
#else
  (void)argc;
  return 0;
#endif
}
Determining if the fabsf exist passed with the following output:
Change Dir: /mnt/c/Users/Michael/Documents/Projects/SAOD/build/CMakeFiles/CMakeTmp

Run Build Command(s):/usr/bin/gmake -f Makefile cmTC_efa9d/fast && /usr/bin/gmake  -f CMakeFiles/cmTC_efa9d.dir/build.make CMakeFiles/cmTC_efa9d.dir/build
gmake[1]: Entering directory '/mnt/c/Users/Michael/Documents/Projects/SAOD/build/CMakeFiles/CMakeTmp'
Building C object CMakeFiles/cmTC_efa9d.dir/CheckSymbolExists.c.o
/usr/bin/cc   -D_GNU_SOURCE=1 -o CMakeFiles/cmTC_efa9d.dir/CheckSymbolExists.c.o -c /mnt/c/Users/Michael/Documents/Projects/SAOD/build/CMakeFiles/CMakeTmp/CheckSymbolExists.c
Linking C executable cmTC_efa9d
/usr/bin/cmake -E cmake_link_script CMakeFiles/cmTC_efa9d.dir/link.txt --verbose=1
/usr/bin/cc   -D_GNU_SOURCE=1 CMakeFiles/cmTC_efa9d.dir/CheckSymbolExists.c.o -o cmTC_efa9d  -lm 
gmake[1]: Leaving directory '/mnt/c/Users/Michael/Documents/Projects/SAOD/build/CMakeFiles/CMakeTmp'


File /mnt/c/Users/Michael/Documents/Projects/SAOD/build/CMakeFiles/CMakeTmp/CheckSymbolExists.c:
/* */
#include <float.h>
#include <iconv.h>
#include <inttypes.h>
#include <limits.h>
#include <malloc.h>
#include <math.h>
#include <memory.h>
#include <signal.h>
#include <stdarg.h>
#include <stdbool.h>
#include <stddef.h>
#include <stdint.h>
#include <stdio.h>
#include <stdlib.h>
#include <string.h>
#include <strings.h>
#include <sys/types.h>
#include <time.h>
#include <wchar.h>

int main(int argc, char** argv)
{
  (void)argv;
#ifndef fabsf
  return ((int*)(&fabsf))[argc];
#else
  (void)argc;
  return 0;
#endif
}
Determining if the floor exist passed with the following output:
Change Dir: /mnt/c/Users/Michael/Documents/Projects/SAOD/build/CMakeFiles/CMakeTmp

Run Build Command(s):/usr/bin/gmake -f Makefile cmTC_d5215/fast && /usr/bin/gmake  -f CMakeFiles/cmTC_d5215.dir/build.make CMakeFiles/cmTC_d5215.dir/build
gmake[1]: Entering directory '/mnt/c/Users/Michael/Documents/Projects/SAOD/build/CMakeFiles/CMakeTmp'
Building C object CMakeFiles/cmTC_d5215.dir/CheckSymbolExists.c.o
/usr/bin/cc   -D_GNU_SOURCE=1 -o CMakeFiles/cmTC_d5215.dir/CheckSymbolExists.c.o -c /mnt/c/Users/Michael/Documents/Projects/SAOD/build/CMakeFiles/CMakeTmp/CheckSymbolExists.c
Linking C executable cmTC_d5215
/usr/bin/cmake -E cmake_link_script CMakeFiles/cmTC_d5215.dir/link.txt --verbose=1
/usr/bin/cc   -D_GNU_SOURCE=1 CMakeFiles/cmTC_d5215.dir/CheckSymbolExists.c.o -o cmTC_d5215  -lm 
gmake[1]: Leaving directory '/mnt/c/Users/Michael/Documents/Projects/SAOD/build/CMakeFiles/CMakeTmp'


File /mnt/c/Users/Michael/Documents/Projects/SAOD/build/CMakeFiles/CMakeTmp/CheckSymbolExists.c:
/* */
#include <float.h>
#include <iconv.h>
#include <inttypes.h>
#include <limits.h>
#include <malloc.h>
#include <math.h>
#include <memory.h>
#include <signal.h>
#include <stdarg.h>
#include <stdbool.h>
#include <stddef.h>
#include <stdint.h>
#include <stdio.h>
#include <stdlib.h>
#include <string.h>
#include <strings.h>
#include <sys/types.h>
#include <time.h>
#include <wchar.h>

int main(int argc, char** argv)
{
  (void)argv;
#ifndef floor
  return ((int*)(&floor))[argc];
#else
  (void)argc;
  return 0;
#endif
}
Determining if the floorf exist passed with the following output:
Change Dir: /mnt/c/Users/Michael/Documents/Projects/SAOD/build/CMakeFiles/CMakeTmp

Run Build Command(s):/usr/bin/gmake -f Makefile cmTC_9ec0d/fast && /usr/bin/gmake  -f CMakeFiles/cmTC_9ec0d.dir/build.make CMakeFiles/cmTC_9ec0d.dir/build
gmake[1]: Entering directory '/mnt/c/Users/Michael/Documents/Projects/SAOD/build/CMakeFiles/CMakeTmp'
Building C object CMakeFiles/cmTC_9ec0d.dir/CheckSymbolExists.c.o
/usr/bin/cc   -D_GNU_SOURCE=1 -o CMakeFiles/cmTC_9ec0d.dir/CheckSymbolExists.c.o -c /mnt/c/Users/Michael/Documents/Projects/SAOD/build/CMakeFiles/CMakeTmp/CheckSymbolExists.c
Linking C executable cmTC_9ec0d
/usr/bin/cmake -E cmake_link_script CMakeFiles/cmTC_9ec0d.dir/link.txt --verbose=1
/usr/bin/cc   -D_GNU_SOURCE=1 CMakeFiles/cmTC_9ec0d.dir/CheckSymbolExists.c.o -o cmTC_9ec0d  -lm 
gmake[1]: Leaving directory '/mnt/c/Users/Michael/Documents/Projects/SAOD/build/CMakeFiles/CMakeTmp'


File /mnt/c/Users/Michael/Documents/Projects/SAOD/build/CMakeFiles/CMakeTmp/CheckSymbolExists.c:
/* */
#include <float.h>
#include <iconv.h>
#include <inttypes.h>
#include <limits.h>
#include <malloc.h>
#include <math.h>
#include <memory.h>
#include <signal.h>
#include <stdarg.h>
#include <stdbool.h>
#include <stddef.h>
#include <stdint.h>
#include <stdio.h>
#include <stdlib.h>
#include <string.h>
#include <strings.h>
#include <sys/types.h>
#include <time.h>
#include <wchar.h>

int main(int argc, char** argv)
{
  (void)argv;
#ifndef floorf
  return ((int*)(&floorf))[argc];
#else
  (void)argc;
  return 0;
#endif
}
Determining if the fmod exist passed with the following output:
Change Dir: /mnt/c/Users/Michael/Documents/Projects/SAOD/build/CMakeFiles/CMakeTmp

Run Build Command(s):/usr/bin/gmake -f Makefile cmTC_0d973/fast && /usr/bin/gmake  -f CMakeFiles/cmTC_0d973.dir/build.make CMakeFiles/cmTC_0d973.dir/build
gmake[1]: Entering directory '/mnt/c/Users/Michael/Documents/Projects/SAOD/build/CMakeFiles/CMakeTmp'
Building C object CMakeFiles/cmTC_0d973.dir/CheckSymbolExists.c.o
/usr/bin/cc   -D_GNU_SOURCE=1 -o CMakeFiles/cmTC_0d973.dir/CheckSymbolExists.c.o -c /mnt/c/Users/Michael/Documents/Projects/SAOD/build/CMakeFiles/CMakeTmp/CheckSymbolExists.c
Linking C executable cmTC_0d973
/usr/bin/cmake -E cmake_link_script CMakeFiles/cmTC_0d973.dir/link.txt --verbose=1
/usr/bin/cc   -D_GNU_SOURCE=1 CMakeFiles/cmTC_0d973.dir/CheckSymbolExists.c.o -o cmTC_0d973  -lm 
gmake[1]: Leaving directory '/mnt/c/Users/Michael/Documents/Projects/SAOD/build/CMakeFiles/CMakeTmp'


File /mnt/c/Users/Michael/Documents/Projects/SAOD/build/CMakeFiles/CMakeTmp/CheckSymbolExists.c:
/* */
#include <float.h>
#include <iconv.h>
#include <inttypes.h>
#include <limits.h>
#include <malloc.h>
#include <math.h>
#include <memory.h>
#include <signal.h>
#include <stdarg.h>
#include <stdbool.h>
#include <stddef.h>
#include <stdint.h>
#include <stdio.h>
#include <stdlib.h>
#include <string.h>
#include <strings.h>
#include <sys/types.h>
#include <time.h>
#include <wchar.h>

int main(int argc, char** argv)
{
  (void)argv;
#ifndef fmod
  return ((int*)(&fmod))[argc];
#else
  (void)argc;
  return 0;
#endif
}
Determining if the fmodf exist passed with the following output:
Change Dir: /mnt/c/Users/Michael/Documents/Projects/SAOD/build/CMakeFiles/CMakeTmp

Run Build Command(s):/usr/bin/gmake -f Makefile cmTC_22909/fast && /usr/bin/gmake  -f CMakeFiles/cmTC_22909.dir/build.make CMakeFiles/cmTC_22909.dir/build
gmake[1]: Entering directory '/mnt/c/Users/Michael/Documents/Projects/SAOD/build/CMakeFiles/CMakeTmp'
Building C object CMakeFiles/cmTC_22909.dir/CheckSymbolExists.c.o
/usr/bin/cc   -D_GNU_SOURCE=1 -o CMakeFiles/cmTC_22909.dir/CheckSymbolExists.c.o -c /mnt/c/Users/Michael/Documents/Projects/SAOD/build/CMakeFiles/CMakeTmp/CheckSymbolExists.c
Linking C executable cmTC_22909
/usr/bin/cmake -E cmake_link_script CMakeFiles/cmTC_22909.dir/link.txt --verbose=1
/usr/bin/cc   -D_GNU_SOURCE=1 CMakeFiles/cmTC_22909.dir/CheckSymbolExists.c.o -o cmTC_22909  -lm 
gmake[1]: Leaving directory '/mnt/c/Users/Michael/Documents/Projects/SAOD/build/CMakeFiles/CMakeTmp'


File /mnt/c/Users/Michael/Documents/Projects/SAOD/build/CMakeFiles/CMakeTmp/CheckSymbolExists.c:
/* */
#include <float.h>
#include <iconv.h>
#include <inttypes.h>
#include <limits.h>
#include <malloc.h>
#include <math.h>
#include <memory.h>
#include <signal.h>
#include <stdarg.h>
#include <stdbool.h>
#include <stddef.h>
#include <stdint.h>
#include <stdio.h>
#include <stdlib.h>
#include <string.h>
#include <strings.h>
#include <sys/types.h>
#include <time.h>
#include <wchar.h>

int main(int argc, char** argv)
{
  (void)argv;
#ifndef fmodf
  return ((int*)(&fmodf))[argc];
#else
  (void)argc;
  return 0;
#endif
}
Determining if the fopen64 exist passed with the following output:
Change Dir: /mnt/c/Users/Michael/Documents/Projects/SAOD/build/CMakeFiles/CMakeTmp

Run Build Command(s):/usr/bin/gmake -f Makefile cmTC_c934e/fast && /usr/bin/gmake  -f CMakeFiles/cmTC_c934e.dir/build.make CMakeFiles/cmTC_c934e.dir/build
gmake[1]: Entering directory '/mnt/c/Users/Michael/Documents/Projects/SAOD/build/CMakeFiles/CMakeTmp'
Building C object CMakeFiles/cmTC_c934e.dir/CheckSymbolExists.c.o
/usr/bin/cc   -D_GNU_SOURCE=1 -o CMakeFiles/cmTC_c934e.dir/CheckSymbolExists.c.o -c /mnt/c/Users/Michael/Documents/Projects/SAOD/build/CMakeFiles/CMakeTmp/CheckSymbolExists.c
Linking C executable cmTC_c934e
/usr/bin/cmake -E cmake_link_script CMakeFiles/cmTC_c934e.dir/link.txt --verbose=1
/usr/bin/cc   -D_GNU_SOURCE=1 CMakeFiles/cmTC_c934e.dir/CheckSymbolExists.c.o -o cmTC_c934e  -lm 
gmake[1]: Leaving directory '/mnt/c/Users/Michael/Documents/Projects/SAOD/build/CMakeFiles/CMakeTmp'


File /mnt/c/Users/Michael/Documents/Projects/SAOD/build/CMakeFiles/CMakeTmp/CheckSymbolExists.c:
/* */
#include <float.h>
#include <iconv.h>
#include <inttypes.h>
#include <limits.h>
#include <malloc.h>
#include <math.h>
#include <memory.h>
#include <signal.h>
#include <stdarg.h>
#include <stdbool.h>
#include <stddef.h>
#include <stdint.h>
#include <stdio.h>
#include <stdlib.h>
#include <string.h>
#include <strings.h>
#include <sys/types.h>
#include <time.h>
#include <wchar.h>

int main(int argc, char** argv)
{
  (void)argv;
#ifndef fopen64
  return ((int*)(&fopen64))[argc];
#else
  (void)argc;
  return 0;
#endif
}
Determining if the fseeko exist passed with the following output:
Change Dir: /mnt/c/Users/Michael/Documents/Projects/SAOD/build/CMakeFiles/CMakeTmp

Run Build Command(s):/usr/bin/gmake -f Makefile cmTC_16906/fast && /usr/bin/gmake  -f CMakeFiles/cmTC_16906.dir/build.make CMakeFiles/cmTC_16906.dir/build
gmake[1]: Entering directory '/mnt/c/Users/Michael/Documents/Projects/SAOD/build/CMakeFiles/CMakeTmp'
Building C object CMakeFiles/cmTC_16906.dir/CheckSymbolExists.c.o
/usr/bin/cc   -D_GNU_SOURCE=1 -o CMakeFiles/cmTC_16906.dir/CheckSymbolExists.c.o -c /mnt/c/Users/Michael/Documents/Projects/SAOD/build/CMakeFiles/CMakeTmp/CheckSymbolExists.c
Linking C executable cmTC_16906
/usr/bin/cmake -E cmake_link_script CMakeFiles/cmTC_16906.dir/link.txt --verbose=1
/usr/bin/cc   -D_GNU_SOURCE=1 CMakeFiles/cmTC_16906.dir/CheckSymbolExists.c.o -o cmTC_16906  -lm 
gmake[1]: Leaving directory '/mnt/c/Users/Michael/Documents/Projects/SAOD/build/CMakeFiles/CMakeTmp'


File /mnt/c/Users/Michael/Documents/Projects/SAOD/build/CMakeFiles/CMakeTmp/CheckSymbolExists.c:
/* */
#include <float.h>
#include <iconv.h>
#include <inttypes.h>
#include <limits.h>
#include <malloc.h>
#include <math.h>
#include <memory.h>
#include <signal.h>
#include <stdarg.h>
#include <stdbool.h>
#include <stddef.h>
#include <stdint.h>
#include <stdio.h>
#include <stdlib.h>
#include <string.h>
#include <strings.h>
#include <sys/types.h>
#include <time.h>
#include <wchar.h>

int main(int argc, char** argv)
{
  (void)argv;
#ifndef fseeko
  return ((int*)(&fseeko))[argc];
#else
  (void)argc;
  return 0;
#endif
}
Determining if the fseeko64 exist passed with the following output:
Change Dir: /mnt/c/Users/Michael/Documents/Projects/SAOD/build/CMakeFiles/CMakeTmp

Run Build Command(s):/usr/bin/gmake -f Makefile cmTC_a8640/fast && /usr/bin/gmake  -f CMakeFiles/cmTC_a8640.dir/build.make CMakeFiles/cmTC_a8640.dir/build
gmake[1]: Entering directory '/mnt/c/Users/Michael/Documents/Projects/SAOD/build/CMakeFiles/CMakeTmp'
Building C object CMakeFiles/cmTC_a8640.dir/CheckSymbolExists.c.o
/usr/bin/cc   -D_GNU_SOURCE=1 -o CMakeFiles/cmTC_a8640.dir/CheckSymbolExists.c.o -c /mnt/c/Users/Michael/Documents/Projects/SAOD/build/CMakeFiles/CMakeTmp/CheckSymbolExists.c
Linking C executable cmTC_a8640
/usr/bin/cmake -E cmake_link_script CMakeFiles/cmTC_a8640.dir/link.txt --verbose=1
/usr/bin/cc   -D_GNU_SOURCE=1 CMakeFiles/cmTC_a8640.dir/CheckSymbolExists.c.o -o cmTC_a8640  -lm 
gmake[1]: Leaving directory '/mnt/c/Users/Michael/Documents/Projects/SAOD/build/CMakeFiles/CMakeTmp'


File /mnt/c/Users/Michael/Documents/Projects/SAOD/build/CMakeFiles/CMakeTmp/CheckSymbolExists.c:
/* */
#include <float.h>
#include <iconv.h>
#include <inttypes.h>
#include <limits.h>
#include <malloc.h>
#include <math.h>
#include <memory.h>
#include <signal.h>
#include <stdarg.h>
#include <stdbool.h>
#include <stddef.h>
#include <stdint.h>
#include <stdio.h>
#include <stdlib.h>
#include <string.h>
#include <strings.h>
#include <sys/types.h>
#include <time.h>
#include <wchar.h>

int main(int argc, char** argv)
{
  (void)argv;
#ifndef fseeko64
  return ((int*)(&fseeko64))[argc];
#else
  (void)argc;
  return 0;
#endif
}
Determining if the getenv exist passed with the following output:
Change Dir: /mnt/c/Users/Michael/Documents/Projects/SAOD/build/CMakeFiles/CMakeTmp

Run Build Command(s):/usr/bin/gmake -f Makefile cmTC_6f526/fast && /usr/bin/gmake  -f CMakeFiles/cmTC_6f526.dir/build.make CMakeFiles/cmTC_6f526.dir/build
gmake[1]: Entering directory '/mnt/c/Users/Michael/Documents/Projects/SAOD/build/CMakeFiles/CMakeTmp'
Building C object CMakeFiles/cmTC_6f526.dir/CheckSymbolExists.c.o
/usr/bin/cc   -D_GNU_SOURCE=1 -o CMakeFiles/cmTC_6f526.dir/CheckSymbolExists.c.o -c /mnt/c/Users/Michael/Documents/Projects/SAOD/build/CMakeFiles/CMakeTmp/CheckSymbolExists.c
Linking C executable cmTC_6f526
/usr/bin/cmake -E cmake_link_script CMakeFiles/cmTC_6f526.dir/link.txt --verbose=1
/usr/bin/cc   -D_GNU_SOURCE=1 CMakeFiles/cmTC_6f526.dir/CheckSymbolExists.c.o -o cmTC_6f526  -lm 
gmake[1]: Leaving directory '/mnt/c/Users/Michael/Documents/Projects/SAOD/build/CMakeFiles/CMakeTmp'


File /mnt/c/Users/Michael/Documents/Projects/SAOD/build/CMakeFiles/CMakeTmp/CheckSymbolExists.c:
/* */
#include <float.h>
#include <iconv.h>
#include <inttypes.h>
#include <limits.h>
#include <malloc.h>
#include <math.h>
#include <memory.h>
#include <signal.h>
#include <stdarg.h>
#include <stdbool.h>
#include <stddef.h>
#include <stdint.h>
#include <stdio.h>
#include <stdlib.h>
#include <string.h>
#include <strings.h>
#include <sys/types.h>
#include <time.h>
#include <wchar.h>

int main(int argc, char** argv)
{
  (void)argv;
#ifndef getenv
  return ((int*)(&getenv))[argc];
#else
  (void)argc;
  return 0;
#endif
}
Determining if the index exist passed with the following output:
Change Dir: /mnt/c/Users/Michael/Documents/Projects/SAOD/build/CMakeFiles/CMakeTmp

Run Build Command(s):/usr/bin/gmake -f Makefile cmTC_c25e9/fast && /usr/bin/gmake  -f CMakeFiles/cmTC_c25e9.dir/build.make CMakeFiles/cmTC_c25e9.dir/build
gmake[1]: Entering directory '/mnt/c/Users/Michael/Documents/Projects/SAOD/build/CMakeFiles/CMakeTmp'
Building C object CMakeFiles/cmTC_c25e9.dir/CheckSymbolExists.c.o
/usr/bin/cc   -D_GNU_SOURCE=1 -o CMakeFiles/cmTC_c25e9.dir/CheckSymbolExists.c.o -c /mnt/c/Users/Michael/Documents/Projects/SAOD/build/CMakeFiles/CMakeTmp/CheckSymbolExists.c
Linking C executable cmTC_c25e9
/usr/bin/cmake -E cmake_link_script CMakeFiles/cmTC_c25e9.dir/link.txt --verbose=1
/usr/bin/cc   -D_GNU_SOURCE=1 CMakeFiles/cmTC_c25e9.dir/CheckSymbolExists.c.o -o cmTC_c25e9  -lm 
gmake[1]: Leaving directory '/mnt/c/Users/Michael/Documents/Projects/SAOD/build/CMakeFiles/CMakeTmp'


File /mnt/c/Users/Michael/Documents/Projects/SAOD/build/CMakeFiles/CMakeTmp/CheckSymbolExists.c:
/* */
#include <float.h>
#include <iconv.h>
#include <inttypes.h>
#include <limits.h>
#include <malloc.h>
#include <math.h>
#include <memory.h>
#include <signal.h>
#include <stdarg.h>
#include <stdbool.h>
#include <stddef.h>
#include <stdint.h>
#include <stdio.h>
#include <stdlib.h>
#include <string.h>
#include <strings.h>
#include <sys/types.h>
#include <time.h>
#include <wchar.h>

int main(int argc, char** argv)
{
  (void)argv;
#ifndef index
  return ((int*)(&index))[argc];
#else
  (void)argc;
  return 0;
#endif
}
Determining if the log exist passed with the following output:
Change Dir: /mnt/c/Users/Michael/Documents/Projects/SAOD/build/CMakeFiles/CMakeTmp

Run Build Command(s):/usr/bin/gmake -f Makefile cmTC_fa2ed/fast && /usr/bin/gmake  -f CMakeFiles/cmTC_fa2ed.dir/build.make CMakeFiles/cmTC_fa2ed.dir/build
gmake[1]: Entering directory '/mnt/c/Users/Michael/Documents/Projects/SAOD/build/CMakeFiles/CMakeTmp'
Building C object CMakeFiles/cmTC_fa2ed.dir/CheckSymbolExists.c.o
/usr/bin/cc   -D_GNU_SOURCE=1 -o CMakeFiles/cmTC_fa2ed.dir/CheckSymbolExists.c.o -c /mnt/c/Users/Michael/Documents/Projects/SAOD/build/CMakeFiles/CMakeTmp/CheckSymbolExists.c
Linking C executable cmTC_fa2ed
/usr/bin/cmake -E cmake_link_script CMakeFiles/cmTC_fa2ed.dir/link.txt --verbose=1
/usr/bin/cc   -D_GNU_SOURCE=1 CMakeFiles/cmTC_fa2ed.dir/CheckSymbolExists.c.o -o cmTC_fa2ed  -lm 
gmake[1]: Leaving directory '/mnt/c/Users/Michael/Documents/Projects/SAOD/build/CMakeFiles/CMakeTmp'


File /mnt/c/Users/Michael/Documents/Projects/SAOD/build/CMakeFiles/CMakeTmp/CheckSymbolExists.c:
/* */
#include <float.h>
#include <iconv.h>
#include <inttypes.h>
#include <limits.h>
#include <malloc.h>
#include <math.h>
#include <memory.h>
#include <signal.h>
#include <stdarg.h>
#include <stdbool.h>
#include <stddef.h>
#include <stdint.h>
#include <stdio.h>
#include <stdlib.h>
#include <string.h>
#include <strings.h>
#include <sys/types.h>
#include <time.h>
#include <wchar.h>

int main(int argc, char** argv)
{
  (void)argv;
#ifndef log
  return ((int*)(&log))[argc];
#else
  (void)argc;
  return 0;
#endif
}
Determining if the log10 exist passed with the following output:
Change Dir: /mnt/c/Users/Michael/Documents/Projects/SAOD/build/CMakeFiles/CMakeTmp

Run Build Command(s):/usr/bin/gmake -f Makefile cmTC_5f97f/fast && /usr/bin/gmake  -f CMakeFiles/cmTC_5f97f.dir/build.make CMakeFiles/cmTC_5f97f.dir/build
gmake[1]: Entering directory '/mnt/c/Users/Michael/Documents/Projects/SAOD/build/CMakeFiles/CMakeTmp'
Building C object CMakeFiles/cmTC_5f97f.dir/CheckSymbolExists.c.o
/usr/bin/cc   -D_GNU_SOURCE=1 -o CMakeFiles/cmTC_5f97f.dir/CheckSymbolExists.c.o -c /mnt/c/Users/Michael/Documents/Projects/SAOD/build/CMakeFiles/CMakeTmp/CheckSymbolExists.c
Linking C executable cmTC_5f97f
/usr/bin/cmake -E cmake_link_script CMakeFiles/cmTC_5f97f.dir/link.txt --verbose=1
/usr/bin/cc   -D_GNU_SOURCE=1 CMakeFiles/cmTC_5f97f.dir/CheckSymbolExists.c.o -o cmTC_5f97f  -lm 
gmake[1]: Leaving directory '/mnt/c/Users/Michael/Documents/Projects/SAOD/build/CMakeFiles/CMakeTmp'


File /mnt/c/Users/Michael/Documents/Projects/SAOD/build/CMakeFiles/CMakeTmp/CheckSymbolExists.c:
/* */
#include <float.h>
#include <iconv.h>
#include <inttypes.h>
#include <limits.h>
#include <malloc.h>
#include <math.h>
#include <memory.h>
#include <signal.h>
#include <stdarg.h>
#include <stdbool.h>
#include <stddef.h>
#include <stdint.h>
#include <stdio.h>
#include <stdlib.h>
#include <string.h>
#include <strings.h>
#include <sys/types.h>
#include <time.h>
#include <wchar.h>

int main(int argc, char** argv)
{
  (void)argv;
#ifndef log10
  return ((int*)(&log10))[argc];
#else
  (void)argc;
  return 0;
#endif
}
Determining if the log10f exist passed with the following output:
Change Dir: /mnt/c/Users/Michael/Documents/Projects/SAOD/build/CMakeFiles/CMakeTmp

Run Build Command(s):/usr/bin/gmake -f Makefile cmTC_de646/fast && /usr/bin/gmake  -f CMakeFiles/cmTC_de646.dir/build.make CMakeFiles/cmTC_de646.dir/build
gmake[1]: Entering directory '/mnt/c/Users/Michael/Documents/Projects/SAOD/build/CMakeFiles/CMakeTmp'
Building C object CMakeFiles/cmTC_de646.dir/CheckSymbolExists.c.o
/usr/bin/cc   -D_GNU_SOURCE=1 -o CMakeFiles/cmTC_de646.dir/CheckSymbolExists.c.o -c /mnt/c/Users/Michael/Documents/Projects/SAOD/build/CMakeFiles/CMakeTmp/CheckSymbolExists.c
Linking C executable cmTC_de646
/usr/bin/cmake -E cmake_link_script CMakeFiles/cmTC_de646.dir/link.txt --verbose=1
/usr/bin/cc   -D_GNU_SOURCE=1 CMakeFiles/cmTC_de646.dir/CheckSymbolExists.c.o -o cmTC_de646  -lm 
gmake[1]: Leaving directory '/mnt/c/Users/Michael/Documents/Projects/SAOD/build/CMakeFiles/CMakeTmp'


File /mnt/c/Users/Michael/Documents/Projects/SAOD/build/CMakeFiles/CMakeTmp/CheckSymbolExists.c:
/* */
#include <float.h>
#include <iconv.h>
#include <inttypes.h>
#include <limits.h>
#include <malloc.h>
#include <math.h>
#include <memory.h>
#include <signal.h>
#include <stdarg.h>
#include <stdbool.h>
#include <stddef.h>
#include <stdint.h>
#include <stdio.h>
#include <stdlib.h>
#include <string.h>
#include <strings.h>
#include <sys/types.h>
#include <time.h>
#include <wchar.h>

int main(int argc, char** argv)
{
  (void)argv;
#ifndef log10f
  return ((int*)(&log10f))[argc];
#else
  (void)argc;
  return 0;
#endif
}
Determining if the logf exist passed with the following output:
Change Dir: /mnt/c/Users/Michael/Documents/Projects/SAOD/build/CMakeFiles/CMakeTmp

Run Build Command(s):/usr/bin/gmake -f Makefile cmTC_ad677/fast && /usr/bin/gmake  -f CMakeFiles/cmTC_ad677.dir/build.make CMakeFiles/cmTC_ad677.dir/build
gmake[1]: Entering directory '/mnt/c/Users/Michael/Documents/Projects/SAOD/build/CMakeFiles/CMakeTmp'
Building C object CMakeFiles/cmTC_ad677.dir/CheckSymbolExists.c.o
/usr/bin/cc   -D_GNU_SOURCE=1 -o CMakeFiles/cmTC_ad677.dir/CheckSymbolExists.c.o -c /mnt/c/Users/Michael/Documents/Projects/SAOD/build/CMakeFiles/CMakeTmp/CheckSymbolExists.c
Linking C executable cmTC_ad677
/usr/bin/cmake -E cmake_link_script CMakeFiles/cmTC_ad677.dir/link.txt --verbose=1
/usr/bin/cc   -D_GNU_SOURCE=1 CMakeFiles/cmTC_ad677.dir/CheckSymbolExists.c.o -o cmTC_ad677  -lm 
gmake[1]: Leaving directory '/mnt/c/Users/Michael/Documents/Projects/SAOD/build/CMakeFiles/CMakeTmp'


File /mnt/c/Users/Michael/Documents/Projects/SAOD/build/CMakeFiles/CMakeTmp/CheckSymbolExists.c:
/* */
#include <float.h>
#include <iconv.h>
#include <inttypes.h>
#include <limits.h>
#include <malloc.h>
#include <math.h>
#include <memory.h>
#include <signal.h>
#include <stdarg.h>
#include <stdbool.h>
#include <stddef.h>
#include <stdint.h>
#include <stdio.h>
#include <stdlib.h>
#include <string.h>
#include <strings.h>
#include <sys/types.h>
#include <time.h>
#include <wchar.h>

int main(int argc, char** argv)
{
  (void)argv;
#ifndef logf
  return ((int*)(&logf))[argc];
#else
  (void)argc;
  return 0;
#endif
}
Determining if the lround exist passed with the following output:
Change Dir: /mnt/c/Users/Michael/Documents/Projects/SAOD/build/CMakeFiles/CMakeTmp

Run Build Command(s):/usr/bin/gmake -f Makefile cmTC_acc1e/fast && /usr/bin/gmake  -f CMakeFiles/cmTC_acc1e.dir/build.make CMakeFiles/cmTC_acc1e.dir/build
gmake[1]: Entering directory '/mnt/c/Users/Michael/Documents/Projects/SAOD/build/CMakeFiles/CMakeTmp'
Building C object CMakeFiles/cmTC_acc1e.dir/CheckSymbolExists.c.o
/usr/bin/cc   -D_GNU_SOURCE=1 -o CMakeFiles/cmTC_acc1e.dir/CheckSymbolExists.c.o -c /mnt/c/Users/Michael/Documents/Projects/SAOD/build/CMakeFiles/CMakeTmp/CheckSymbolExists.c
Linking C executable cmTC_acc1e
/usr/bin/cmake -E cmake_link_script CMakeFiles/cmTC_acc1e.dir/link.txt --verbose=1
/usr/bin/cc   -D_GNU_SOURCE=1 CMakeFiles/cmTC_acc1e.dir/CheckSymbolExists.c.o -o cmTC_acc1e  -lm 
gmake[1]: Leaving directory '/mnt/c/Users/Michael/Documents/Projects/SAOD/build/CMakeFiles/CMakeTmp'


File /mnt/c/Users/Michael/Documents/Projects/SAOD/build/CMakeFiles/CMakeTmp/CheckSymbolExists.c:
/* */
#include <float.h>
#include <iconv.h>
#include <inttypes.h>
#include <limits.h>
#include <malloc.h>
#include <math.h>
#include <memory.h>
#include <signal.h>
#include <stdarg.h>
#include <stdbool.h>
#include <stddef.h>
#include <stdint.h>
#include <stdio.h>
#include <stdlib.h>
#include <string.h>
#include <strings.h>
#include <sys/types.h>
#include <time.h>
#include <wchar.h>

int main(int argc, char** argv)
{
  (void)argv;
#ifndef lround
  return ((int*)(&lround))[argc];
#else
  (void)argc;
  return 0;
#endif
}
Determining if the lroundf exist passed with the following output:
Change Dir: /mnt/c/Users/Michael/Documents/Projects/SAOD/build/CMakeFiles/CMakeTmp

Run Build Command(s):/usr/bin/gmake -f Makefile cmTC_f914b/fast && /usr/bin/gmake  -f CMakeFiles/cmTC_f914b.dir/build.make CMakeFiles/cmTC_f914b.dir/build
gmake[1]: Entering directory '/mnt/c/Users/Michael/Documents/Projects/SAOD/build/CMakeFiles/CMakeTmp'
Building C object CMakeFiles/cmTC_f914b.dir/CheckSymbolExists.c.o
/usr/bin/cc   -D_GNU_SOURCE=1 -o CMakeFiles/cmTC_f914b.dir/CheckSymbolExists.c.o -c /mnt/c/Users/Michael/Documents/Projects/SAOD/build/CMakeFiles/CMakeTmp/CheckSymbolExists.c
Linking C executable cmTC_f914b
/usr/bin/cmake -E cmake_link_script CMakeFiles/cmTC_f914b.dir/link.txt --verbose=1
/usr/bin/cc   -D_GNU_SOURCE=1 CMakeFiles/cmTC_f914b.dir/CheckSymbolExists.c.o -o cmTC_f914b  -lm 
gmake[1]: Leaving directory '/mnt/c/Users/Michael/Documents/Projects/SAOD/build/CMakeFiles/CMakeTmp'


File /mnt/c/Users/Michael/Documents/Projects/SAOD/build/CMakeFiles/CMakeTmp/CheckSymbolExists.c:
/* */
#include <float.h>
#include <iconv.h>
#include <inttypes.h>
#include <limits.h>
#include <malloc.h>
#include <math.h>
#include <memory.h>
#include <signal.h>
#include <stdarg.h>
#include <stdbool.h>
#include <stddef.h>
#include <stdint.h>
#include <stdio.h>
#include <stdlib.h>
#include <string.h>
#include <strings.h>
#include <sys/types.h>
#include <time.h>
#include <wchar.h>

int main(int argc, char** argv)
{
  (void)argv;
#ifndef lroundf
  return ((int*)(&lroundf))[argc];
#else
  (void)argc;
  return 0;
#endif
}
Determining if the malloc exist passed with the following output:
Change Dir: /mnt/c/Users/Michael/Documents/Projects/SAOD/build/CMakeFiles/CMakeTmp

Run Build Command(s):/usr/bin/gmake -f Makefile cmTC_eae2b/fast && /usr/bin/gmake  -f CMakeFiles/cmTC_eae2b.dir/build.make CMakeFiles/cmTC_eae2b.dir/build
gmake[1]: Entering directory '/mnt/c/Users/Michael/Documents/Projects/SAOD/build/CMakeFiles/CMakeTmp'
Building C object CMakeFiles/cmTC_eae2b.dir/CheckSymbolExists.c.o
/usr/bin/cc   -D_GNU_SOURCE=1 -o CMakeFiles/cmTC_eae2b.dir/CheckSymbolExists.c.o -c /mnt/c/Users/Michael/Documents/Projects/SAOD/build/CMakeFiles/CMakeTmp/CheckSymbolExists.c
Linking C executable cmTC_eae2b
/usr/bin/cmake -E cmake_link_script CMakeFiles/cmTC_eae2b.dir/link.txt --verbose=1
/usr/bin/cc   -D_GNU_SOURCE=1 CMakeFiles/cmTC_eae2b.dir/CheckSymbolExists.c.o -o cmTC_eae2b  -lm 
gmake[1]: Leaving directory '/mnt/c/Users/Michael/Documents/Projects/SAOD/build/CMakeFiles/CMakeTmp'


File /mnt/c/Users/Michael/Documents/Projects/SAOD/build/CMakeFiles/CMakeTmp/CheckSymbolExists.c:
/* */
#include <float.h>
#include <iconv.h>
#include <inttypes.h>
#include <limits.h>
#include <malloc.h>
#include <math.h>
#include <memory.h>
#include <signal.h>
#include <stdarg.h>
#include <stdbool.h>
#include <stddef.h>
#include <stdint.h>
#include <stdio.h>
#include <stdlib.h>
#include <string.h>
#include <strings.h>
#include <sys/types.h>
#include <time.h>
#include <wchar.h>

int main(int argc, char** argv)
{
  (void)argv;
#ifndef malloc
  return ((int*)(&malloc))[argc];
#else
  (void)argc;
  return 0;
#endif
}
Determining if the memcmp exist passed with the following output:
Change Dir: /mnt/c/Users/Michael/Documents/Projects/SAOD/build/CMakeFiles/CMakeTmp

Run Build Command(s):/usr/bin/gmake -f Makefile cmTC_f43c3/fast && /usr/bin/gmake  -f CMakeFiles/cmTC_f43c3.dir/build.make CMakeFiles/cmTC_f43c3.dir/build
gmake[1]: Entering directory '/mnt/c/Users/Michael/Documents/Projects/SAOD/build/CMakeFiles/CMakeTmp'
Building C object CMakeFiles/cmTC_f43c3.dir/CheckSymbolExists.c.o
/usr/bin/cc   -D_GNU_SOURCE=1 -o CMakeFiles/cmTC_f43c3.dir/CheckSymbolExists.c.o -c /mnt/c/Users/Michael/Documents/Projects/SAOD/build/CMakeFiles/CMakeTmp/CheckSymbolExists.c
Linking C executable cmTC_f43c3
/usr/bin/cmake -E cmake_link_script CMakeFiles/cmTC_f43c3.dir/link.txt --verbose=1
/usr/bin/cc   -D_GNU_SOURCE=1 CMakeFiles/cmTC_f43c3.dir/CheckSymbolExists.c.o -o cmTC_f43c3  -lm 
gmake[1]: Leaving directory '/mnt/c/Users/Michael/Documents/Projects/SAOD/build/CMakeFiles/CMakeTmp'


File /mnt/c/Users/Michael/Documents/Projects/SAOD/build/CMakeFiles/CMakeTmp/CheckSymbolExists.c:
/* */
#include <float.h>
#include <iconv.h>
#include <inttypes.h>
#include <limits.h>
#include <malloc.h>
#include <math.h>
#include <memory.h>
#include <signal.h>
#include <stdarg.h>
#include <stdbool.h>
#include <stddef.h>
#include <stdint.h>
#include <stdio.h>
#include <stdlib.h>
#include <string.h>
#include <strings.h>
#include <sys/types.h>
#include <time.h>
#include <wchar.h>

int main(int argc, char** argv)
{
  (void)argv;
#ifndef memcmp
  return ((int*)(&memcmp))[argc];
#else
  (void)argc;
  return 0;
#endif
}
Determining if the memcpy exist passed with the following output:
Change Dir: /mnt/c/Users/Michael/Documents/Projects/SAOD/build/CMakeFiles/CMakeTmp

Run Build Command(s):/usr/bin/gmake -f Makefile cmTC_d4fe9/fast && /usr/bin/gmake  -f CMakeFiles/cmTC_d4fe9.dir/build.make CMakeFiles/cmTC_d4fe9.dir/build
gmake[1]: Entering directory '/mnt/c/Users/Michael/Documents/Projects/SAOD/build/CMakeFiles/CMakeTmp'
Building C object CMakeFiles/cmTC_d4fe9.dir/CheckSymbolExists.c.o
/usr/bin/cc   -D_GNU_SOURCE=1 -o CMakeFiles/cmTC_d4fe9.dir/CheckSymbolExists.c.o -c /mnt/c/Users/Michael/Documents/Projects/SAOD/build/CMakeFiles/CMakeTmp/CheckSymbolExists.c
Linking C executable cmTC_d4fe9
/usr/bin/cmake -E cmake_link_script CMakeFiles/cmTC_d4fe9.dir/link.txt --verbose=1
/usr/bin/cc   -D_GNU_SOURCE=1 CMakeFiles/cmTC_d4fe9.dir/CheckSymbolExists.c.o -o cmTC_d4fe9  -lm 
gmake[1]: Leaving directory '/mnt/c/Users/Michael/Documents/Projects/SAOD/build/CMakeFiles/CMakeTmp'


File /mnt/c/Users/Michael/Documents/Projects/SAOD/build/CMakeFiles/CMakeTmp/CheckSymbolExists.c:
/* */
#include <float.h>
#include <iconv.h>
#include <inttypes.h>
#include <limits.h>
#include <malloc.h>
#include <math.h>
#include <memory.h>
#include <signal.h>
#include <stdarg.h>
#include <stdbool.h>
#include <stddef.h>
#include <stdint.h>
#include <stdio.h>
#include <stdlib.h>
#include <string.h>
#include <strings.h>
#include <sys/types.h>
#include <time.h>
#include <wchar.h>

int main(int argc, char** argv)
{
  (void)argv;
#ifndef memcpy
  return ((int*)(&memcpy))[argc];
#else
  (void)argc;
  return 0;
#endif
}
Determining if the memmove exist passed with the following output:
Change Dir: /mnt/c/Users/Michael/Documents/Projects/SAOD/build/CMakeFiles/CMakeTmp

Run Build Command(s):/usr/bin/gmake -f Makefile cmTC_f1e11/fast && /usr/bin/gmake  -f CMakeFiles/cmTC_f1e11.dir/build.make CMakeFiles/cmTC_f1e11.dir/build
gmake[1]: Entering directory '/mnt/c/Users/Michael/Documents/Projects/SAOD/build/CMakeFiles/CMakeTmp'
Building C object CMakeFiles/cmTC_f1e11.dir/CheckSymbolExists.c.o
/usr/bin/cc   -D_GNU_SOURCE=1 -o CMakeFiles/cmTC_f1e11.dir/CheckSymbolExists.c.o -c /mnt/c/Users/Michael/Documents/Projects/SAOD/build/CMakeFiles/CMakeTmp/CheckSymbolExists.c
Linking C executable cmTC_f1e11
/usr/bin/cmake -E cmake_link_script CMakeFiles/cmTC_f1e11.dir/link.txt --verbose=1
/usr/bin/cc   -D_GNU_SOURCE=1 CMakeFiles/cmTC_f1e11.dir/CheckSymbolExists.c.o -o cmTC_f1e11  -lm 
gmake[1]: Leaving directory '/mnt/c/Users/Michael/Documents/Projects/SAOD/build/CMakeFiles/CMakeTmp'


File /mnt/c/Users/Michael/Documents/Projects/SAOD/build/CMakeFiles/CMakeTmp/CheckSymbolExists.c:
/* */
#include <float.h>
#include <iconv.h>
#include <inttypes.h>
#include <limits.h>
#include <malloc.h>
#include <math.h>
#include <memory.h>
#include <signal.h>
#include <stdarg.h>
#include <stdbool.h>
#include <stddef.h>
#include <stdint.h>
#include <stdio.h>
#include <stdlib.h>
#include <string.h>
#include <strings.h>
#include <sys/types.h>
#include <time.h>
#include <wchar.h>

int main(int argc, char** argv)
{
  (void)argv;
#ifndef memmove
  return ((int*)(&memmove))[argc];
#else
  (void)argc;
  return 0;
#endif
}
Determining if the memset exist passed with the following output:
Change Dir: /mnt/c/Users/Michael/Documents/Projects/SAOD/build/CMakeFiles/CMakeTmp

Run Build Command(s):/usr/bin/gmake -f Makefile cmTC_c0815/fast && /usr/bin/gmake  -f CMakeFiles/cmTC_c0815.dir/build.make CMakeFiles/cmTC_c0815.dir/build
gmake[1]: Entering directory '/mnt/c/Users/Michael/Documents/Projects/SAOD/build/CMakeFiles/CMakeTmp'
Building C object CMakeFiles/cmTC_c0815.dir/CheckSymbolExists.c.o
/usr/bin/cc   -D_GNU_SOURCE=1 -o CMakeFiles/cmTC_c0815.dir/CheckSymbolExists.c.o -c /mnt/c/Users/Michael/Documents/Projects/SAOD/build/CMakeFiles/CMakeTmp/CheckSymbolExists.c
Linking C executable cmTC_c0815
/usr/bin/cmake -E cmake_link_script CMakeFiles/cmTC_c0815.dir/link.txt --verbose=1
/usr/bin/cc   -D_GNU_SOURCE=1 CMakeFiles/cmTC_c0815.dir/CheckSymbolExists.c.o -o cmTC_c0815  -lm 
gmake[1]: Leaving directory '/mnt/c/Users/Michael/Documents/Projects/SAOD/build/CMakeFiles/CMakeTmp'


File /mnt/c/Users/Michael/Documents/Projects/SAOD/build/CMakeFiles/CMakeTmp/CheckSymbolExists.c:
/* */
#include <float.h>
#include <iconv.h>
#include <inttypes.h>
#include <limits.h>
#include <malloc.h>
#include <math.h>
#include <memory.h>
#include <signal.h>
#include <stdarg.h>
#include <stdbool.h>
#include <stddef.h>
#include <stdint.h>
#include <stdio.h>
#include <stdlib.h>
#include <string.h>
#include <strings.h>
#include <sys/types.h>
#include <time.h>
#include <wchar.h>

int main(int argc, char** argv)
{
  (void)argv;
#ifndef memset
  return ((int*)(&memset))[argc];
#else
  (void)argc;
  return 0;
#endif
}
Determining if the modf exist passed with the following output:
Change Dir: /mnt/c/Users/Michael/Documents/Projects/SAOD/build/CMakeFiles/CMakeTmp

Run Build Command(s):/usr/bin/gmake -f Makefile cmTC_0b756/fast && /usr/bin/gmake  -f CMakeFiles/cmTC_0b756.dir/build.make CMakeFiles/cmTC_0b756.dir/build
gmake[1]: Entering directory '/mnt/c/Users/Michael/Documents/Projects/SAOD/build/CMakeFiles/CMakeTmp'
gmake[1]: Warning: File 'CMakeFiles/cmTC_0b756.dir/progress.make' has modification time 0.0042 s in the future
Building C object CMakeFiles/cmTC_0b756.dir/CheckSymbolExists.c.o
/usr/bin/cc   -D_GNU_SOURCE=1 -o CMakeFiles/cmTC_0b756.dir/CheckSymbolExists.c.o -c /mnt/c/Users/Michael/Documents/Projects/SAOD/build/CMakeFiles/CMakeTmp/CheckSymbolExists.c
Linking C executable cmTC_0b756
/usr/bin/cmake -E cmake_link_script CMakeFiles/cmTC_0b756.dir/link.txt --verbose=1
/usr/bin/cc   -D_GNU_SOURCE=1 CMakeFiles/cmTC_0b756.dir/CheckSymbolExists.c.o -o cmTC_0b756  -lm 
gmake[1]: warning:  Clock skew detected.  Your build may be incomplete.
gmake[1]: Leaving directory '/mnt/c/Users/Michael/Documents/Projects/SAOD/build/CMakeFiles/CMakeTmp'


File /mnt/c/Users/Michael/Documents/Projects/SAOD/build/CMakeFiles/CMakeTmp/CheckSymbolExists.c:
/* */
#include <float.h>
#include <iconv.h>
#include <inttypes.h>
#include <limits.h>
#include <malloc.h>
#include <math.h>
#include <memory.h>
#include <signal.h>
#include <stdarg.h>
#include <stdbool.h>
#include <stddef.h>
#include <stdint.h>
#include <stdio.h>
#include <stdlib.h>
#include <string.h>
#include <strings.h>
#include <sys/types.h>
#include <time.h>
#include <wchar.h>

int main(int argc, char** argv)
{
  (void)argv;
#ifndef modf
  return ((int*)(&modf))[argc];
#else
  (void)argc;
  return 0;
#endif
}
Determining if the modff exist passed with the following output:
Change Dir: /mnt/c/Users/Michael/Documents/Projects/SAOD/build/CMakeFiles/CMakeTmp

Run Build Command(s):/usr/bin/gmake -f Makefile cmTC_20563/fast && /usr/bin/gmake  -f CMakeFiles/cmTC_20563.dir/build.make CMakeFiles/cmTC_20563.dir/build
gmake[1]: Entering directory '/mnt/c/Users/Michael/Documents/Projects/SAOD/build/CMakeFiles/CMakeTmp'
gmake[1]: Warning: File 'CMakeFiles/cmTC_20563.dir/progress.make' has modification time 0.00069 s in the future
Building C object CMakeFiles/cmTC_20563.dir/CheckSymbolExists.c.o
/usr/bin/cc   -D_GNU_SOURCE=1 -o CMakeFiles/cmTC_20563.dir/CheckSymbolExists.c.o -c /mnt/c/Users/Michael/Documents/Projects/SAOD/build/CMakeFiles/CMakeTmp/CheckSymbolExists.c
Linking C executable cmTC_20563
/usr/bin/cmake -E cmake_link_script CMakeFiles/cmTC_20563.dir/link.txt --verbose=1
/usr/bin/cc   -D_GNU_SOURCE=1 CMakeFiles/cmTC_20563.dir/CheckSymbolExists.c.o -o cmTC_20563  -lm 
gmake[1]: warning:  Clock skew detected.  Your build may be incomplete.
gmake[1]: Leaving directory '/mnt/c/Users/Michael/Documents/Projects/SAOD/build/CMakeFiles/CMakeTmp'


File /mnt/c/Users/Michael/Documents/Projects/SAOD/build/CMakeFiles/CMakeTmp/CheckSymbolExists.c:
/* */
#include <float.h>
#include <iconv.h>
#include <inttypes.h>
#include <limits.h>
#include <malloc.h>
#include <math.h>
#include <memory.h>
#include <signal.h>
#include <stdarg.h>
#include <stdbool.h>
#include <stddef.h>
#include <stdint.h>
#include <stdio.h>
#include <stdlib.h>
#include <string.h>
#include <strings.h>
#include <sys/types.h>
#include <time.h>
#include <wchar.h>

int main(int argc, char** argv)
{
  (void)argv;
#ifndef modff
  return ((int*)(&modff))[argc];
#else
  (void)argc;
  return 0;
#endif
}
Determining if the pow exist passed with the following output:
Change Dir: /mnt/c/Users/Michael/Documents/Projects/SAOD/build/CMakeFiles/CMakeTmp

Run Build Command(s):/usr/bin/gmake -f Makefile cmTC_74137/fast && /usr/bin/gmake  -f CMakeFiles/cmTC_74137.dir/build.make CMakeFiles/cmTC_74137.dir/build
gmake[1]: Entering directory '/mnt/c/Users/Michael/Documents/Projects/SAOD/build/CMakeFiles/CMakeTmp'
Building C object CMakeFiles/cmTC_74137.dir/CheckSymbolExists.c.o
/usr/bin/cc   -D_GNU_SOURCE=1 -o CMakeFiles/cmTC_74137.dir/CheckSymbolExists.c.o -c /mnt/c/Users/Michael/Documents/Projects/SAOD/build/CMakeFiles/CMakeTmp/CheckSymbolExists.c
Linking C executable cmTC_74137
/usr/bin/cmake -E cmake_link_script CMakeFiles/cmTC_74137.dir/link.txt --verbose=1
/usr/bin/cc   -D_GNU_SOURCE=1 CMakeFiles/cmTC_74137.dir/CheckSymbolExists.c.o -o cmTC_74137  -lm 
gmake[1]: Leaving directory '/mnt/c/Users/Michael/Documents/Projects/SAOD/build/CMakeFiles/CMakeTmp'


File /mnt/c/Users/Michael/Documents/Projects/SAOD/build/CMakeFiles/CMakeTmp/CheckSymbolExists.c:
/* */
#include <float.h>
#include <iconv.h>
#include <inttypes.h>
#include <limits.h>
#include <malloc.h>
#include <math.h>
#include <memory.h>
#include <signal.h>
#include <stdarg.h>
#include <stdbool.h>
#include <stddef.h>
#include <stdint.h>
#include <stdio.h>
#include <stdlib.h>
#include <string.h>
#include <strings.h>
#include <sys/types.h>
#include <time.h>
#include <wchar.h>

int main(int argc, char** argv)
{
  (void)argv;
#ifndef pow
  return ((int*)(&pow))[argc];
#else
  (void)argc;
  return 0;
#endif
}
Determining if the powf exist passed with the following output:
Change Dir: /mnt/c/Users/Michael/Documents/Projects/SAOD/build/CMakeFiles/CMakeTmp

Run Build Command(s):/usr/bin/gmake -f Makefile cmTC_2d65c/fast && /usr/bin/gmake  -f CMakeFiles/cmTC_2d65c.dir/build.make CMakeFiles/cmTC_2d65c.dir/build
gmake[1]: Entering directory '/mnt/c/Users/Michael/Documents/Projects/SAOD/build/CMakeFiles/CMakeTmp'
gmake[1]: Warning: File 'CMakeFiles/cmTC_2d65c.dir/progress.make' has modification time 0.0059 s in the future
Building C object CMakeFiles/cmTC_2d65c.dir/CheckSymbolExists.c.o
/usr/bin/cc   -D_GNU_SOURCE=1 -o CMakeFiles/cmTC_2d65c.dir/CheckSymbolExists.c.o -c /mnt/c/Users/Michael/Documents/Projects/SAOD/build/CMakeFiles/CMakeTmp/CheckSymbolExists.c
Linking C executable cmTC_2d65c
/usr/bin/cmake -E cmake_link_script CMakeFiles/cmTC_2d65c.dir/link.txt --verbose=1
/usr/bin/cc   -D_GNU_SOURCE=1 CMakeFiles/cmTC_2d65c.dir/CheckSymbolExists.c.o -o cmTC_2d65c  -lm 
gmake[1]: warning:  Clock skew detected.  Your build may be incomplete.
gmake[1]: Leaving directory '/mnt/c/Users/Michael/Documents/Projects/SAOD/build/CMakeFiles/CMakeTmp'


File /mnt/c/Users/Michael/Documents/Projects/SAOD/build/CMakeFiles/CMakeTmp/CheckSymbolExists.c:
/* */
#include <float.h>
#include <iconv.h>
#include <inttypes.h>
#include <limits.h>
#include <malloc.h>
#include <math.h>
#include <memory.h>
#include <signal.h>
#include <stdarg.h>
#include <stdbool.h>
#include <stddef.h>
#include <stdint.h>
#include <stdio.h>
#include <stdlib.h>
#include <string.h>
#include <strings.h>
#include <sys/types.h>
#include <time.h>
#include <wchar.h>

int main(int argc, char** argv)
{
  (void)argv;
#ifndef powf
  return ((int*)(&powf))[argc];
#else
  (void)argc;
  return 0;
#endif
}
Determining if the putenv exist passed with the following output:
Change Dir: /mnt/c/Users/Michael/Documents/Projects/SAOD/build/CMakeFiles/CMakeTmp

Run Build Command(s):/usr/bin/gmake -f Makefile cmTC_5ca33/fast && /usr/bin/gmake  -f CMakeFiles/cmTC_5ca33.dir/build.make CMakeFiles/cmTC_5ca33.dir/build
gmake[1]: Entering directory '/mnt/c/Users/Michael/Documents/Projects/SAOD/build/CMakeFiles/CMakeTmp'
gmake[1]: Warning: File 'CMakeFiles/cmTC_5ca33.dir/progress.make' has modification time 0.012 s in the future
Building C object CMakeFiles/cmTC_5ca33.dir/CheckSymbolExists.c.o
/usr/bin/cc   -D_GNU_SOURCE=1 -o CMakeFiles/cmTC_5ca33.dir/CheckSymbolExists.c.o -c /mnt/c/Users/Michael/Documents/Projects/SAOD/build/CMakeFiles/CMakeTmp/CheckSymbolExists.c
Linking C executable cmTC_5ca33
/usr/bin/cmake -E cmake_link_script CMakeFiles/cmTC_5ca33.dir/link.txt --verbose=1
/usr/bin/cc   -D_GNU_SOURCE=1 CMakeFiles/cmTC_5ca33.dir/CheckSymbolExists.c.o -o cmTC_5ca33  -lm 
gmake[1]: warning:  Clock skew detected.  Your build may be incomplete.
gmake[1]: Leaving directory '/mnt/c/Users/Michael/Documents/Projects/SAOD/build/CMakeFiles/CMakeTmp'


File /mnt/c/Users/Michael/Documents/Projects/SAOD/build/CMakeFiles/CMakeTmp/CheckSymbolExists.c:
/* */
#include <float.h>
#include <iconv.h>
#include <inttypes.h>
#include <limits.h>
#include <malloc.h>
#include <math.h>
#include <memory.h>
#include <signal.h>
#include <stdarg.h>
#include <stdbool.h>
#include <stddef.h>
#include <stdint.h>
#include <stdio.h>
#include <stdlib.h>
#include <string.h>
#include <strings.h>
#include <sys/types.h>
#include <time.h>
#include <wchar.h>

int main(int argc, char** argv)
{
  (void)argv;
#ifndef putenv
  return ((int*)(&putenv))[argc];
#else
  (void)argc;
  return 0;
#endif
}
Determining if the rindex exist passed with the following output:
Change Dir: /mnt/c/Users/Michael/Documents/Projects/SAOD/build/CMakeFiles/CMakeTmp

Run Build Command(s):/usr/bin/gmake -f Makefile cmTC_b9d5e/fast && /usr/bin/gmake  -f CMakeFiles/cmTC_b9d5e.dir/build.make CMakeFiles/cmTC_b9d5e.dir/build
gmake[1]: Entering directory '/mnt/c/Users/Michael/Documents/Projects/SAOD/build/CMakeFiles/CMakeTmp'
gmake[1]: Warning: File 'CMakeFiles/cmTC_b9d5e.dir/progress.make' has modification time 0.0079 s in the future
Building C object CMakeFiles/cmTC_b9d5e.dir/CheckSymbolExists.c.o
/usr/bin/cc   -D_GNU_SOURCE=1 -o CMakeFiles/cmTC_b9d5e.dir/CheckSymbolExists.c.o -c /mnt/c/Users/Michael/Documents/Projects/SAOD/build/CMakeFiles/CMakeTmp/CheckSymbolExists.c
Linking C executable cmTC_b9d5e
/usr/bin/cmake -E cmake_link_script CMakeFiles/cmTC_b9d5e.dir/link.txt --verbose=1
/usr/bin/cc   -D_GNU_SOURCE=1 CMakeFiles/cmTC_b9d5e.dir/CheckSymbolExists.c.o -o cmTC_b9d5e  -lm 
gmake[1]: warning:  Clock skew detected.  Your build may be incomplete.
gmake[1]: Leaving directory '/mnt/c/Users/Michael/Documents/Projects/SAOD/build/CMakeFiles/CMakeTmp'


File /mnt/c/Users/Michael/Documents/Projects/SAOD/build/CMakeFiles/CMakeTmp/CheckSymbolExists.c:
/* */
#include <float.h>
#include <iconv.h>
#include <inttypes.h>
#include <limits.h>
#include <malloc.h>
#include <math.h>
#include <memory.h>
#include <signal.h>
#include <stdarg.h>
#include <stdbool.h>
#include <stddef.h>
#include <stdint.h>
#include <stdio.h>
#include <stdlib.h>
#include <string.h>
#include <strings.h>
#include <sys/types.h>
#include <time.h>
#include <wchar.h>

int main(int argc, char** argv)
{
  (void)argv;
#ifndef rindex
  return ((int*)(&rindex))[argc];
#else
  (void)argc;
  return 0;
#endif
}
Determining if the round exist passed with the following output:
Change Dir: /mnt/c/Users/Michael/Documents/Projects/SAOD/build/CMakeFiles/CMakeTmp

Run Build Command(s):/usr/bin/gmake -f Makefile cmTC_a6436/fast && /usr/bin/gmake  -f CMakeFiles/cmTC_a6436.dir/build.make CMakeFiles/cmTC_a6436.dir/build
gmake[1]: Entering directory '/mnt/c/Users/Michael/Documents/Projects/SAOD/build/CMakeFiles/CMakeTmp'
Building C object CMakeFiles/cmTC_a6436.dir/CheckSymbolExists.c.o
/usr/bin/cc   -D_GNU_SOURCE=1 -o CMakeFiles/cmTC_a6436.dir/CheckSymbolExists.c.o -c /mnt/c/Users/Michael/Documents/Projects/SAOD/build/CMakeFiles/CMakeTmp/CheckSymbolExists.c
Linking C executable cmTC_a6436
/usr/bin/cmake -E cmake_link_script CMakeFiles/cmTC_a6436.dir/link.txt --verbose=1
/usr/bin/cc   -D_GNU_SOURCE=1 CMakeFiles/cmTC_a6436.dir/CheckSymbolExists.c.o -o cmTC_a6436  -lm 
gmake[1]: Leaving directory '/mnt/c/Users/Michael/Documents/Projects/SAOD/build/CMakeFiles/CMakeTmp'


File /mnt/c/Users/Michael/Documents/Projects/SAOD/build/CMakeFiles/CMakeTmp/CheckSymbolExists.c:
/* */
#include <float.h>
#include <iconv.h>
#include <inttypes.h>
#include <limits.h>
#include <malloc.h>
#include <math.h>
#include <memory.h>
#include <signal.h>
#include <stdarg.h>
#include <stdbool.h>
#include <stddef.h>
#include <stdint.h>
#include <stdio.h>
#include <stdlib.h>
#include <string.h>
#include <strings.h>
#include <sys/types.h>
#include <time.h>
#include <wchar.h>

int main(int argc, char** argv)
{
  (void)argv;
#ifndef round
  return ((int*)(&round))[argc];
#else
  (void)argc;
  return 0;
#endif
}
Determining if the roundf exist passed with the following output:
Change Dir: /mnt/c/Users/Michael/Documents/Projects/SAOD/build/CMakeFiles/CMakeTmp

Run Build Command(s):/usr/bin/gmake -f Makefile cmTC_5bdbb/fast && gmake: Warning: File 'Makefile' has modification time 0.00053 s in the future
/usr/bin/gmake  -f CMakeFiles/cmTC_5bdbb.dir/build.make CMakeFiles/cmTC_5bdbb.dir/build
gmake[1]: Entering directory '/mnt/c/Users/Michael/Documents/Projects/SAOD/build/CMakeFiles/CMakeTmp'
gmake[1]: Warning: File 'CMakeFiles/cmTC_5bdbb.dir/progress.make' has modification time 0.016 s in the future
Building C object CMakeFiles/cmTC_5bdbb.dir/CheckSymbolExists.c.o
/usr/bin/cc   -D_GNU_SOURCE=1 -o CMakeFiles/cmTC_5bdbb.dir/CheckSymbolExists.c.o -c /mnt/c/Users/Michael/Documents/Projects/SAOD/build/CMakeFiles/CMakeTmp/CheckSymbolExists.c
Linking C executable cmTC_5bdbb
/usr/bin/cmake -E cmake_link_script CMakeFiles/cmTC_5bdbb.dir/link.txt --verbose=1
/usr/bin/cc   -D_GNU_SOURCE=1 CMakeFiles/cmTC_5bdbb.dir/CheckSymbolExists.c.o -o cmTC_5bdbb  -lm 
gmake[1]: warning:  Clock skew detected.  Your build may be incomplete.
gmake[1]: Leaving directory '/mnt/c/Users/Michael/Documents/Projects/SAOD/build/CMakeFiles/CMakeTmp'
gmake: warning:  Clock skew detected.  Your build may be incomplete.


File /mnt/c/Users/Michael/Documents/Projects/SAOD/build/CMakeFiles/CMakeTmp/CheckSymbolExists.c:
/* */
#include <float.h>
#include <iconv.h>
#include <inttypes.h>
#include <limits.h>
#include <malloc.h>
#include <math.h>
#include <memory.h>
#include <signal.h>
#include <stdarg.h>
#include <stdbool.h>
#include <stddef.h>
#include <stdint.h>
#include <stdio.h>
#include <stdlib.h>
#include <string.h>
#include <strings.h>
#include <sys/types.h>
#include <time.h>
#include <wchar.h>

int main(int argc, char** argv)
{
  (void)argv;
#ifndef roundf
  return ((int*)(&roundf))[argc];
#else
  (void)argc;
  return 0;
#endif
}
Determining if the scalbn exist passed with the following output:
Change Dir: /mnt/c/Users/Michael/Documents/Projects/SAOD/build/CMakeFiles/CMakeTmp

Run Build Command(s):/usr/bin/gmake -f Makefile cmTC_1e5e3/fast && gmake: Warning: File 'Makefile' has modification time 0.004 s in the future
/usr/bin/gmake  -f CMakeFiles/cmTC_1e5e3.dir/build.make CMakeFiles/cmTC_1e5e3.dir/build
gmake[1]: Entering directory '/mnt/c/Users/Michael/Documents/Projects/SAOD/build/CMakeFiles/CMakeTmp'
gmake[1]: Warning: File 'CMakeFiles/cmTC_1e5e3.dir/progress.make' has modification time 0.022 s in the future
Building C object CMakeFiles/cmTC_1e5e3.dir/CheckSymbolExists.c.o
/usr/bin/cc   -D_GNU_SOURCE=1 -o CMakeFiles/cmTC_1e5e3.dir/CheckSymbolExists.c.o -c /mnt/c/Users/Michael/Documents/Projects/SAOD/build/CMakeFiles/CMakeTmp/CheckSymbolExists.c
Linking C executable cmTC_1e5e3
/usr/bin/cmake -E cmake_link_script CMakeFiles/cmTC_1e5e3.dir/link.txt --verbose=1
/usr/bin/cc   -D_GNU_SOURCE=1 CMakeFiles/cmTC_1e5e3.dir/CheckSymbolExists.c.o -o cmTC_1e5e3  -lm 
gmake[1]: warning:  Clock skew detected.  Your build may be incomplete.
gmake[1]: Leaving directory '/mnt/c/Users/Michael/Documents/Projects/SAOD/build/CMakeFiles/CMakeTmp'
gmake: warning:  Clock skew detected.  Your build may be incomplete.


File /mnt/c/Users/Michael/Documents/Projects/SAOD/build/CMakeFiles/CMakeTmp/CheckSymbolExists.c:
/* */
#include <float.h>
#include <iconv.h>
#include <inttypes.h>
#include <limits.h>
#include <malloc.h>
#include <math.h>
#include <memory.h>
#include <signal.h>
#include <stdarg.h>
#include <stdbool.h>
#include <stddef.h>
#include <stdint.h>
#include <stdio.h>
#include <stdlib.h>
#include <string.h>
#include <strings.h>
#include <sys/types.h>
#include <time.h>
#include <wchar.h>

int main(int argc, char** argv)
{
  (void)argv;
#ifndef scalbn
  return ((int*)(&scalbn))[argc];
#else
  (void)argc;
  return 0;
#endif
}
Determining if the scalbnf exist passed with the following output:
Change Dir: /mnt/c/Users/Michael/Documents/Projects/SAOD/build/CMakeFiles/CMakeTmp

Run Build Command(s):/usr/bin/gmake -f Makefile cmTC_43b1d/fast && gmake: Warning: File 'Makefile' has modification time 0.0053 s in the future
/usr/bin/gmake  -f CMakeFiles/cmTC_43b1d.dir/build.make CMakeFiles/cmTC_43b1d.dir/build
gmake[1]: Entering directory '/mnt/c/Users/Michael/Documents/Projects/SAOD/build/CMakeFiles/CMakeTmp'
gmake[1]: Warning: File 'CMakeFiles/cmTC_43b1d.dir/progress.make' has modification time 0.024 s in the future
Building C object CMakeFiles/cmTC_43b1d.dir/CheckSymbolExists.c.o
/usr/bin/cc   -D_GNU_SOURCE=1 -o CMakeFiles/cmTC_43b1d.dir/CheckSymbolExists.c.o -c /mnt/c/Users/Michael/Documents/Projects/SAOD/build/CMakeFiles/CMakeTmp/CheckSymbolExists.c
Linking C executable cmTC_43b1d
/usr/bin/cmake -E cmake_link_script CMakeFiles/cmTC_43b1d.dir/link.txt --verbose=1
/usr/bin/cc   -D_GNU_SOURCE=1 CMakeFiles/cmTC_43b1d.dir/CheckSymbolExists.c.o -o cmTC_43b1d  -lm 
gmake[1]: warning:  Clock skew detected.  Your build may be incomplete.
gmake[1]: Leaving directory '/mnt/c/Users/Michael/Documents/Projects/SAOD/build/CMakeFiles/CMakeTmp'
gmake: warning:  Clock skew detected.  Your build may be incomplete.


File /mnt/c/Users/Michael/Documents/Projects/SAOD/build/CMakeFiles/CMakeTmp/CheckSymbolExists.c:
/* */
#include <float.h>
#include <iconv.h>
#include <inttypes.h>
#include <limits.h>
#include <malloc.h>
#include <math.h>
#include <memory.h>
#include <signal.h>
#include <stdarg.h>
#include <stdbool.h>
#include <stddef.h>
#include <stdint.h>
#include <stdio.h>
#include <stdlib.h>
#include <string.h>
#include <strings.h>
#include <sys/types.h>
#include <time.h>
#include <wchar.h>

int main(int argc, char** argv)
{
  (void)argv;
#ifndef scalbnf
  return ((int*)(&scalbnf))[argc];
#else
  (void)argc;
  return 0;
#endif
}
Determining if the setenv exist passed with the following output:
Change Dir: /mnt/c/Users/Michael/Documents/Projects/SAOD/build/CMakeFiles/CMakeTmp

Run Build Command(s):/usr/bin/gmake -f Makefile cmTC_9947c/fast && gmake: Warning: File 'Makefile' has modification time 0.0079 s in the future
/usr/bin/gmake  -f CMakeFiles/cmTC_9947c.dir/build.make CMakeFiles/cmTC_9947c.dir/build
gmake[1]: Entering directory '/mnt/c/Users/Michael/Documents/Projects/SAOD/build/CMakeFiles/CMakeTmp'
gmake[1]: Warning: File 'CMakeFiles/cmTC_9947c.dir/progress.make' has modification time 0.022 s in the future
Building C object CMakeFiles/cmTC_9947c.dir/CheckSymbolExists.c.o
/usr/bin/cc   -D_GNU_SOURCE=1 -o CMakeFiles/cmTC_9947c.dir/CheckSymbolExists.c.o -c /mnt/c/Users/Michael/Documents/Projects/SAOD/build/CMakeFiles/CMakeTmp/CheckSymbolExists.c
Linking C executable cmTC_9947c
/usr/bin/cmake -E cmake_link_script CMakeFiles/cmTC_9947c.dir/link.txt --verbose=1
/usr/bin/cc   -D_GNU_SOURCE=1 CMakeFiles/cmTC_9947c.dir/CheckSymbolExists.c.o -o cmTC_9947c  -lm 
gmake[1]: warning:  Clock skew detected.  Your build may be incomplete.
gmake[1]: Leaving directory '/mnt/c/Users/Michael/Documents/Projects/SAOD/build/CMakeFiles/CMakeTmp'
gmake: warning:  Clock skew detected.  Your build may be incomplete.


File /mnt/c/Users/Michael/Documents/Projects/SAOD/build/CMakeFiles/CMakeTmp/CheckSymbolExists.c:
/* */
#include <float.h>
#include <iconv.h>
#include <inttypes.h>
#include <limits.h>
#include <malloc.h>
#include <math.h>
#include <memory.h>
#include <signal.h>
#include <stdarg.h>
#include <stdbool.h>
#include <stddef.h>
#include <stdint.h>
#include <stdio.h>
#include <stdlib.h>
#include <string.h>
#include <strings.h>
#include <sys/types.h>
#include <time.h>
#include <wchar.h>

int main(int argc, char** argv)
{
  (void)argv;
#ifndef setenv
  return ((int*)(&setenv))[argc];
#else
  (void)argc;
  return 0;
#endif
}
Determining if the sin exist passed with the following output:
Change Dir: /mnt/c/Users/Michael/Documents/Projects/SAOD/build/CMakeFiles/CMakeTmp

Run Build Command(s):/usr/bin/gmake -f Makefile cmTC_60ef5/fast && gmake: Warning: File 'Makefile' has modification time 0.012 s in the future
/usr/bin/gmake  -f CMakeFiles/cmTC_60ef5.dir/build.make CMakeFiles/cmTC_60ef5.dir/build
gmake[1]: Entering directory '/mnt/c/Users/Michael/Documents/Projects/SAOD/build/CMakeFiles/CMakeTmp'
gmake[1]: Warning: File 'CMakeFiles/cmTC_60ef5.dir/progress.make' has modification time 0.026 s in the future
Building C object CMakeFiles/cmTC_60ef5.dir/CheckSymbolExists.c.o
/usr/bin/cc   -D_GNU_SOURCE=1 -o CMakeFiles/cmTC_60ef5.dir/CheckSymbolExists.c.o -c /mnt/c/Users/Michael/Documents/Projects/SAOD/build/CMakeFiles/CMakeTmp/CheckSymbolExists.c
Linking C executable cmTC_60ef5
/usr/bin/cmake -E cmake_link_script CMakeFiles/cmTC_60ef5.dir/link.txt --verbose=1
/usr/bin/cc   -D_GNU_SOURCE=1 CMakeFiles/cmTC_60ef5.dir/CheckSymbolExists.c.o -o cmTC_60ef5  -lm 
gmake[1]: warning:  Clock skew detected.  Your build may be incomplete.
gmake[1]: Leaving directory '/mnt/c/Users/Michael/Documents/Projects/SAOD/build/CMakeFiles/CMakeTmp'
gmake: warning:  Clock skew detected.  Your build may be incomplete.


File /mnt/c/Users/Michael/Documents/Projects/SAOD/build/CMakeFiles/CMakeTmp/CheckSymbolExists.c:
/* */
#include <float.h>
#include <iconv.h>
#include <inttypes.h>
#include <limits.h>
#include <malloc.h>
#include <math.h>
#include <memory.h>
#include <signal.h>
#include <stdarg.h>
#include <stdbool.h>
#include <stddef.h>
#include <stdint.h>
#include <stdio.h>
#include <stdlib.h>
#include <string.h>
#include <strings.h>
#include <sys/types.h>
#include <time.h>
#include <wchar.h>

int main(int argc, char** argv)
{
  (void)argv;
#ifndef sin
  return ((int*)(&sin))[argc];
#else
  (void)argc;
  return 0;
#endif
}
Determining if the sinf exist passed with the following output:
Change Dir: /mnt/c/Users/Michael/Documents/Projects/SAOD/build/CMakeFiles/CMakeTmp

Run Build Command(s):/usr/bin/gmake -f Makefile cmTC_6e4f4/fast && /usr/bin/gmake  -f CMakeFiles/cmTC_6e4f4.dir/build.make CMakeFiles/cmTC_6e4f4.dir/build
gmake[1]: Entering directory '/mnt/c/Users/Michael/Documents/Projects/SAOD/build/CMakeFiles/CMakeTmp'
Building C object CMakeFiles/cmTC_6e4f4.dir/CheckSymbolExists.c.o
/usr/bin/cc   -D_GNU_SOURCE=1 -o CMakeFiles/cmTC_6e4f4.dir/CheckSymbolExists.c.o -c /mnt/c/Users/Michael/Documents/Projects/SAOD/build/CMakeFiles/CMakeTmp/CheckSymbolExists.c
Linking C executable cmTC_6e4f4
/usr/bin/cmake -E cmake_link_script CMakeFiles/cmTC_6e4f4.dir/link.txt --verbose=1
/usr/bin/cc   -D_GNU_SOURCE=1 CMakeFiles/cmTC_6e4f4.dir/CheckSymbolExists.c.o -o cmTC_6e4f4  -lm 
gmake[1]: Leaving directory '/mnt/c/Users/Michael/Documents/Projects/SAOD/build/CMakeFiles/CMakeTmp'


File /mnt/c/Users/Michael/Documents/Projects/SAOD/build/CMakeFiles/CMakeTmp/CheckSymbolExists.c:
/* */
#include <float.h>
#include <iconv.h>
#include <inttypes.h>
#include <limits.h>
#include <malloc.h>
#include <math.h>
#include <memory.h>
#include <signal.h>
#include <stdarg.h>
#include <stdbool.h>
#include <stddef.h>
#include <stdint.h>
#include <stdio.h>
#include <stdlib.h>
#include <string.h>
#include <strings.h>
#include <sys/types.h>
#include <time.h>
#include <wchar.h>

int main(int argc, char** argv)
{
  (void)argv;
#ifndef sinf
  return ((int*)(&sinf))[argc];
#else
  (void)argc;
  return 0;
#endif
}
Determining if the sqrt exist passed with the following output:
Change Dir: /mnt/c/Users/Michael/Documents/Projects/SAOD/build/CMakeFiles/CMakeTmp

Run Build Command(s):/usr/bin/gmake -f Makefile cmTC_c72c6/fast && /usr/bin/gmake  -f CMakeFiles/cmTC_c72c6.dir/build.make CMakeFiles/cmTC_c72c6.dir/build
gmake[1]: Entering directory '/mnt/c/Users/Michael/Documents/Projects/SAOD/build/CMakeFiles/CMakeTmp'
Building C object CMakeFiles/cmTC_c72c6.dir/CheckSymbolExists.c.o
/usr/bin/cc   -D_GNU_SOURCE=1 -o CMakeFiles/cmTC_c72c6.dir/CheckSymbolExists.c.o -c /mnt/c/Users/Michael/Documents/Projects/SAOD/build/CMakeFiles/CMakeTmp/CheckSymbolExists.c
Linking C executable cmTC_c72c6
/usr/bin/cmake -E cmake_link_script CMakeFiles/cmTC_c72c6.dir/link.txt --verbose=1
/usr/bin/cc   -D_GNU_SOURCE=1 CMakeFiles/cmTC_c72c6.dir/CheckSymbolExists.c.o -o cmTC_c72c6  -lm 
gmake[1]: Leaving directory '/mnt/c/Users/Michael/Documents/Projects/SAOD/build/CMakeFiles/CMakeTmp'


File /mnt/c/Users/Michael/Documents/Projects/SAOD/build/CMakeFiles/CMakeTmp/CheckSymbolExists.c:
/* */
#include <float.h>
#include <iconv.h>
#include <inttypes.h>
#include <limits.h>
#include <malloc.h>
#include <math.h>
#include <memory.h>
#include <signal.h>
#include <stdarg.h>
#include <stdbool.h>
#include <stddef.h>
#include <stdint.h>
#include <stdio.h>
#include <stdlib.h>
#include <string.h>
#include <strings.h>
#include <sys/types.h>
#include <time.h>
#include <wchar.h>

int main(int argc, char** argv)
{
  (void)argv;
#ifndef sqrt
  return ((int*)(&sqrt))[argc];
#else
  (void)argc;
  return 0;
#endif
}
Determining if the sqrtf exist passed with the following output:
Change Dir: /mnt/c/Users/Michael/Documents/Projects/SAOD/build/CMakeFiles/CMakeTmp

Run Build Command(s):/usr/bin/gmake -f Makefile cmTC_1d0ef/fast && /usr/bin/gmake  -f CMakeFiles/cmTC_1d0ef.dir/build.make CMakeFiles/cmTC_1d0ef.dir/build
gmake[1]: Entering directory '/mnt/c/Users/Michael/Documents/Projects/SAOD/build/CMakeFiles/CMakeTmp'
Building C object CMakeFiles/cmTC_1d0ef.dir/CheckSymbolExists.c.o
/usr/bin/cc   -D_GNU_SOURCE=1 -o CMakeFiles/cmTC_1d0ef.dir/CheckSymbolExists.c.o -c /mnt/c/Users/Michael/Documents/Projects/SAOD/build/CMakeFiles/CMakeTmp/CheckSymbolExists.c
Linking C executable cmTC_1d0ef
/usr/bin/cmake -E cmake_link_script CMakeFiles/cmTC_1d0ef.dir/link.txt --verbose=1
/usr/bin/cc   -D_GNU_SOURCE=1 CMakeFiles/cmTC_1d0ef.dir/CheckSymbolExists.c.o -o cmTC_1d0ef  -lm 
gmake[1]: Leaving directory '/mnt/c/Users/Michael/Documents/Projects/SAOD/build/CMakeFiles/CMakeTmp'


File /mnt/c/Users/Michael/Documents/Projects/SAOD/build/CMakeFiles/CMakeTmp/CheckSymbolExists.c:
/* */
#include <float.h>
#include <iconv.h>
#include <inttypes.h>
#include <limits.h>
#include <malloc.h>
#include <math.h>
#include <memory.h>
#include <signal.h>
#include <stdarg.h>
#include <stdbool.h>
#include <stddef.h>
#include <stdint.h>
#include <stdio.h>
#include <stdlib.h>
#include <string.h>
#include <strings.h>
#include <sys/types.h>
#include <time.h>
#include <wchar.h>

int main(int argc, char** argv)
{
  (void)argv;
#ifndef sqrtf
  return ((int*)(&sqrtf))[argc];
#else
  (void)argc;
  return 0;
#endif
}
Determining if the sscanf exist passed with the following output:
Change Dir: /mnt/c/Users/Michael/Documents/Projects/SAOD/build/CMakeFiles/CMakeTmp

Run Build Command(s):/usr/bin/gmake -f Makefile cmTC_6c9a0/fast && /usr/bin/gmake  -f CMakeFiles/cmTC_6c9a0.dir/build.make CMakeFiles/cmTC_6c9a0.dir/build
gmake[1]: Entering directory '/mnt/c/Users/Michael/Documents/Projects/SAOD/build/CMakeFiles/CMakeTmp'
Building C object CMakeFiles/cmTC_6c9a0.dir/CheckSymbolExists.c.o
/usr/bin/cc   -D_GNU_SOURCE=1 -o CMakeFiles/cmTC_6c9a0.dir/CheckSymbolExists.c.o -c /mnt/c/Users/Michael/Documents/Projects/SAOD/build/CMakeFiles/CMakeTmp/CheckSymbolExists.c
Linking C executable cmTC_6c9a0
/usr/bin/cmake -E cmake_link_script CMakeFiles/cmTC_6c9a0.dir/link.txt --verbose=1
/usr/bin/cc   -D_GNU_SOURCE=1 CMakeFiles/cmTC_6c9a0.dir/CheckSymbolExists.c.o -o cmTC_6c9a0  -lm 
gmake[1]: Leaving directory '/mnt/c/Users/Michael/Documents/Projects/SAOD/build/CMakeFiles/CMakeTmp'


File /mnt/c/Users/Michael/Documents/Projects/SAOD/build/CMakeFiles/CMakeTmp/CheckSymbolExists.c:
/* */
#include <float.h>
#include <iconv.h>
#include <inttypes.h>
#include <limits.h>
#include <malloc.h>
#include <math.h>
#include <memory.h>
#include <signal.h>
#include <stdarg.h>
#include <stdbool.h>
#include <stddef.h>
#include <stdint.h>
#include <stdio.h>
#include <stdlib.h>
#include <string.h>
#include <strings.h>
#include <sys/types.h>
#include <time.h>
#include <wchar.h>

int main(int argc, char** argv)
{
  (void)argv;
#ifndef sscanf
  return ((int*)(&sscanf))[argc];
#else
  (void)argc;
  return 0;
#endif
}
Determining if the strchr exist passed with the following output:
Change Dir: /mnt/c/Users/Michael/Documents/Projects/SAOD/build/CMakeFiles/CMakeTmp

Run Build Command(s):/usr/bin/gmake -f Makefile cmTC_c2bc1/fast && /usr/bin/gmake  -f CMakeFiles/cmTC_c2bc1.dir/build.make CMakeFiles/cmTC_c2bc1.dir/build
gmake[1]: Entering directory '/mnt/c/Users/Michael/Documents/Projects/SAOD/build/CMakeFiles/CMakeTmp'
Building C object CMakeFiles/cmTC_c2bc1.dir/CheckSymbolExists.c.o
/usr/bin/cc   -D_GNU_SOURCE=1 -o CMakeFiles/cmTC_c2bc1.dir/CheckSymbolExists.c.o -c /mnt/c/Users/Michael/Documents/Projects/SAOD/build/CMakeFiles/CMakeTmp/CheckSymbolExists.c
Linking C executable cmTC_c2bc1
/usr/bin/cmake -E cmake_link_script CMakeFiles/cmTC_c2bc1.dir/link.txt --verbose=1
/usr/bin/cc   -D_GNU_SOURCE=1 CMakeFiles/cmTC_c2bc1.dir/CheckSymbolExists.c.o -o cmTC_c2bc1  -lm 
gmake[1]: Leaving directory '/mnt/c/Users/Michael/Documents/Projects/SAOD/build/CMakeFiles/CMakeTmp'


File /mnt/c/Users/Michael/Documents/Projects/SAOD/build/CMakeFiles/CMakeTmp/CheckSymbolExists.c:
/* */
#include <float.h>
#include <iconv.h>
#include <inttypes.h>
#include <limits.h>
#include <malloc.h>
#include <math.h>
#include <memory.h>
#include <signal.h>
#include <stdarg.h>
#include <stdbool.h>
#include <stddef.h>
#include <stdint.h>
#include <stdio.h>
#include <stdlib.h>
#include <string.h>
#include <strings.h>
#include <sys/types.h>
#include <time.h>
#include <wchar.h>

int main(int argc, char** argv)
{
  (void)argv;
#ifndef strchr
  return ((int*)(&strchr))[argc];
#else
  (void)argc;
  return 0;
#endif
}
Determining if the strcmp exist passed with the following output:
Change Dir: /mnt/c/Users/Michael/Documents/Projects/SAOD/build/CMakeFiles/CMakeTmp

Run Build Command(s):/usr/bin/gmake -f Makefile cmTC_25ba7/fast && /usr/bin/gmake  -f CMakeFiles/cmTC_25ba7.dir/build.make CMakeFiles/cmTC_25ba7.dir/build
gmake[1]: Entering directory '/mnt/c/Users/Michael/Documents/Projects/SAOD/build/CMakeFiles/CMakeTmp'
Building C object CMakeFiles/cmTC_25ba7.dir/CheckSymbolExists.c.o
/usr/bin/cc   -D_GNU_SOURCE=1 -o CMakeFiles/cmTC_25ba7.dir/CheckSymbolExists.c.o -c /mnt/c/Users/Michael/Documents/Projects/SAOD/build/CMakeFiles/CMakeTmp/CheckSymbolExists.c
Linking C executable cmTC_25ba7
/usr/bin/cmake -E cmake_link_script CMakeFiles/cmTC_25ba7.dir/link.txt --verbose=1
/usr/bin/cc   -D_GNU_SOURCE=1 CMakeFiles/cmTC_25ba7.dir/CheckSymbolExists.c.o -o cmTC_25ba7  -lm 
gmake[1]: Leaving directory '/mnt/c/Users/Michael/Documents/Projects/SAOD/build/CMakeFiles/CMakeTmp'


File /mnt/c/Users/Michael/Documents/Projects/SAOD/build/CMakeFiles/CMakeTmp/CheckSymbolExists.c:
/* */
#include <float.h>
#include <iconv.h>
#include <inttypes.h>
#include <limits.h>
#include <malloc.h>
#include <math.h>
#include <memory.h>
#include <signal.h>
#include <stdarg.h>
#include <stdbool.h>
#include <stddef.h>
#include <stdint.h>
#include <stdio.h>
#include <stdlib.h>
#include <string.h>
#include <strings.h>
#include <sys/types.h>
#include <time.h>
#include <wchar.h>

int main(int argc, char** argv)
{
  (void)argv;
#ifndef strcmp
  return ((int*)(&strcmp))[argc];
#else
  (void)argc;
  return 0;
#endif
}
Determining if the strlen exist passed with the following output:
Change Dir: /mnt/c/Users/Michael/Documents/Projects/SAOD/build/CMakeFiles/CMakeTmp

Run Build Command(s):/usr/bin/gmake -f Makefile cmTC_a868f/fast && /usr/bin/gmake  -f CMakeFiles/cmTC_a868f.dir/build.make CMakeFiles/cmTC_a868f.dir/build
gmake[1]: Entering directory '/mnt/c/Users/Michael/Documents/Projects/SAOD/build/CMakeFiles/CMakeTmp'
Building C object CMakeFiles/cmTC_a868f.dir/CheckSymbolExists.c.o
/usr/bin/cc   -D_GNU_SOURCE=1 -o CMakeFiles/cmTC_a868f.dir/CheckSymbolExists.c.o -c /mnt/c/Users/Michael/Documents/Projects/SAOD/build/CMakeFiles/CMakeTmp/CheckSymbolExists.c
Linking C executable cmTC_a868f
/usr/bin/cmake -E cmake_link_script CMakeFiles/cmTC_a868f.dir/link.txt --verbose=1
/usr/bin/cc   -D_GNU_SOURCE=1 CMakeFiles/cmTC_a868f.dir/CheckSymbolExists.c.o -o cmTC_a868f  -lm 
gmake[1]: Leaving directory '/mnt/c/Users/Michael/Documents/Projects/SAOD/build/CMakeFiles/CMakeTmp'


File /mnt/c/Users/Michael/Documents/Projects/SAOD/build/CMakeFiles/CMakeTmp/CheckSymbolExists.c:
/* */
#include <float.h>
#include <iconv.h>
#include <inttypes.h>
#include <limits.h>
#include <malloc.h>
#include <math.h>
#include <memory.h>
#include <signal.h>
#include <stdarg.h>
#include <stdbool.h>
#include <stddef.h>
#include <stdint.h>
#include <stdio.h>
#include <stdlib.h>
#include <string.h>
#include <strings.h>
#include <sys/types.h>
#include <time.h>
#include <wchar.h>

int main(int argc, char** argv)
{
  (void)argv;
#ifndef strlen
  return ((int*)(&strlen))[argc];
#else
  (void)argc;
  return 0;
#endif
}
Determining if the strncmp exist passed with the following output:
Change Dir: /mnt/c/Users/Michael/Documents/Projects/SAOD/build/CMakeFiles/CMakeTmp

Run Build Command(s):/usr/bin/gmake -f Makefile cmTC_333d1/fast && /usr/bin/gmake  -f CMakeFiles/cmTC_333d1.dir/build.make CMakeFiles/cmTC_333d1.dir/build
gmake[1]: Entering directory '/mnt/c/Users/Michael/Documents/Projects/SAOD/build/CMakeFiles/CMakeTmp'
Building C object CMakeFiles/cmTC_333d1.dir/CheckSymbolExists.c.o
/usr/bin/cc   -D_GNU_SOURCE=1 -o CMakeFiles/cmTC_333d1.dir/CheckSymbolExists.c.o -c /mnt/c/Users/Michael/Documents/Projects/SAOD/build/CMakeFiles/CMakeTmp/CheckSymbolExists.c
Linking C executable cmTC_333d1
/usr/bin/cmake -E cmake_link_script CMakeFiles/cmTC_333d1.dir/link.txt --verbose=1
/usr/bin/cc   -D_GNU_SOURCE=1 CMakeFiles/cmTC_333d1.dir/CheckSymbolExists.c.o -o cmTC_333d1  -lm 
gmake[1]: Leaving directory '/mnt/c/Users/Michael/Documents/Projects/SAOD/build/CMakeFiles/CMakeTmp'


File /mnt/c/Users/Michael/Documents/Projects/SAOD/build/CMakeFiles/CMakeTmp/CheckSymbolExists.c:
/* */
#include <float.h>
#include <iconv.h>
#include <inttypes.h>
#include <limits.h>
#include <malloc.h>
#include <math.h>
#include <memory.h>
#include <signal.h>
#include <stdarg.h>
#include <stdbool.h>
#include <stddef.h>
#include <stdint.h>
#include <stdio.h>
#include <stdlib.h>
#include <string.h>
#include <strings.h>
#include <sys/types.h>
#include <time.h>
#include <wchar.h>

int main(int argc, char** argv)
{
  (void)argv;
#ifndef strncmp
  return ((int*)(&strncmp))[argc];
#else
  (void)argc;
  return 0;
#endif
}
Determining if the strnlen exist passed with the following output:
Change Dir: /mnt/c/Users/Michael/Documents/Projects/SAOD/build/CMakeFiles/CMakeTmp

Run Build Command(s):/usr/bin/gmake -f Makefile cmTC_3d535/fast && /usr/bin/gmake  -f CMakeFiles/cmTC_3d535.dir/build.make CMakeFiles/cmTC_3d535.dir/build
gmake[1]: Entering directory '/mnt/c/Users/Michael/Documents/Projects/SAOD/build/CMakeFiles/CMakeTmp'
Building C object CMakeFiles/cmTC_3d535.dir/CheckSymbolExists.c.o
/usr/bin/cc   -D_GNU_SOURCE=1 -o CMakeFiles/cmTC_3d535.dir/CheckSymbolExists.c.o -c /mnt/c/Users/Michael/Documents/Projects/SAOD/build/CMakeFiles/CMakeTmp/CheckSymbolExists.c
Linking C executable cmTC_3d535
/usr/bin/cmake -E cmake_link_script CMakeFiles/cmTC_3d535.dir/link.txt --verbose=1
/usr/bin/cc   -D_GNU_SOURCE=1 CMakeFiles/cmTC_3d535.dir/CheckSymbolExists.c.o -o cmTC_3d535  -lm 
gmake[1]: Leaving directory '/mnt/c/Users/Michael/Documents/Projects/SAOD/build/CMakeFiles/CMakeTmp'


File /mnt/c/Users/Michael/Documents/Projects/SAOD/build/CMakeFiles/CMakeTmp/CheckSymbolExists.c:
/* */
#include <float.h>
#include <iconv.h>
#include <inttypes.h>
#include <limits.h>
#include <malloc.h>
#include <math.h>
#include <memory.h>
#include <signal.h>
#include <stdarg.h>
#include <stdbool.h>
#include <stddef.h>
#include <stdint.h>
#include <stdio.h>
#include <stdlib.h>
#include <string.h>
#include <strings.h>
#include <sys/types.h>
#include <time.h>
#include <wchar.h>

int main(int argc, char** argv)
{
  (void)argv;
#ifndef strnlen
  return ((int*)(&strnlen))[argc];
#else
  (void)argc;
  return 0;
#endif
}
Determining if the strpbrk exist passed with the following output:
Change Dir: /mnt/c/Users/Michael/Documents/Projects/SAOD/build/CMakeFiles/CMakeTmp

Run Build Command(s):/usr/bin/gmake -f Makefile cmTC_3ad14/fast && /usr/bin/gmake  -f CMakeFiles/cmTC_3ad14.dir/build.make CMakeFiles/cmTC_3ad14.dir/build
gmake[1]: Entering directory '/mnt/c/Users/Michael/Documents/Projects/SAOD/build/CMakeFiles/CMakeTmp'
Building C object CMakeFiles/cmTC_3ad14.dir/CheckSymbolExists.c.o
/usr/bin/cc   -D_GNU_SOURCE=1 -o CMakeFiles/cmTC_3ad14.dir/CheckSymbolExists.c.o -c /mnt/c/Users/Michael/Documents/Projects/SAOD/build/CMakeFiles/CMakeTmp/CheckSymbolExists.c
Linking C executable cmTC_3ad14
/usr/bin/cmake -E cmake_link_script CMakeFiles/cmTC_3ad14.dir/link.txt --verbose=1
/usr/bin/cc   -D_GNU_SOURCE=1 CMakeFiles/cmTC_3ad14.dir/CheckSymbolExists.c.o -o cmTC_3ad14  -lm 
gmake[1]: Leaving directory '/mnt/c/Users/Michael/Documents/Projects/SAOD/build/CMakeFiles/CMakeTmp'


File /mnt/c/Users/Michael/Documents/Projects/SAOD/build/CMakeFiles/CMakeTmp/CheckSymbolExists.c:
/* */
#include <float.h>
#include <iconv.h>
#include <inttypes.h>
#include <limits.h>
#include <malloc.h>
#include <math.h>
#include <memory.h>
#include <signal.h>
#include <stdarg.h>
#include <stdbool.h>
#include <stddef.h>
#include <stdint.h>
#include <stdio.h>
#include <stdlib.h>
#include <string.h>
#include <strings.h>
#include <sys/types.h>
#include <time.h>
#include <wchar.h>

int main(int argc, char** argv)
{
  (void)argv;
#ifndef strpbrk
  return ((int*)(&strpbrk))[argc];
#else
  (void)argc;
  return 0;
#endif
}
Determining if the strrchr exist passed with the following output:
Change Dir: /mnt/c/Users/Michael/Documents/Projects/SAOD/build/CMakeFiles/CMakeTmp

Run Build Command(s):/usr/bin/gmake -f Makefile cmTC_b8aec/fast && /usr/bin/gmake  -f CMakeFiles/cmTC_b8aec.dir/build.make CMakeFiles/cmTC_b8aec.dir/build
gmake[1]: Entering directory '/mnt/c/Users/Michael/Documents/Projects/SAOD/build/CMakeFiles/CMakeTmp'
Building C object CMakeFiles/cmTC_b8aec.dir/CheckSymbolExists.c.o
/usr/bin/cc   -D_GNU_SOURCE=1 -o CMakeFiles/cmTC_b8aec.dir/CheckSymbolExists.c.o -c /mnt/c/Users/Michael/Documents/Projects/SAOD/build/CMakeFiles/CMakeTmp/CheckSymbolExists.c
Linking C executable cmTC_b8aec
/usr/bin/cmake -E cmake_link_script CMakeFiles/cmTC_b8aec.dir/link.txt --verbose=1
/usr/bin/cc   -D_GNU_SOURCE=1 CMakeFiles/cmTC_b8aec.dir/CheckSymbolExists.c.o -o cmTC_b8aec  -lm 
gmake[1]: Leaving directory '/mnt/c/Users/Michael/Documents/Projects/SAOD/build/CMakeFiles/CMakeTmp'


File /mnt/c/Users/Michael/Documents/Projects/SAOD/build/CMakeFiles/CMakeTmp/CheckSymbolExists.c:
/* */
#include <float.h>
#include <iconv.h>
#include <inttypes.h>
#include <limits.h>
#include <malloc.h>
#include <math.h>
#include <memory.h>
#include <signal.h>
#include <stdarg.h>
#include <stdbool.h>
#include <stddef.h>
#include <stdint.h>
#include <stdio.h>
#include <stdlib.h>
#include <string.h>
#include <strings.h>
#include <sys/types.h>
#include <time.h>
#include <wchar.h>

int main(int argc, char** argv)
{
  (void)argv;
#ifndef strrchr
  return ((int*)(&strrchr))[argc];
#else
  (void)argc;
  return 0;
#endif
}
Determining if the strstr exist passed with the following output:
Change Dir: /mnt/c/Users/Michael/Documents/Projects/SAOD/build/CMakeFiles/CMakeTmp

Run Build Command(s):/usr/bin/gmake -f Makefile cmTC_af98c/fast && /usr/bin/gmake  -f CMakeFiles/cmTC_af98c.dir/build.make CMakeFiles/cmTC_af98c.dir/build
gmake[1]: Entering directory '/mnt/c/Users/Michael/Documents/Projects/SAOD/build/CMakeFiles/CMakeTmp'
Building C object CMakeFiles/cmTC_af98c.dir/CheckSymbolExists.c.o
/usr/bin/cc   -D_GNU_SOURCE=1 -o CMakeFiles/cmTC_af98c.dir/CheckSymbolExists.c.o -c /mnt/c/Users/Michael/Documents/Projects/SAOD/build/CMakeFiles/CMakeTmp/CheckSymbolExists.c
Linking C executable cmTC_af98c
/usr/bin/cmake -E cmake_link_script CMakeFiles/cmTC_af98c.dir/link.txt --verbose=1
/usr/bin/cc   -D_GNU_SOURCE=1 CMakeFiles/cmTC_af98c.dir/CheckSymbolExists.c.o -o cmTC_af98c  -lm 
gmake[1]: Leaving directory '/mnt/c/Users/Michael/Documents/Projects/SAOD/build/CMakeFiles/CMakeTmp'


File /mnt/c/Users/Michael/Documents/Projects/SAOD/build/CMakeFiles/CMakeTmp/CheckSymbolExists.c:
/* */
#include <float.h>
#include <iconv.h>
#include <inttypes.h>
#include <limits.h>
#include <malloc.h>
#include <math.h>
#include <memory.h>
#include <signal.h>
#include <stdarg.h>
#include <stdbool.h>
#include <stddef.h>
#include <stdint.h>
#include <stdio.h>
#include <stdlib.h>
#include <string.h>
#include <strings.h>
#include <sys/types.h>
#include <time.h>
#include <wchar.h>

int main(int argc, char** argv)
{
  (void)argv;
#ifndef strstr
  return ((int*)(&strstr))[argc];
#else
  (void)argc;
  return 0;
#endif
}
Determining if the strtod exist passed with the following output:
Change Dir: /mnt/c/Users/Michael/Documents/Projects/SAOD/build/CMakeFiles/CMakeTmp

Run Build Command(s):/usr/bin/gmake -f Makefile cmTC_736b2/fast && /usr/bin/gmake  -f CMakeFiles/cmTC_736b2.dir/build.make CMakeFiles/cmTC_736b2.dir/build
gmake[1]: Entering directory '/mnt/c/Users/Michael/Documents/Projects/SAOD/build/CMakeFiles/CMakeTmp'
Building C object CMakeFiles/cmTC_736b2.dir/CheckSymbolExists.c.o
/usr/bin/cc   -D_GNU_SOURCE=1 -o CMakeFiles/cmTC_736b2.dir/CheckSymbolExists.c.o -c /mnt/c/Users/Michael/Documents/Projects/SAOD/build/CMakeFiles/CMakeTmp/CheckSymbolExists.c
Linking C executable cmTC_736b2
/usr/bin/cmake -E cmake_link_script CMakeFiles/cmTC_736b2.dir/link.txt --verbose=1
/usr/bin/cc   -D_GNU_SOURCE=1 CMakeFiles/cmTC_736b2.dir/CheckSymbolExists.c.o -o cmTC_736b2  -lm 
gmake[1]: Leaving directory '/mnt/c/Users/Michael/Documents/Projects/SAOD/build/CMakeFiles/CMakeTmp'


File /mnt/c/Users/Michael/Documents/Projects/SAOD/build/CMakeFiles/CMakeTmp/CheckSymbolExists.c:
/* */
#include <float.h>
#include <iconv.h>
#include <inttypes.h>
#include <limits.h>
#include <malloc.h>
#include <math.h>
#include <memory.h>
#include <signal.h>
#include <stdarg.h>
#include <stdbool.h>
#include <stddef.h>
#include <stdint.h>
#include <stdio.h>
#include <stdlib.h>
#include <string.h>
#include <strings.h>
#include <sys/types.h>
#include <time.h>
#include <wchar.h>

int main(int argc, char** argv)
{
  (void)argv;
#ifndef strtod
  return ((int*)(&strtod))[argc];
#else
  (void)argc;
  return 0;
#endif
}
Determining if the strtok_r exist passed with the following output:
Change Dir: /mnt/c/Users/Michael/Documents/Projects/SAOD/build/CMakeFiles/CMakeTmp

Run Build Command(s):/usr/bin/gmake -f Makefile cmTC_9cd77/fast && /usr/bin/gmake  -f CMakeFiles/cmTC_9cd77.dir/build.make CMakeFiles/cmTC_9cd77.dir/build
gmake[1]: Entering directory '/mnt/c/Users/Michael/Documents/Projects/SAOD/build/CMakeFiles/CMakeTmp'
Building C object CMakeFiles/cmTC_9cd77.dir/CheckSymbolExists.c.o
/usr/bin/cc   -D_GNU_SOURCE=1 -o CMakeFiles/cmTC_9cd77.dir/CheckSymbolExists.c.o -c /mnt/c/Users/Michael/Documents/Projects/SAOD/build/CMakeFiles/CMakeTmp/CheckSymbolExists.c
Linking C executable cmTC_9cd77
/usr/bin/cmake -E cmake_link_script CMakeFiles/cmTC_9cd77.dir/link.txt --verbose=1
/usr/bin/cc   -D_GNU_SOURCE=1 CMakeFiles/cmTC_9cd77.dir/CheckSymbolExists.c.o -o cmTC_9cd77  -lm 
gmake[1]: Leaving directory '/mnt/c/Users/Michael/Documents/Projects/SAOD/build/CMakeFiles/CMakeTmp'


File /mnt/c/Users/Michael/Documents/Projects/SAOD/build/CMakeFiles/CMakeTmp/CheckSymbolExists.c:
/* */
#include <float.h>
#include <iconv.h>
#include <inttypes.h>
#include <limits.h>
#include <malloc.h>
#include <math.h>
#include <memory.h>
#include <signal.h>
#include <stdarg.h>
#include <stdbool.h>
#include <stddef.h>
#include <stdint.h>
#include <stdio.h>
#include <stdlib.h>
#include <string.h>
#include <strings.h>
#include <sys/types.h>
#include <time.h>
#include <wchar.h>

int main(int argc, char** argv)
{
  (void)argv;
#ifndef strtok_r
  return ((int*)(&strtok_r))[argc];
#else
  (void)argc;
  return 0;
#endif
}
Determining if the strtol exist passed with the following output:
Change Dir: /mnt/c/Users/Michael/Documents/Projects/SAOD/build/CMakeFiles/CMakeTmp

Run Build Command(s):/usr/bin/gmake -f Makefile cmTC_74014/fast && /usr/bin/gmake  -f CMakeFiles/cmTC_74014.dir/build.make CMakeFiles/cmTC_74014.dir/build
gmake[1]: Entering directory '/mnt/c/Users/Michael/Documents/Projects/SAOD/build/CMakeFiles/CMakeTmp'
Building C object CMakeFiles/cmTC_74014.dir/CheckSymbolExists.c.o
/usr/bin/cc   -D_GNU_SOURCE=1 -o CMakeFiles/cmTC_74014.dir/CheckSymbolExists.c.o -c /mnt/c/Users/Michael/Documents/Projects/SAOD/build/CMakeFiles/CMakeTmp/CheckSymbolExists.c
Linking C executable cmTC_74014
/usr/bin/cmake -E cmake_link_script CMakeFiles/cmTC_74014.dir/link.txt --verbose=1
/usr/bin/cc   -D_GNU_SOURCE=1 CMakeFiles/cmTC_74014.dir/CheckSymbolExists.c.o -o cmTC_74014  -lm 
gmake[1]: Leaving directory '/mnt/c/Users/Michael/Documents/Projects/SAOD/build/CMakeFiles/CMakeTmp'


File /mnt/c/Users/Michael/Documents/Projects/SAOD/build/CMakeFiles/CMakeTmp/CheckSymbolExists.c:
/* */
#include <float.h>
#include <iconv.h>
#include <inttypes.h>
#include <limits.h>
#include <malloc.h>
#include <math.h>
#include <memory.h>
#include <signal.h>
#include <stdarg.h>
#include <stdbool.h>
#include <stddef.h>
#include <stdint.h>
#include <stdio.h>
#include <stdlib.h>
#include <string.h>
#include <strings.h>
#include <sys/types.h>
#include <time.h>
#include <wchar.h>

int main(int argc, char** argv)
{
  (void)argv;
#ifndef strtol
  return ((int*)(&strtol))[argc];
#else
  (void)argc;
  return 0;
#endif
}
Determining if the strtoll exist passed with the following output:
Change Dir: /mnt/c/Users/Michael/Documents/Projects/SAOD/build/CMakeFiles/CMakeTmp

Run Build Command(s):/usr/bin/gmake -f Makefile cmTC_a8b36/fast && /usr/bin/gmake  -f CMakeFiles/cmTC_a8b36.dir/build.make CMakeFiles/cmTC_a8b36.dir/build
gmake[1]: Entering directory '/mnt/c/Users/Michael/Documents/Projects/SAOD/build/CMakeFiles/CMakeTmp'
Building C object CMakeFiles/cmTC_a8b36.dir/CheckSymbolExists.c.o
/usr/bin/cc   -D_GNU_SOURCE=1 -o CMakeFiles/cmTC_a8b36.dir/CheckSymbolExists.c.o -c /mnt/c/Users/Michael/Documents/Projects/SAOD/build/CMakeFiles/CMakeTmp/CheckSymbolExists.c
Linking C executable cmTC_a8b36
/usr/bin/cmake -E cmake_link_script CMakeFiles/cmTC_a8b36.dir/link.txt --verbose=1
/usr/bin/cc   -D_GNU_SOURCE=1 CMakeFiles/cmTC_a8b36.dir/CheckSymbolExists.c.o -o cmTC_a8b36  -lm 
gmake[1]: Leaving directory '/mnt/c/Users/Michael/Documents/Projects/SAOD/build/CMakeFiles/CMakeTmp'


File /mnt/c/Users/Michael/Documents/Projects/SAOD/build/CMakeFiles/CMakeTmp/CheckSymbolExists.c:
/* */
#include <float.h>
#include <iconv.h>
#include <inttypes.h>
#include <limits.h>
#include <malloc.h>
#include <math.h>
#include <memory.h>
#include <signal.h>
#include <stdarg.h>
#include <stdbool.h>
#include <stddef.h>
#include <stdint.h>
#include <stdio.h>
#include <stdlib.h>
#include <string.h>
#include <strings.h>
#include <sys/types.h>
#include <time.h>
#include <wchar.h>

int main(int argc, char** argv)
{
  (void)argv;
#ifndef strtoll
  return ((int*)(&strtoll))[argc];
#else
  (void)argc;
  return 0;
#endif
}
Determining if the strtoul exist passed with the following output:
Change Dir: /mnt/c/Users/Michael/Documents/Projects/SAOD/build/CMakeFiles/CMakeTmp

Run Build Command(s):/usr/bin/gmake -f Makefile cmTC_651a9/fast && /usr/bin/gmake  -f CMakeFiles/cmTC_651a9.dir/build.make CMakeFiles/cmTC_651a9.dir/build
gmake[1]: Entering directory '/mnt/c/Users/Michael/Documents/Projects/SAOD/build/CMakeFiles/CMakeTmp'
Building C object CMakeFiles/cmTC_651a9.dir/CheckSymbolExists.c.o
/usr/bin/cc   -D_GNU_SOURCE=1 -o CMakeFiles/cmTC_651a9.dir/CheckSymbolExists.c.o -c /mnt/c/Users/Michael/Documents/Projects/SAOD/build/CMakeFiles/CMakeTmp/CheckSymbolExists.c
Linking C executable cmTC_651a9
/usr/bin/cmake -E cmake_link_script CMakeFiles/cmTC_651a9.dir/link.txt --verbose=1
/usr/bin/cc   -D_GNU_SOURCE=1 CMakeFiles/cmTC_651a9.dir/CheckSymbolExists.c.o -o cmTC_651a9  -lm 
gmake[1]: Leaving directory '/mnt/c/Users/Michael/Documents/Projects/SAOD/build/CMakeFiles/CMakeTmp'


File /mnt/c/Users/Michael/Documents/Projects/SAOD/build/CMakeFiles/CMakeTmp/CheckSymbolExists.c:
/* */
#include <float.h>
#include <iconv.h>
#include <inttypes.h>
#include <limits.h>
#include <malloc.h>
#include <math.h>
#include <memory.h>
#include <signal.h>
#include <stdarg.h>
#include <stdbool.h>
#include <stddef.h>
#include <stdint.h>
#include <stdio.h>
#include <stdlib.h>
#include <string.h>
#include <strings.h>
#include <sys/types.h>
#include <time.h>
#include <wchar.h>

int main(int argc, char** argv)
{
  (void)argv;
#ifndef strtoul
  return ((int*)(&strtoul))[argc];
#else
  (void)argc;
  return 0;
#endif
}
Determining if the strtoull exist passed with the following output:
Change Dir: /mnt/c/Users/Michael/Documents/Projects/SAOD/build/CMakeFiles/CMakeTmp

Run Build Command(s):/usr/bin/gmake -f Makefile cmTC_8f437/fast && /usr/bin/gmake  -f CMakeFiles/cmTC_8f437.dir/build.make CMakeFiles/cmTC_8f437.dir/build
gmake[1]: Entering directory '/mnt/c/Users/Michael/Documents/Projects/SAOD/build/CMakeFiles/CMakeTmp'
Building C object CMakeFiles/cmTC_8f437.dir/CheckSymbolExists.c.o
/usr/bin/cc   -D_GNU_SOURCE=1 -o CMakeFiles/cmTC_8f437.dir/CheckSymbolExists.c.o -c /mnt/c/Users/Michael/Documents/Projects/SAOD/build/CMakeFiles/CMakeTmp/CheckSymbolExists.c
Linking C executable cmTC_8f437
/usr/bin/cmake -E cmake_link_script CMakeFiles/cmTC_8f437.dir/link.txt --verbose=1
/usr/bin/cc   -D_GNU_SOURCE=1 CMakeFiles/cmTC_8f437.dir/CheckSymbolExists.c.o -o cmTC_8f437  -lm 
gmake[1]: Leaving directory '/mnt/c/Users/Michael/Documents/Projects/SAOD/build/CMakeFiles/CMakeTmp'


File /mnt/c/Users/Michael/Documents/Projects/SAOD/build/CMakeFiles/CMakeTmp/CheckSymbolExists.c:
/* */
#include <float.h>
#include <iconv.h>
#include <inttypes.h>
#include <limits.h>
#include <malloc.h>
#include <math.h>
#include <memory.h>
#include <signal.h>
#include <stdarg.h>
#include <stdbool.h>
#include <stddef.h>
#include <stdint.h>
#include <stdio.h>
#include <stdlib.h>
#include <string.h>
#include <strings.h>
#include <sys/types.h>
#include <time.h>
#include <wchar.h>

int main(int argc, char** argv)
{
  (void)argv;
#ifndef strtoull
  return ((int*)(&strtoull))[argc];
#else
  (void)argc;
  return 0;
#endif
}
Determining if the tan exist passed with the following output:
Change Dir: /mnt/c/Users/Michael/Documents/Projects/SAOD/build/CMakeFiles/CMakeTmp

Run Build Command(s):/usr/bin/gmake -f Makefile cmTC_f5fb2/fast && /usr/bin/gmake  -f CMakeFiles/cmTC_f5fb2.dir/build.make CMakeFiles/cmTC_f5fb2.dir/build
gmake[1]: Entering directory '/mnt/c/Users/Michael/Documents/Projects/SAOD/build/CMakeFiles/CMakeTmp'
Building C object CMakeFiles/cmTC_f5fb2.dir/CheckSymbolExists.c.o
/usr/bin/cc   -D_GNU_SOURCE=1 -o CMakeFiles/cmTC_f5fb2.dir/CheckSymbolExists.c.o -c /mnt/c/Users/Michael/Documents/Projects/SAOD/build/CMakeFiles/CMakeTmp/CheckSymbolExists.c
Linking C executable cmTC_f5fb2
/usr/bin/cmake -E cmake_link_script CMakeFiles/cmTC_f5fb2.dir/link.txt --verbose=1
/usr/bin/cc   -D_GNU_SOURCE=1 CMakeFiles/cmTC_f5fb2.dir/CheckSymbolExists.c.o -o cmTC_f5fb2  -lm 
gmake[1]: Leaving directory '/mnt/c/Users/Michael/Documents/Projects/SAOD/build/CMakeFiles/CMakeTmp'


File /mnt/c/Users/Michael/Documents/Projects/SAOD/build/CMakeFiles/CMakeTmp/CheckSymbolExists.c:
/* */
#include <float.h>
#include <iconv.h>
#include <inttypes.h>
#include <limits.h>
#include <malloc.h>
#include <math.h>
#include <memory.h>
#include <signal.h>
#include <stdarg.h>
#include <stdbool.h>
#include <stddef.h>
#include <stdint.h>
#include <stdio.h>
#include <stdlib.h>
#include <string.h>
#include <strings.h>
#include <sys/types.h>
#include <time.h>
#include <wchar.h>

int main(int argc, char** argv)
{
  (void)argv;
#ifndef tan
  return ((int*)(&tan))[argc];
#else
  (void)argc;
  return 0;
#endif
}
Determining if the tanf exist passed with the following output:
Change Dir: /mnt/c/Users/Michael/Documents/Projects/SAOD/build/CMakeFiles/CMakeTmp

Run Build Command(s):/usr/bin/gmake -f Makefile cmTC_04203/fast && /usr/bin/gmake  -f CMakeFiles/cmTC_04203.dir/build.make CMakeFiles/cmTC_04203.dir/build
gmake[1]: Entering directory '/mnt/c/Users/Michael/Documents/Projects/SAOD/build/CMakeFiles/CMakeTmp'
Building C object CMakeFiles/cmTC_04203.dir/CheckSymbolExists.c.o
/usr/bin/cc   -D_GNU_SOURCE=1 -o CMakeFiles/cmTC_04203.dir/CheckSymbolExists.c.o -c /mnt/c/Users/Michael/Documents/Projects/SAOD/build/CMakeFiles/CMakeTmp/CheckSymbolExists.c
Linking C executable cmTC_04203
/usr/bin/cmake -E cmake_link_script CMakeFiles/cmTC_04203.dir/link.txt --verbose=1
/usr/bin/cc   -D_GNU_SOURCE=1 CMakeFiles/cmTC_04203.dir/CheckSymbolExists.c.o -o cmTC_04203  -lm 
gmake[1]: Leaving directory '/mnt/c/Users/Michael/Documents/Projects/SAOD/build/CMakeFiles/CMakeTmp'


File /mnt/c/Users/Michael/Documents/Projects/SAOD/build/CMakeFiles/CMakeTmp/CheckSymbolExists.c:
/* */
#include <float.h>
#include <iconv.h>
#include <inttypes.h>
#include <limits.h>
#include <malloc.h>
#include <math.h>
#include <memory.h>
#include <signal.h>
#include <stdarg.h>
#include <stdbool.h>
#include <stddef.h>
#include <stdint.h>
#include <stdio.h>
#include <stdlib.h>
#include <string.h>
#include <strings.h>
#include <sys/types.h>
#include <time.h>
#include <wchar.h>

int main(int argc, char** argv)
{
  (void)argv;
#ifndef tanf
  return ((int*)(&tanf))[argc];
#else
  (void)argc;
  return 0;
#endif
}
Determining if the trunc exist passed with the following output:
Change Dir: /mnt/c/Users/Michael/Documents/Projects/SAOD/build/CMakeFiles/CMakeTmp

Run Build Command(s):/usr/bin/gmake -f Makefile cmTC_388b4/fast && /usr/bin/gmake  -f CMakeFiles/cmTC_388b4.dir/build.make CMakeFiles/cmTC_388b4.dir/build
gmake[1]: Entering directory '/mnt/c/Users/Michael/Documents/Projects/SAOD/build/CMakeFiles/CMakeTmp'
Building C object CMakeFiles/cmTC_388b4.dir/CheckSymbolExists.c.o
/usr/bin/cc   -D_GNU_SOURCE=1 -o CMakeFiles/cmTC_388b4.dir/CheckSymbolExists.c.o -c /mnt/c/Users/Michael/Documents/Projects/SAOD/build/CMakeFiles/CMakeTmp/CheckSymbolExists.c
Linking C executable cmTC_388b4
/usr/bin/cmake -E cmake_link_script CMakeFiles/cmTC_388b4.dir/link.txt --verbose=1
/usr/bin/cc   -D_GNU_SOURCE=1 CMakeFiles/cmTC_388b4.dir/CheckSymbolExists.c.o -o cmTC_388b4  -lm 
gmake[1]: Leaving directory '/mnt/c/Users/Michael/Documents/Projects/SAOD/build/CMakeFiles/CMakeTmp'


File /mnt/c/Users/Michael/Documents/Projects/SAOD/build/CMakeFiles/CMakeTmp/CheckSymbolExists.c:
/* */
#include <float.h>
#include <iconv.h>
#include <inttypes.h>
#include <limits.h>
#include <malloc.h>
#include <math.h>
#include <memory.h>
#include <signal.h>
#include <stdarg.h>
#include <stdbool.h>
#include <stddef.h>
#include <stdint.h>
#include <stdio.h>
#include <stdlib.h>
#include <string.h>
#include <strings.h>
#include <sys/types.h>
#include <time.h>
#include <wchar.h>

int main(int argc, char** argv)
{
  (void)argv;
#ifndef trunc
  return ((int*)(&trunc))[argc];
#else
  (void)argc;
  return 0;
#endif
}
Determining if the truncf exist passed with the following output:
Change Dir: /mnt/c/Users/Michael/Documents/Projects/SAOD/build/CMakeFiles/CMakeTmp

Run Build Command(s):/usr/bin/gmake -f Makefile cmTC_86487/fast && /usr/bin/gmake  -f CMakeFiles/cmTC_86487.dir/build.make CMakeFiles/cmTC_86487.dir/build
gmake[1]: Entering directory '/mnt/c/Users/Michael/Documents/Projects/SAOD/build/CMakeFiles/CMakeTmp'
Building C object CMakeFiles/cmTC_86487.dir/CheckSymbolExists.c.o
/usr/bin/cc   -D_GNU_SOURCE=1 -o CMakeFiles/cmTC_86487.dir/CheckSymbolExists.c.o -c /mnt/c/Users/Michael/Documents/Projects/SAOD/build/CMakeFiles/CMakeTmp/CheckSymbolExists.c
Linking C executable cmTC_86487
/usr/bin/cmake -E cmake_link_script CMakeFiles/cmTC_86487.dir/link.txt --verbose=1
/usr/bin/cc   -D_GNU_SOURCE=1 CMakeFiles/cmTC_86487.dir/CheckSymbolExists.c.o -o cmTC_86487  -lm 
gmake[1]: Leaving directory '/mnt/c/Users/Michael/Documents/Projects/SAOD/build/CMakeFiles/CMakeTmp'


File /mnt/c/Users/Michael/Documents/Projects/SAOD/build/CMakeFiles/CMakeTmp/CheckSymbolExists.c:
/* */
#include <float.h>
#include <iconv.h>
#include <inttypes.h>
#include <limits.h>
#include <malloc.h>
#include <math.h>
#include <memory.h>
#include <signal.h>
#include <stdarg.h>
#include <stdbool.h>
#include <stddef.h>
#include <stdint.h>
#include <stdio.h>
#include <stdlib.h>
#include <string.h>
#include <strings.h>
#include <sys/types.h>
#include <time.h>
#include <wchar.h>

int main(int argc, char** argv)
{
  (void)argv;
#ifndef truncf
  return ((int*)(&truncf))[argc];
#else
  (void)argc;
  return 0;
#endif
}
Determining if the unsetenv exist passed with the following output:
Change Dir: /mnt/c/Users/Michael/Documents/Projects/SAOD/build/CMakeFiles/CMakeTmp

Run Build Command(s):/usr/bin/gmake -f Makefile cmTC_23556/fast && /usr/bin/gmake  -f CMakeFiles/cmTC_23556.dir/build.make CMakeFiles/cmTC_23556.dir/build
gmake[1]: Entering directory '/mnt/c/Users/Michael/Documents/Projects/SAOD/build/CMakeFiles/CMakeTmp'
Building C object CMakeFiles/cmTC_23556.dir/CheckSymbolExists.c.o
/usr/bin/cc   -D_GNU_SOURCE=1 -o CMakeFiles/cmTC_23556.dir/CheckSymbolExists.c.o -c /mnt/c/Users/Michael/Documents/Projects/SAOD/build/CMakeFiles/CMakeTmp/CheckSymbolExists.c
Linking C executable cmTC_23556
/usr/bin/cmake -E cmake_link_script CMakeFiles/cmTC_23556.dir/link.txt --verbose=1
/usr/bin/cc   -D_GNU_SOURCE=1 CMakeFiles/cmTC_23556.dir/CheckSymbolExists.c.o -o cmTC_23556  -lm 
gmake[1]: Leaving directory '/mnt/c/Users/Michael/Documents/Projects/SAOD/build/CMakeFiles/CMakeTmp'


File /mnt/c/Users/Michael/Documents/Projects/SAOD/build/CMakeFiles/CMakeTmp/CheckSymbolExists.c:
/* */
#include <float.h>
#include <iconv.h>
#include <inttypes.h>
#include <limits.h>
#include <malloc.h>
#include <math.h>
#include <memory.h>
#include <signal.h>
#include <stdarg.h>
#include <stdbool.h>
#include <stddef.h>
#include <stdint.h>
#include <stdio.h>
#include <stdlib.h>
#include <string.h>
#include <strings.h>
#include <sys/types.h>
#include <time.h>
#include <wchar.h>

int main(int argc, char** argv)
{
  (void)argv;
#ifndef unsetenv
  return ((int*)(&unsetenv))[argc];
#else
  (void)argc;
  return 0;
#endif
}
Determining if the vsnprintf exist passed with the following output:
Change Dir: /mnt/c/Users/Michael/Documents/Projects/SAOD/build/CMakeFiles/CMakeTmp

Run Build Command(s):/usr/bin/gmake -f Makefile cmTC_20628/fast && /usr/bin/gmake  -f CMakeFiles/cmTC_20628.dir/build.make CMakeFiles/cmTC_20628.dir/build
gmake[1]: Entering directory '/mnt/c/Users/Michael/Documents/Projects/SAOD/build/CMakeFiles/CMakeTmp'
Building C object CMakeFiles/cmTC_20628.dir/CheckSymbolExists.c.o
/usr/bin/cc   -D_GNU_SOURCE=1 -o CMakeFiles/cmTC_20628.dir/CheckSymbolExists.c.o -c /mnt/c/Users/Michael/Documents/Projects/SAOD/build/CMakeFiles/CMakeTmp/CheckSymbolExists.c
Linking C executable cmTC_20628
/usr/bin/cmake -E cmake_link_script CMakeFiles/cmTC_20628.dir/link.txt --verbose=1
/usr/bin/cc   -D_GNU_SOURCE=1 CMakeFiles/cmTC_20628.dir/CheckSymbolExists.c.o -o cmTC_20628  -lm 
gmake[1]: Leaving directory '/mnt/c/Users/Michael/Documents/Projects/SAOD/build/CMakeFiles/CMakeTmp'


File /mnt/c/Users/Michael/Documents/Projects/SAOD/build/CMakeFiles/CMakeTmp/CheckSymbolExists.c:
/* */
#include <float.h>
#include <iconv.h>
#include <inttypes.h>
#include <limits.h>
#include <malloc.h>
#include <math.h>
#include <memory.h>
#include <signal.h>
#include <stdarg.h>
#include <stdbool.h>
#include <stddef.h>
#include <stdint.h>
#include <stdio.h>
#include <stdlib.h>
#include <string.h>
#include <strings.h>
#include <sys/types.h>
#include <time.h>
#include <wchar.h>

int main(int argc, char** argv)
{
  (void)argv;
#ifndef vsnprintf
  return ((int*)(&vsnprintf))[argc];
#else
  (void)argc;
  return 0;
#endif
}
Determining if the vsscanf exist passed with the following output:
Change Dir: /mnt/c/Users/Michael/Documents/Projects/SAOD/build/CMakeFiles/CMakeTmp

Run Build Command(s):/usr/bin/gmake -f Makefile cmTC_a3002/fast && /usr/bin/gmake  -f CMakeFiles/cmTC_a3002.dir/build.make CMakeFiles/cmTC_a3002.dir/build
gmake[1]: Entering directory '/mnt/c/Users/Michael/Documents/Projects/SAOD/build/CMakeFiles/CMakeTmp'
Building C object CMakeFiles/cmTC_a3002.dir/CheckSymbolExists.c.o
/usr/bin/cc   -D_GNU_SOURCE=1 -o CMakeFiles/cmTC_a3002.dir/CheckSymbolExists.c.o -c /mnt/c/Users/Michael/Documents/Projects/SAOD/build/CMakeFiles/CMakeTmp/CheckSymbolExists.c
Linking C executable cmTC_a3002
/usr/bin/cmake -E cmake_link_script CMakeFiles/cmTC_a3002.dir/link.txt --verbose=1
/usr/bin/cc   -D_GNU_SOURCE=1 CMakeFiles/cmTC_a3002.dir/CheckSymbolExists.c.o -o cmTC_a3002  -lm 
gmake[1]: Leaving directory '/mnt/c/Users/Michael/Documents/Projects/SAOD/build/CMakeFiles/CMakeTmp'


File /mnt/c/Users/Michael/Documents/Projects/SAOD/build/CMakeFiles/CMakeTmp/CheckSymbolExists.c:
/* */
#include <float.h>
#include <iconv.h>
#include <inttypes.h>
#include <limits.h>
#include <malloc.h>
#include <math.h>
#include <memory.h>
#include <signal.h>
#include <stdarg.h>
#include <stdbool.h>
#include <stddef.h>
#include <stdint.h>
#include <stdio.h>
#include <stdlib.h>
#include <string.h>
#include <strings.h>
#include <sys/types.h>
#include <time.h>
#include <wchar.h>

int main(int argc, char** argv)
{
  (void)argv;
#ifndef vsscanf
  return ((int*)(&vsscanf))[argc];
#else
  (void)argc;
  return 0;
#endif
}
Determining if the wcsnlen exist passed with the following output:
Change Dir: /mnt/c/Users/Michael/Documents/Projects/SAOD/build/CMakeFiles/CMakeTmp

Run Build Command(s):/usr/bin/gmake -f Makefile cmTC_d7649/fast && /usr/bin/gmake  -f CMakeFiles/cmTC_d7649.dir/build.make CMakeFiles/cmTC_d7649.dir/build
gmake[1]: Entering directory '/mnt/c/Users/Michael/Documents/Projects/SAOD/build/CMakeFiles/CMakeTmp'
Building C object CMakeFiles/cmTC_d7649.dir/CheckSymbolExists.c.o
/usr/bin/cc   -D_GNU_SOURCE=1 -o CMakeFiles/cmTC_d7649.dir/CheckSymbolExists.c.o -c /mnt/c/Users/Michael/Documents/Projects/SAOD/build/CMakeFiles/CMakeTmp/CheckSymbolExists.c
Linking C executable cmTC_d7649
/usr/bin/cmake -E cmake_link_script CMakeFiles/cmTC_d7649.dir/link.txt --verbose=1
/usr/bin/cc   -D_GNU_SOURCE=1 CMakeFiles/cmTC_d7649.dir/CheckSymbolExists.c.o -o cmTC_d7649  -lm 
gmake[1]: Leaving directory '/mnt/c/Users/Michael/Documents/Projects/SAOD/build/CMakeFiles/CMakeTmp'


File /mnt/c/Users/Michael/Documents/Projects/SAOD/build/CMakeFiles/CMakeTmp/CheckSymbolExists.c:
/* */
#include <float.h>
#include <iconv.h>
#include <inttypes.h>
#include <limits.h>
#include <malloc.h>
#include <math.h>
#include <memory.h>
#include <signal.h>
#include <stdarg.h>
#include <stdbool.h>
#include <stddef.h>
#include <stdint.h>
#include <stdio.h>
#include <stdlib.h>
#include <string.h>
#include <strings.h>
#include <sys/types.h>
#include <time.h>
#include <wchar.h>

int main(int argc, char** argv)
{
  (void)argv;
#ifndef wcsnlen
  return ((int*)(&wcsnlen))[argc];
#else
  (void)argc;
  return 0;
#endif
}
Determining if the wcscmp exist passed with the following output:
Change Dir: /mnt/c/Users/Michael/Documents/Projects/SAOD/build/CMakeFiles/CMakeTmp

Run Build Command(s):/usr/bin/gmake -f Makefile cmTC_cd15c/fast && /usr/bin/gmake  -f CMakeFiles/cmTC_cd15c.dir/build.make CMakeFiles/cmTC_cd15c.dir/build
gmake[1]: Entering directory '/mnt/c/Users/Michael/Documents/Projects/SAOD/build/CMakeFiles/CMakeTmp'
Building C object CMakeFiles/cmTC_cd15c.dir/CheckSymbolExists.c.o
/usr/bin/cc   -D_GNU_SOURCE=1 -o CMakeFiles/cmTC_cd15c.dir/CheckSymbolExists.c.o -c /mnt/c/Users/Michael/Documents/Projects/SAOD/build/CMakeFiles/CMakeTmp/CheckSymbolExists.c
Linking C executable cmTC_cd15c
/usr/bin/cmake -E cmake_link_script CMakeFiles/cmTC_cd15c.dir/link.txt --verbose=1
/usr/bin/cc   -D_GNU_SOURCE=1 CMakeFiles/cmTC_cd15c.dir/CheckSymbolExists.c.o -o cmTC_cd15c  -lm 
gmake[1]: Leaving directory '/mnt/c/Users/Michael/Documents/Projects/SAOD/build/CMakeFiles/CMakeTmp'


File /mnt/c/Users/Michael/Documents/Projects/SAOD/build/CMakeFiles/CMakeTmp/CheckSymbolExists.c:
/* */
#include <float.h>
#include <iconv.h>
#include <inttypes.h>
#include <limits.h>
#include <malloc.h>
#include <math.h>
#include <memory.h>
#include <signal.h>
#include <stdarg.h>
#include <stdbool.h>
#include <stddef.h>
#include <stdint.h>
#include <stdio.h>
#include <stdlib.h>
#include <string.h>
#include <strings.h>
#include <sys/types.h>
#include <time.h>
#include <wchar.h>

int main(int argc, char** argv)
{
  (void)argv;
#ifndef wcscmp
  return ((int*)(&wcscmp))[argc];
#else
  (void)argc;
  return 0;
#endif
}
Determining if the wcsdup exist passed with the following output:
Change Dir: /mnt/c/Users/Michael/Documents/Projects/SAOD/build/CMakeFiles/CMakeTmp

Run Build Command(s):/usr/bin/gmake -f Makefile cmTC_b2b46/fast && /usr/bin/gmake  -f CMakeFiles/cmTC_b2b46.dir/build.make CMakeFiles/cmTC_b2b46.dir/build
gmake[1]: Entering directory '/mnt/c/Users/Michael/Documents/Projects/SAOD/build/CMakeFiles/CMakeTmp'
Building C object CMakeFiles/cmTC_b2b46.dir/CheckSymbolExists.c.o
/usr/bin/cc   -D_GNU_SOURCE=1 -o CMakeFiles/cmTC_b2b46.dir/CheckSymbolExists.c.o -c /mnt/c/Users/Michael/Documents/Projects/SAOD/build/CMakeFiles/CMakeTmp/CheckSymbolExists.c
Linking C executable cmTC_b2b46
/usr/bin/cmake -E cmake_link_script CMakeFiles/cmTC_b2b46.dir/link.txt --verbose=1
/usr/bin/cc   -D_GNU_SOURCE=1 CMakeFiles/cmTC_b2b46.dir/CheckSymbolExists.c.o -o cmTC_b2b46  -lm 
gmake[1]: Leaving directory '/mnt/c/Users/Michael/Documents/Projects/SAOD/build/CMakeFiles/CMakeTmp'


File /mnt/c/Users/Michael/Documents/Projects/SAOD/build/CMakeFiles/CMakeTmp/CheckSymbolExists.c:
/* */
#include <float.h>
#include <iconv.h>
#include <inttypes.h>
#include <limits.h>
#include <malloc.h>
#include <math.h>
#include <memory.h>
#include <signal.h>
#include <stdarg.h>
#include <stdbool.h>
#include <stddef.h>
#include <stdint.h>
#include <stdio.h>
#include <stdlib.h>
#include <string.h>
#include <strings.h>
#include <sys/types.h>
#include <time.h>
#include <wchar.h>

int main(int argc, char** argv)
{
  (void)argv;
#ifndef wcsdup
  return ((int*)(&wcsdup))[argc];
#else
  (void)argc;
  return 0;
#endif
}
Determining if the wcslen exist passed with the following output:
Change Dir: /mnt/c/Users/Michael/Documents/Projects/SAOD/build/CMakeFiles/CMakeTmp

Run Build Command(s):/usr/bin/gmake -f Makefile cmTC_22b13/fast && /usr/bin/gmake  -f CMakeFiles/cmTC_22b13.dir/build.make CMakeFiles/cmTC_22b13.dir/build
gmake[1]: Entering directory '/mnt/c/Users/Michael/Documents/Projects/SAOD/build/CMakeFiles/CMakeTmp'
Building C object CMakeFiles/cmTC_22b13.dir/CheckSymbolExists.c.o
/usr/bin/cc   -D_GNU_SOURCE=1 -o CMakeFiles/cmTC_22b13.dir/CheckSymbolExists.c.o -c /mnt/c/Users/Michael/Documents/Projects/SAOD/build/CMakeFiles/CMakeTmp/CheckSymbolExists.c
Linking C executable cmTC_22b13
/usr/bin/cmake -E cmake_link_script CMakeFiles/cmTC_22b13.dir/link.txt --verbose=1
/usr/bin/cc   -D_GNU_SOURCE=1 CMakeFiles/cmTC_22b13.dir/CheckSymbolExists.c.o -o cmTC_22b13  -lm 
gmake[1]: Leaving directory '/mnt/c/Users/Michael/Documents/Projects/SAOD/build/CMakeFiles/CMakeTmp'


File /mnt/c/Users/Michael/Documents/Projects/SAOD/build/CMakeFiles/CMakeTmp/CheckSymbolExists.c:
/* */
#include <float.h>
#include <iconv.h>
#include <inttypes.h>
#include <limits.h>
#include <malloc.h>
#include <math.h>
#include <memory.h>
#include <signal.h>
#include <stdarg.h>
#include <stdbool.h>
#include <stddef.h>
#include <stdint.h>
#include <stdio.h>
#include <stdlib.h>
#include <string.h>
#include <strings.h>
#include <sys/types.h>
#include <time.h>
#include <wchar.h>

int main(int argc, char** argv)
{
  (void)argv;
#ifndef wcslen
  return ((int*)(&wcslen))[argc];
#else
  (void)argc;
  return 0;
#endif
}
Determining if the wcsncmp exist passed with the following output:
Change Dir: /mnt/c/Users/Michael/Documents/Projects/SAOD/build/CMakeFiles/CMakeTmp

Run Build Command(s):/usr/bin/gmake -f Makefile cmTC_edc39/fast && /usr/bin/gmake  -f CMakeFiles/cmTC_edc39.dir/build.make CMakeFiles/cmTC_edc39.dir/build
gmake[1]: Entering directory '/mnt/c/Users/Michael/Documents/Projects/SAOD/build/CMakeFiles/CMakeTmp'
Building C object CMakeFiles/cmTC_edc39.dir/CheckSymbolExists.c.o
/usr/bin/cc   -D_GNU_SOURCE=1 -o CMakeFiles/cmTC_edc39.dir/CheckSymbolExists.c.o -c /mnt/c/Users/Michael/Documents/Projects/SAOD/build/CMakeFiles/CMakeTmp/CheckSymbolExists.c
Linking C executable cmTC_edc39
/usr/bin/cmake -E cmake_link_script CMakeFiles/cmTC_edc39.dir/link.txt --verbose=1
/usr/bin/cc   -D_GNU_SOURCE=1 CMakeFiles/cmTC_edc39.dir/CheckSymbolExists.c.o -o cmTC_edc39  -lm 
gmake[1]: Leaving directory '/mnt/c/Users/Michael/Documents/Projects/SAOD/build/CMakeFiles/CMakeTmp'


File /mnt/c/Users/Michael/Documents/Projects/SAOD/build/CMakeFiles/CMakeTmp/CheckSymbolExists.c:
/* */
#include <float.h>
#include <iconv.h>
#include <inttypes.h>
#include <limits.h>
#include <malloc.h>
#include <math.h>
#include <memory.h>
#include <signal.h>
#include <stdarg.h>
#include <stdbool.h>
#include <stddef.h>
#include <stdint.h>
#include <stdio.h>
#include <stdlib.h>
#include <string.h>
#include <strings.h>
#include <sys/types.h>
#include <time.h>
#include <wchar.h>

int main(int argc, char** argv)
{
  (void)argv;
#ifndef wcsncmp
  return ((int*)(&wcsncmp))[argc];
#else
  (void)argc;
  return 0;
#endif
}
Determining if the wcsstr exist passed with the following output:
Change Dir: /mnt/c/Users/Michael/Documents/Projects/SAOD/build/CMakeFiles/CMakeTmp

Run Build Command(s):/usr/bin/gmake -f Makefile cmTC_24de3/fast && /usr/bin/gmake  -f CMakeFiles/cmTC_24de3.dir/build.make CMakeFiles/cmTC_24de3.dir/build
gmake[1]: Entering directory '/mnt/c/Users/Michael/Documents/Projects/SAOD/build/CMakeFiles/CMakeTmp'
Building C object CMakeFiles/cmTC_24de3.dir/CheckSymbolExists.c.o
/usr/bin/cc   -D_GNU_SOURCE=1 -o CMakeFiles/cmTC_24de3.dir/CheckSymbolExists.c.o -c /mnt/c/Users/Michael/Documents/Projects/SAOD/build/CMakeFiles/CMakeTmp/CheckSymbolExists.c
Linking C executable cmTC_24de3
/usr/bin/cmake -E cmake_link_script CMakeFiles/cmTC_24de3.dir/link.txt --verbose=1
/usr/bin/cc   -D_GNU_SOURCE=1 CMakeFiles/cmTC_24de3.dir/CheckSymbolExists.c.o -o cmTC_24de3  -lm 
gmake[1]: Leaving directory '/mnt/c/Users/Michael/Documents/Projects/SAOD/build/CMakeFiles/CMakeTmp'


File /mnt/c/Users/Michael/Documents/Projects/SAOD/build/CMakeFiles/CMakeTmp/CheckSymbolExists.c:
/* */
#include <float.h>
#include <iconv.h>
#include <inttypes.h>
#include <limits.h>
#include <malloc.h>
#include <math.h>
#include <memory.h>
#include <signal.h>
#include <stdarg.h>
#include <stdbool.h>
#include <stddef.h>
#include <stdint.h>
#include <stdio.h>
#include <stdlib.h>
#include <string.h>
#include <strings.h>
#include <sys/types.h>
#include <time.h>
#include <wchar.h>

int main(int argc, char** argv)
{
  (void)argv;
#ifndef wcsstr
  return ((int*)(&wcsstr))[argc];
#else
  (void)argc;
  return 0;
#endif
}
Determining if the wcstol exist passed with the following output:
Change Dir: /mnt/c/Users/Michael/Documents/Projects/SAOD/build/CMakeFiles/CMakeTmp

Run Build Command(s):/usr/bin/gmake -f Makefile cmTC_07222/fast && /usr/bin/gmake  -f CMakeFiles/cmTC_07222.dir/build.make CMakeFiles/cmTC_07222.dir/build
gmake[1]: Entering directory '/mnt/c/Users/Michael/Documents/Projects/SAOD/build/CMakeFiles/CMakeTmp'
Building C object CMakeFiles/cmTC_07222.dir/CheckSymbolExists.c.o
/usr/bin/cc   -D_GNU_SOURCE=1 -o CMakeFiles/cmTC_07222.dir/CheckSymbolExists.c.o -c /mnt/c/Users/Michael/Documents/Projects/SAOD/build/CMakeFiles/CMakeTmp/CheckSymbolExists.c
Linking C executable cmTC_07222
/usr/bin/cmake -E cmake_link_script CMakeFiles/cmTC_07222.dir/link.txt --verbose=1
/usr/bin/cc   -D_GNU_SOURCE=1 CMakeFiles/cmTC_07222.dir/CheckSymbolExists.c.o -o cmTC_07222  -lm 
gmake[1]: Leaving directory '/mnt/c/Users/Michael/Documents/Projects/SAOD/build/CMakeFiles/CMakeTmp'


File /mnt/c/Users/Michael/Documents/Projects/SAOD/build/CMakeFiles/CMakeTmp/CheckSymbolExists.c:
/* */
#include <float.h>
#include <iconv.h>
#include <inttypes.h>
#include <limits.h>
#include <malloc.h>
#include <math.h>
#include <memory.h>
#include <signal.h>
#include <stdarg.h>
#include <stdbool.h>
#include <stddef.h>
#include <stdint.h>
#include <stdio.h>
#include <stdlib.h>
#include <string.h>
#include <strings.h>
#include <sys/types.h>
#include <time.h>
#include <wchar.h>

int main(int argc, char** argv)
{
  (void)argv;
#ifndef wcstol
  return ((int*)(&wcstol))[argc];
#else
  (void)argc;
  return 0;
#endif
}
Determining if the strcasestr exist passed with the following output:
Change Dir: /mnt/c/Users/Michael/Documents/Projects/SAOD/build/CMakeFiles/CMakeTmp

Run Build Command(s):/usr/bin/gmake -f Makefile cmTC_e49c1/fast && /usr/bin/gmake  -f CMakeFiles/cmTC_e49c1.dir/build.make CMakeFiles/cmTC_e49c1.dir/build
gmake[1]: Entering directory '/mnt/c/Users/Michael/Documents/Projects/SAOD/build/CMakeFiles/CMakeTmp'
Building C object CMakeFiles/cmTC_e49c1.dir/CheckSymbolExists.c.o
/usr/bin/cc   -D_GNU_SOURCE=1 -o CMakeFiles/cmTC_e49c1.dir/CheckSymbolExists.c.o -c /mnt/c/Users/Michael/Documents/Projects/SAOD/build/CMakeFiles/CMakeTmp/CheckSymbolExists.c
Linking C executable cmTC_e49c1
/usr/bin/cmake -E cmake_link_script CMakeFiles/cmTC_e49c1.dir/link.txt --verbose=1
/usr/bin/cc   -D_GNU_SOURCE=1 CMakeFiles/cmTC_e49c1.dir/CheckSymbolExists.c.o -o cmTC_e49c1  -lm 
gmake[1]: Leaving directory '/mnt/c/Users/Michael/Documents/Projects/SAOD/build/CMakeFiles/CMakeTmp'


File /mnt/c/Users/Michael/Documents/Projects/SAOD/build/CMakeFiles/CMakeTmp/CheckSymbolExists.c:
/* */
#include <float.h>
#include <iconv.h>
#include <inttypes.h>
#include <limits.h>
#include <malloc.h>
#include <math.h>
#include <memory.h>
#include <signal.h>
#include <stdarg.h>
#include <stdbool.h>
#include <stddef.h>
#include <stdint.h>
#include <stdio.h>
#include <stdlib.h>
#include <string.h>
#include <strings.h>
#include <sys/types.h>
#include <time.h>
#include <wchar.h>

int main(int argc, char** argv)
{
  (void)argv;
#ifndef strcasestr
  return ((int*)(&strcasestr))[argc];
#else
  (void)argc;
  return 0;
#endif
}
Performing C SOURCE FILE Test LIBC_HAS_ISINF succeeded with the following output:
Change Dir: /mnt/c/Users/Michael/Documents/Projects/SAOD/build/CMakeFiles/CMakeTmp

Run Build Command(s):/usr/bin/gmake -f Makefile cmTC_f14c5/fast && /usr/bin/gmake  -f CMakeFiles/cmTC_f14c5.dir/build.make CMakeFiles/cmTC_f14c5.dir/build
gmake[1]: Entering directory '/mnt/c/Users/Michael/Documents/Projects/SAOD/build/CMakeFiles/CMakeTmp'
Building C object CMakeFiles/cmTC_f14c5.dir/src.c.o
/usr/bin/cc -DLIBC_HAS_ISINF  -D_GNU_SOURCE=1 -Wfloat-conversion -Werror -o CMakeFiles/cmTC_f14c5.dir/src.c.o -c /mnt/c/Users/Michael/Documents/Projects/SAOD/build/CMakeFiles/CMakeTmp/src.c
Linking C executable cmTC_f14c5
/usr/bin/cmake -E cmake_link_script CMakeFiles/cmTC_f14c5.dir/link.txt --verbose=1
/usr/bin/cc   -D_GNU_SOURCE=1 -Wfloat-conversion -Werror CMakeFiles/cmTC_f14c5.dir/src.c.o -o cmTC_f14c5 
gmake[1]: Leaving directory '/mnt/c/Users/Michael/Documents/Projects/SAOD/build/CMakeFiles/CMakeTmp'


Source file was:

        #include <math.h>
        int main() {
          double d = 3.14159;
          return isinf(d);
        }
      
Performing C SOURCE FILE Test LIBC_ISINF_HANDLES_FLOAT succeeded with the following output:
Change Dir: /mnt/c/Users/Michael/Documents/Projects/SAOD/build/CMakeFiles/CMakeTmp

Run Build Command(s):/usr/bin/gmake -f Makefile cmTC_d0711/fast && /usr/bin/gmake  -f CMakeFiles/cmTC_d0711.dir/build.make CMakeFiles/cmTC_d0711.dir/build
gmake[1]: Entering directory '/mnt/c/Users/Michael/Documents/Projects/SAOD/build/CMakeFiles/CMakeTmp'
Building C object CMakeFiles/cmTC_d0711.dir/src.c.o
/usr/bin/cc -DLIBC_ISINF_HANDLES_FLOAT  -D_GNU_SOURCE=1 -Wfloat-conversion -Werror -o CMakeFiles/cmTC_d0711.dir/src.c.o -c /mnt/c/Users/Michael/Documents/Projects/SAOD/build/CMakeFiles/CMakeTmp/src.c
Linking C executable cmTC_d0711
/usr/bin/cmake -E cmake_link_script CMakeFiles/cmTC_d0711.dir/link.txt --verbose=1
/usr/bin/cc   -D_GNU_SOURCE=1 -Wfloat-conversion -Werror CMakeFiles/cmTC_d0711.dir/src.c.o -o cmTC_d0711 
gmake[1]: Leaving directory '/mnt/c/Users/Michael/Documents/Projects/SAOD/build/CMakeFiles/CMakeTmp'


Source file was:

      #include <math.h>
      int main() {
        float f = 3.14159f;
        return isinf(f);
      }
    
Performing C SOURCE FILE Test LIBC_HAS_ISINFF succeeded with the following output:
Change Dir: /mnt/c/Users/Michael/Documents/Projects/SAOD/build/CMakeFiles/CMakeTmp

Run Build Command(s):/usr/bin/gmake -f Makefile cmTC_8d087/fast && /usr/bin/gmake  -f CMakeFiles/cmTC_8d087.dir/build.make CMakeFiles/cmTC_8d087.dir/build
gmake[1]: Entering directory '/mnt/c/Users/Michael/Documents/Projects/SAOD/build/CMakeFiles/CMakeTmp'
Building C object CMakeFiles/cmTC_8d087.dir/src.c.o
/usr/bin/cc -DLIBC_HAS_ISINFF  -D_GNU_SOURCE=1 -Wfloat-conversion -Werror -o CMakeFiles/cmTC_8d087.dir/src.c.o -c /mnt/c/Users/Michael/Documents/Projects/SAOD/build/CMakeFiles/CMakeTmp/src.c
Linking C executable cmTC_8d087
/usr/bin/cmake -E cmake_link_script CMakeFiles/cmTC_8d087.dir/link.txt --verbose=1
/usr/bin/cc   -D_GNU_SOURCE=1 -Wfloat-conversion -Werror CMakeFiles/cmTC_8d087.dir/src.c.o -o cmTC_8d087 
gmake[1]: Leaving directory '/mnt/c/Users/Michael/Documents/Projects/SAOD/build/CMakeFiles/CMakeTmp'


Source file was:

      #include <math.h>
      int main() {
        float f = 3.14159f;
        return isinff(f);
      }
    
Performing C SOURCE FILE Test LIBC_HAS_ISNAN succeeded with the following output:
Change Dir: /mnt/c/Users/Michael/Documents/Projects/SAOD/build/CMakeFiles/CMakeTmp

Run Build Command(s):/usr/bin/gmake -f Makefile cmTC_be354/fast && /usr/bin/gmake  -f CMakeFiles/cmTC_be354.dir/build.make CMakeFiles/cmTC_be354.dir/build
gmake[1]: Entering directory '/mnt/c/Users/Michael/Documents/Projects/SAOD/build/CMakeFiles/CMakeTmp'
Building C object CMakeFiles/cmTC_be354.dir/src.c.o
/usr/bin/cc -DLIBC_HAS_ISNAN  -D_GNU_SOURCE=1 -Wfloat-conversion -Werror -o CMakeFiles/cmTC_be354.dir/src.c.o -c /mnt/c/Users/Michael/Documents/Projects/SAOD/build/CMakeFiles/CMakeTmp/src.c
Linking C executable cmTC_be354
/usr/bin/cmake -E cmake_link_script CMakeFiles/cmTC_be354.dir/link.txt --verbose=1
/usr/bin/cc   -D_GNU_SOURCE=1 -Wfloat-conversion -Werror CMakeFiles/cmTC_be354.dir/src.c.o -o cmTC_be354 
gmake[1]: Leaving directory '/mnt/c/Users/Michael/Documents/Projects/SAOD/build/CMakeFiles/CMakeTmp'


Source file was:

        #include <math.h>
        int main() {
          double d = 3.14159;
          return isnan(d);
        }
      
Performing C SOURCE FILE Test LIBC_ISNAN_HANDLES_FLOAT succeeded with the following output:
Change Dir: /mnt/c/Users/Michael/Documents/Projects/SAOD/build/CMakeFiles/CMakeTmp

Run Build Command(s):/usr/bin/gmake -f Makefile cmTC_85f34/fast && /usr/bin/gmake  -f CMakeFiles/cmTC_85f34.dir/build.make CMakeFiles/cmTC_85f34.dir/build
gmake[1]: Entering directory '/mnt/c/Users/Michael/Documents/Projects/SAOD/build/CMakeFiles/CMakeTmp'
Building C object CMakeFiles/cmTC_85f34.dir/src.c.o
/usr/bin/cc -DLIBC_ISNAN_HANDLES_FLOAT  -D_GNU_SOURCE=1 -Wfloat-conversion -Werror -o CMakeFiles/cmTC_85f34.dir/src.c.o -c /mnt/c/Users/Michael/Documents/Projects/SAOD/build/CMakeFiles/CMakeTmp/src.c
Linking C executable cmTC_85f34
/usr/bin/cmake -E cmake_link_script CMakeFiles/cmTC_85f34.dir/link.txt --verbose=1
/usr/bin/cc   -D_GNU_SOURCE=1 -Wfloat-conversion -Werror CMakeFiles/cmTC_85f34.dir/src.c.o -o cmTC_85f34 
gmake[1]: Leaving directory '/mnt/c/Users/Michael/Documents/Projects/SAOD/build/CMakeFiles/CMakeTmp'


Source file was:

      #include <math.h>
      int main() {
        float f = 3.14159f;
        return isnan(f);
      }
    
Performing C SOURCE FILE Test LIBC_HAS_ISNANF succeeded with the following output:
Change Dir: /mnt/c/Users/Michael/Documents/Projects/SAOD/build/CMakeFiles/CMakeTmp

Run Build Command(s):/usr/bin/gmake -f Makefile cmTC_704b7/fast && /usr/bin/gmake  -f CMakeFiles/cmTC_704b7.dir/build.make CMakeFiles/cmTC_704b7.dir/build
gmake[1]: Entering directory '/mnt/c/Users/Michael/Documents/Projects/SAOD/build/CMakeFiles/CMakeTmp'
Building C object CMakeFiles/cmTC_704b7.dir/src.c.o
/usr/bin/cc -DLIBC_HAS_ISNANF  -D_GNU_SOURCE=1 -Wfloat-conversion -Werror -o CMakeFiles/cmTC_704b7.dir/src.c.o -c /mnt/c/Users/Michael/Documents/Projects/SAOD/build/CMakeFiles/CMakeTmp/src.c
Linking C executable cmTC_704b7
/usr/bin/cmake -E cmake_link_script CMakeFiles/cmTC_704b7.dir/link.txt --verbose=1
/usr/bin/cc   -D_GNU_SOURCE=1 -Wfloat-conversion -Werror CMakeFiles/cmTC_704b7.dir/src.c.o -o cmTC_704b7 
gmake[1]: Leaving directory '/mnt/c/Users/Michael/Documents/Projects/SAOD/build/CMakeFiles/CMakeTmp'


Source file was:

      #include <math.h>
      int main() {
        float f = 3.14159f;
        return isnanf(f);
      }
    
Determining if the fdatasync exist passed with the following output:
Change Dir: /mnt/c/Users/Michael/Documents/Projects/SAOD/build/CMakeFiles/CMakeTmp

Run Build Command(s):/usr/bin/gmake -f Makefile cmTC_0a570/fast && /usr/bin/gmake  -f CMakeFiles/cmTC_0a570.dir/build.make CMakeFiles/cmTC_0a570.dir/build
gmake[1]: Entering directory '/mnt/c/Users/Michael/Documents/Projects/SAOD/build/CMakeFiles/CMakeTmp'
Building C object CMakeFiles/cmTC_0a570.dir/CheckSymbolExists.c.o
/usr/bin/cc   -D_GNU_SOURCE=1 -o CMakeFiles/cmTC_0a570.dir/CheckSymbolExists.c.o -c /mnt/c/Users/Michael/Documents/Projects/SAOD/build/CMakeFiles/CMakeTmp/CheckSymbolExists.c
Linking C executable cmTC_0a570
/usr/bin/cmake -E cmake_link_script CMakeFiles/cmTC_0a570.dir/link.txt --verbose=1
/usr/bin/cc   -D_GNU_SOURCE=1 CMakeFiles/cmTC_0a570.dir/CheckSymbolExists.c.o -o cmTC_0a570 
gmake[1]: Leaving directory '/mnt/c/Users/Michael/Documents/Projects/SAOD/build/CMakeFiles/CMakeTmp'


File /mnt/c/Users/Michael/Documents/Projects/SAOD/build/CMakeFiles/CMakeTmp/CheckSymbolExists.c:
/* */
#include <unistd.h>

int main(int argc, char** argv)
{
  (void)argv;
#ifndef fdatasync
  return ((int*)(&fdatasync))[argc];
#else
  (void)argc;
  return 0;
#endif
}
Determining if the gethostname exist passed with the following output:
Change Dir: /mnt/c/Users/Michael/Documents/Projects/SAOD/build/CMakeFiles/CMakeTmp

Run Build Command(s):/usr/bin/gmake -f Makefile cmTC_b2026/fast && /usr/bin/gmake  -f CMakeFiles/cmTC_b2026.dir/build.make CMakeFiles/cmTC_b2026.dir/build
gmake[1]: Entering directory '/mnt/c/Users/Michael/Documents/Projects/SAOD/build/CMakeFiles/CMakeTmp'
Building C object CMakeFiles/cmTC_b2026.dir/CheckSymbolExists.c.o
/usr/bin/cc   -D_GNU_SOURCE=1 -o CMakeFiles/cmTC_b2026.dir/CheckSymbolExists.c.o -c /mnt/c/Users/Michael/Documents/Projects/SAOD/build/CMakeFiles/CMakeTmp/CheckSymbolExists.c
Linking C executable cmTC_b2026
/usr/bin/cmake -E cmake_link_script CMakeFiles/cmTC_b2026.dir/link.txt --verbose=1
/usr/bin/cc   -D_GNU_SOURCE=1 CMakeFiles/cmTC_b2026.dir/CheckSymbolExists.c.o -o cmTC_b2026 
gmake[1]: Leaving directory '/mnt/c/Users/Michael/Documents/Projects/SAOD/build/CMakeFiles/CMakeTmp'


File /mnt/c/Users/Michael/Documents/Projects/SAOD/build/CMakeFiles/CMakeTmp/CheckSymbolExists.c:
/* */
#include <unistd.h>

int main(int argc, char** argv)
{
  (void)argv;
#ifndef gethostname
  return ((int*)(&gethostname))[argc];
#else
  (void)argc;
  return 0;
#endif
}
Determining if the getpagesize exist passed with the following output:
Change Dir: /mnt/c/Users/Michael/Documents/Projects/SAOD/build/CMakeFiles/CMakeTmp

Run Build Command(s):/usr/bin/gmake -f Makefile cmTC_32b62/fast && /usr/bin/gmake  -f CMakeFiles/cmTC_32b62.dir/build.make CMakeFiles/cmTC_32b62.dir/build
gmake[1]: Entering directory '/mnt/c/Users/Michael/Documents/Projects/SAOD/build/CMakeFiles/CMakeTmp'
Building C object CMakeFiles/cmTC_32b62.dir/CheckSymbolExists.c.o
/usr/bin/cc   -D_GNU_SOURCE=1 -o CMakeFiles/cmTC_32b62.dir/CheckSymbolExists.c.o -c /mnt/c/Users/Michael/Documents/Projects/SAOD/build/CMakeFiles/CMakeTmp/CheckSymbolExists.c
Linking C executable cmTC_32b62
/usr/bin/cmake -E cmake_link_script CMakeFiles/cmTC_32b62.dir/link.txt --verbose=1
/usr/bin/cc   -D_GNU_SOURCE=1 CMakeFiles/cmTC_32b62.dir/CheckSymbolExists.c.o -o cmTC_32b62 
gmake[1]: Leaving directory '/mnt/c/Users/Michael/Documents/Projects/SAOD/build/CMakeFiles/CMakeTmp'


File /mnt/c/Users/Michael/Documents/Projects/SAOD/build/CMakeFiles/CMakeTmp/CheckSymbolExists.c:
/* */
#include <unistd.h>

int main(int argc, char** argv)
{
  (void)argv;
#ifndef getpagesize
  return ((int*)(&getpagesize))[argc];
#else
  (void)argc;
  return 0;
#endif
}
Determining if the sigaction exist passed with the following output:
Change Dir: /mnt/c/Users/Michael/Documents/Projects/SAOD/build/CMakeFiles/CMakeTmp

Run Build Command(s):/usr/bin/gmake -f Makefile cmTC_f431b/fast && /usr/bin/gmake  -f CMakeFiles/cmTC_f431b.dir/build.make CMakeFiles/cmTC_f431b.dir/build
gmake[1]: Entering directory '/mnt/c/Users/Michael/Documents/Projects/SAOD/build/CMakeFiles/CMakeTmp'
Building C object CMakeFiles/cmTC_f431b.dir/CheckSymbolExists.c.o
/usr/bin/cc   -D_GNU_SOURCE=1 -o CMakeFiles/cmTC_f431b.dir/CheckSymbolExists.c.o -c /mnt/c/Users/Michael/Documents/Projects/SAOD/build/CMakeFiles/CMakeTmp/CheckSymbolExists.c
Linking C executable cmTC_f431b
/usr/bin/cmake -E cmake_link_script CMakeFiles/cmTC_f431b.dir/link.txt --verbose=1
/usr/bin/cc   -D_GNU_SOURCE=1 CMakeFiles/cmTC_f431b.dir/CheckSymbolExists.c.o -o cmTC_f431b 
gmake[1]: Leaving directory '/mnt/c/Users/Michael/Documents/Projects/SAOD/build/CMakeFiles/CMakeTmp'


File /mnt/c/Users/Michael/Documents/Projects/SAOD/build/CMakeFiles/CMakeTmp/CheckSymbolExists.c:
/* */
#include <signal.h>

int main(int argc, char** argv)
{
  (void)argv;
#ifndef sigaction
  return ((int*)(&sigaction))[argc];
#else
  (void)argc;
  return 0;
#endif
}
Determining if the setjmp exist passed with the following output:
Change Dir: /mnt/c/Users/Michael/Documents/Projects/SAOD/build/CMakeFiles/CMakeTmp

Run Build Command(s):/usr/bin/gmake -f Makefile cmTC_3a5b9/fast && /usr/bin/gmake  -f CMakeFiles/cmTC_3a5b9.dir/build.make CMakeFiles/cmTC_3a5b9.dir/build
gmake[1]: Entering directory '/mnt/c/Users/Michael/Documents/Projects/SAOD/build/CMakeFiles/CMakeTmp'
Building C object CMakeFiles/cmTC_3a5b9.dir/CheckSymbolExists.c.o
/usr/bin/cc   -D_GNU_SOURCE=1 -o CMakeFiles/cmTC_3a5b9.dir/CheckSymbolExists.c.o -c /mnt/c/Users/Michael/Documents/Projects/SAOD/build/CMakeFiles/CMakeTmp/CheckSymbolExists.c
Linking C executable cmTC_3a5b9
/usr/bin/cmake -E cmake_link_script CMakeFiles/cmTC_3a5b9.dir/link.txt --verbose=1
/usr/bin/cc   -D_GNU_SOURCE=1 CMakeFiles/cmTC_3a5b9.dir/CheckSymbolExists.c.o -o cmTC_3a5b9 
gmake[1]: Leaving directory '/mnt/c/Users/Michael/Documents/Projects/SAOD/build/CMakeFiles/CMakeTmp'


File /mnt/c/Users/Michael/Documents/Projects/SAOD/build/CMakeFiles/CMakeTmp/CheckSymbolExists.c:
/* */
#include <setjmp.h>

int main(int argc, char** argv)
{
  (void)argv;
#ifndef setjmp
  return ((int*)(&setjmp))[argc];
#else
  (void)argc;
  return 0;
#endif
}
Determining if the nanosleep exist passed with the following output:
Change Dir: /mnt/c/Users/Michael/Documents/Projects/SAOD/build/CMakeFiles/CMakeTmp

Run Build Command(s):/usr/bin/gmake -f Makefile cmTC_c5546/fast && /usr/bin/gmake  -f CMakeFiles/cmTC_c5546.dir/build.make CMakeFiles/cmTC_c5546.dir/build
gmake[1]: Entering directory '/mnt/c/Users/Michael/Documents/Projects/SAOD/build/CMakeFiles/CMakeTmp'
Building C object CMakeFiles/cmTC_c5546.dir/CheckSymbolExists.c.o
/usr/bin/cc   -D_GNU_SOURCE=1 -o CMakeFiles/cmTC_c5546.dir/CheckSymbolExists.c.o -c /mnt/c/Users/Michael/Documents/Projects/SAOD/build/CMakeFiles/CMakeTmp/CheckSymbolExists.c
Linking C executable cmTC_c5546
/usr/bin/cmake -E cmake_link_script CMakeFiles/cmTC_c5546.dir/link.txt --verbose=1
/usr/bin/cc   -D_GNU_SOURCE=1 CMakeFiles/cmTC_c5546.dir/CheckSymbolExists.c.o -o cmTC_c5546 
gmake[1]: Leaving directory '/mnt/c/Users/Michael/Documents/Projects/SAOD/build/CMakeFiles/CMakeTmp'


File /mnt/c/Users/Michael/Documents/Projects/SAOD/build/CMakeFiles/CMakeTmp/CheckSymbolExists.c:
/* */
#include <time.h>

int main(int argc, char** argv)
{
  (void)argv;
#ifndef nanosleep
  return ((int*)(&nanosleep))[argc];
#else
  (void)argc;
  return 0;
#endif
}
Determining if the gmtime_r exist passed with the following output:
Change Dir: /mnt/c/Users/Michael/Documents/Projects/SAOD/build/CMakeFiles/CMakeTmp

Run Build Command(s):/usr/bin/gmake -f Makefile cmTC_3b69d/fast && /usr/bin/gmake  -f CMakeFiles/cmTC_3b69d.dir/build.make CMakeFiles/cmTC_3b69d.dir/build
gmake[1]: Entering directory '/mnt/c/Users/Michael/Documents/Projects/SAOD/build/CMakeFiles/CMakeTmp'
Building C object CMakeFiles/cmTC_3b69d.dir/CheckSymbolExists.c.o
/usr/bin/cc   -D_GNU_SOURCE=1 -o CMakeFiles/cmTC_3b69d.dir/CheckSymbolExists.c.o -c /mnt/c/Users/Michael/Documents/Projects/SAOD/build/CMakeFiles/CMakeTmp/CheckSymbolExists.c
Linking C executable cmTC_3b69d
/usr/bin/cmake -E cmake_link_script CMakeFiles/cmTC_3b69d.dir/link.txt --verbose=1
/usr/bin/cc   -D_GNU_SOURCE=1 CMakeFiles/cmTC_3b69d.dir/CheckSymbolExists.c.o -o cmTC_3b69d 
gmake[1]: Leaving directory '/mnt/c/Users/Michael/Documents/Projects/SAOD/build/CMakeFiles/CMakeTmp'


File /mnt/c/Users/Michael/Documents/Projects/SAOD/build/CMakeFiles/CMakeTmp/CheckSymbolExists.c:
/* */
#include <time.h>

int main(int argc, char** argv)
{
  (void)argv;
#ifndef gmtime_r
  return ((int*)(&gmtime_r))[argc];
#else
  (void)argc;
  return 0;
#endif
}
Determining if the localtime_r exist passed with the following output:
Change Dir: /mnt/c/Users/Michael/Documents/Projects/SAOD/build/CMakeFiles/CMakeTmp

Run Build Command(s):/usr/bin/gmake -f Makefile cmTC_e9c59/fast && /usr/bin/gmake  -f CMakeFiles/cmTC_e9c59.dir/build.make CMakeFiles/cmTC_e9c59.dir/build
gmake[1]: Entering directory '/mnt/c/Users/Michael/Documents/Projects/SAOD/build/CMakeFiles/CMakeTmp'
Building C object CMakeFiles/cmTC_e9c59.dir/CheckSymbolExists.c.o
/usr/bin/cc   -D_GNU_SOURCE=1 -o CMakeFiles/cmTC_e9c59.dir/CheckSymbolExists.c.o -c /mnt/c/Users/Michael/Documents/Projects/SAOD/build/CMakeFiles/CMakeTmp/CheckSymbolExists.c
Linking C executable cmTC_e9c59
/usr/bin/cmake -E cmake_link_script CMakeFiles/cmTC_e9c59.dir/link.txt --verbose=1
/usr/bin/cc   -D_GNU_SOURCE=1 CMakeFiles/cmTC_e9c59.dir/CheckSymbolExists.c.o -o cmTC_e9c59 
gmake[1]: Leaving directory '/mnt/c/Users/Michael/Documents/Projects/SAOD/build/CMakeFiles/CMakeTmp'


File /mnt/c/Users/Michael/Documents/Projects/SAOD/build/CMakeFiles/CMakeTmp/CheckSymbolExists.c:
/* */
#include <time.h>

int main(int argc, char** argv)
{
  (void)argv;
#ifndef localtime_r
  return ((int*)(&localtime_r))[argc];
#else
  (void)argc;
  return 0;
#endif
}
Determining if the nl_langinfo exist passed with the following output:
Change Dir: /mnt/c/Users/Michael/Documents/Projects/SAOD/build/CMakeFiles/CMakeTmp

Run Build Command(s):/usr/bin/gmake -f Makefile cmTC_1f330/fast && /usr/bin/gmake  -f CMakeFiles/cmTC_1f330.dir/build.make CMakeFiles/cmTC_1f330.dir/build
gmake[1]: Entering directory '/mnt/c/Users/Michael/Documents/Projects/SAOD/build/CMakeFiles/CMakeTmp'
Building C object CMakeFiles/cmTC_1f330.dir/CheckSymbolExists.c.o
/usr/bin/cc   -D_GNU_SOURCE=1 -o CMakeFiles/cmTC_1f330.dir/CheckSymbolExists.c.o -c /mnt/c/Users/Michael/Documents/Projects/SAOD/build/CMakeFiles/CMakeTmp/CheckSymbolExists.c
Linking C executable cmTC_1f330
/usr/bin/cmake -E cmake_link_script CMakeFiles/cmTC_1f330.dir/link.txt --verbose=1
/usr/bin/cc   -D_GNU_SOURCE=1 CMakeFiles/cmTC_1f330.dir/CheckSymbolExists.c.o -o cmTC_1f330 
gmake[1]: Leaving directory '/mnt/c/Users/Michael/Documents/Projects/SAOD/build/CMakeFiles/CMakeTmp'


File /mnt/c/Users/Michael/Documents/Projects/SAOD/build/CMakeFiles/CMakeTmp/CheckSymbolExists.c:
/* */
#include <langinfo.h>

int main(int argc, char** argv)
{
  (void)argv;
#ifndef nl_langinfo
  return ((int*)(&nl_langinfo))[argc];
#else
  (void)argc;
  return 0;
#endif
}
Determining if the sysconf exist passed with the following output:
Change Dir: /mnt/c/Users/Michael/Documents/Projects/SAOD/build/CMakeFiles/CMakeTmp

Run Build Command(s):/usr/bin/gmake -f Makefile cmTC_0bf22/fast && /usr/bin/gmake  -f CMakeFiles/cmTC_0bf22.dir/build.make CMakeFiles/cmTC_0bf22.dir/build
gmake[1]: Entering directory '/mnt/c/Users/Michael/Documents/Projects/SAOD/build/CMakeFiles/CMakeTmp'
Building C object CMakeFiles/cmTC_0bf22.dir/CheckSymbolExists.c.o
/usr/bin/cc   -D_GNU_SOURCE=1 -o CMakeFiles/cmTC_0bf22.dir/CheckSymbolExists.c.o -c /mnt/c/Users/Michael/Documents/Projects/SAOD/build/CMakeFiles/CMakeTmp/CheckSymbolExists.c
Linking C executable cmTC_0bf22
/usr/bin/cmake -E cmake_link_script CMakeFiles/cmTC_0bf22.dir/link.txt --verbose=1
/usr/bin/cc   -D_GNU_SOURCE=1 CMakeFiles/cmTC_0bf22.dir/CheckSymbolExists.c.o -o cmTC_0bf22 
gmake[1]: Leaving directory '/mnt/c/Users/Michael/Documents/Projects/SAOD/build/CMakeFiles/CMakeTmp'


File /mnt/c/Users/Michael/Documents/Projects/SAOD/build/CMakeFiles/CMakeTmp/CheckSymbolExists.c:
/* */
#include <unistd.h>

int main(int argc, char** argv)
{
  (void)argv;
#ifndef sysconf
  return ((int*)(&sysconf))[argc];
#else
  (void)argc;
  return 0;
#endif
}
Determining if the getauxval exist passed with the following output:
Change Dir: /mnt/c/Users/Michael/Documents/Projects/SAOD/build/CMakeFiles/CMakeTmp

Run Build Command(s):/usr/bin/gmake -f Makefile cmTC_aedf0/fast && /usr/bin/gmake  -f CMakeFiles/cmTC_aedf0.dir/build.make CMakeFiles/cmTC_aedf0.dir/build
gmake[1]: Entering directory '/mnt/c/Users/Michael/Documents/Projects/SAOD/build/CMakeFiles/CMakeTmp'
Building C object CMakeFiles/cmTC_aedf0.dir/CheckSymbolExists.c.o
/usr/bin/cc   -D_GNU_SOURCE=1 -o CMakeFiles/cmTC_aedf0.dir/CheckSymbolExists.c.o -c /mnt/c/Users/Michael/Documents/Projects/SAOD/build/CMakeFiles/CMakeTmp/CheckSymbolExists.c
Linking C executable cmTC_aedf0
/usr/bin/cmake -E cmake_link_script CMakeFiles/cmTC_aedf0.dir/link.txt --verbose=1
/usr/bin/cc   -D_GNU_SOURCE=1 CMakeFiles/cmTC_aedf0.dir/CheckSymbolExists.c.o -o cmTC_aedf0 
gmake[1]: Leaving directory '/mnt/c/Users/Michael/Documents/Projects/SAOD/build/CMakeFiles/CMakeTmp'


File /mnt/c/Users/Michael/Documents/Projects/SAOD/build/CMakeFiles/CMakeTmp/CheckSymbolExists.c:
/* */
#include <sys/auxv.h>

int main(int argc, char** argv)
{
  (void)argv;
#ifndef getauxval
  return ((int*)(&getauxval))[argc];
#else
  (void)argc;
  return 0;
#endif
}
Determining if the poll exist passed with the following output:
Change Dir: /mnt/c/Users/Michael/Documents/Projects/SAOD/build/CMakeFiles/CMakeTmp

Run Build Command(s):/usr/bin/gmake -f Makefile cmTC_12d7e/fast && /usr/bin/gmake  -f CMakeFiles/cmTC_12d7e.dir/build.make CMakeFiles/cmTC_12d7e.dir/build
gmake[1]: Entering directory '/mnt/c/Users/Michael/Documents/Projects/SAOD/build/CMakeFiles/CMakeTmp'
Building C object CMakeFiles/cmTC_12d7e.dir/CheckSymbolExists.c.o
/usr/bin/cc   -D_GNU_SOURCE=1 -o CMakeFiles/cmTC_12d7e.dir/CheckSymbolExists.c.o -c /mnt/c/Users/Michael/Documents/Projects/SAOD/build/CMakeFiles/CMakeTmp/CheckSymbolExists.c
Linking C executable cmTC_12d7e
/usr/bin/cmake -E cmake_link_script CMakeFiles/cmTC_12d7e.dir/link.txt --verbose=1
/usr/bin/cc   -D_GNU_SOURCE=1 CMakeFiles/cmTC_12d7e.dir/CheckSymbolExists.c.o -o cmTC_12d7e 
gmake[1]: Leaving directory '/mnt/c/Users/Michael/Documents/Projects/SAOD/build/CMakeFiles/CMakeTmp'


File /mnt/c/Users/Michael/Documents/Projects/SAOD/build/CMakeFiles/CMakeTmp/CheckSymbolExists.c:
/* */
#include <poll.h>

int main(int argc, char** argv)
{
  (void)argv;
#ifndef poll
  return ((int*)(&poll))[argc];
#else
  (void)argc;
  return 0;
#endif
}
Determining if the memfd_create exist passed with the following output:
Change Dir: /mnt/c/Users/Michael/Documents/Projects/SAOD/build/CMakeFiles/CMakeTmp

Run Build Command(s):/usr/bin/gmake -f Makefile cmTC_555f9/fast && /usr/bin/gmake  -f CMakeFiles/cmTC_555f9.dir/build.make CMakeFiles/cmTC_555f9.dir/build
gmake[1]: Entering directory '/mnt/c/Users/Michael/Documents/Projects/SAOD/build/CMakeFiles/CMakeTmp'
Building C object CMakeFiles/cmTC_555f9.dir/CheckSymbolExists.c.o
/usr/bin/cc   -D_GNU_SOURCE=1 -o CMakeFiles/cmTC_555f9.dir/CheckSymbolExists.c.o -c /mnt/c/Users/Michael/Documents/Projects/SAOD/build/CMakeFiles/CMakeTmp/CheckSymbolExists.c
Linking C executable cmTC_555f9
/usr/bin/cmake -E cmake_link_script CMakeFiles/cmTC_555f9.dir/link.txt --verbose=1
/usr/bin/cc   -D_GNU_SOURCE=1 CMakeFiles/cmTC_555f9.dir/CheckSymbolExists.c.o -o cmTC_555f9 
gmake[1]: Leaving directory '/mnt/c/Users/Michael/Documents/Projects/SAOD/build/CMakeFiles/CMakeTmp'


File /mnt/c/Users/Michael/Documents/Projects/SAOD/build/CMakeFiles/CMakeTmp/CheckSymbolExists.c:
/* */
#include <sys/mman.h>

int main(int argc, char** argv)
{
  (void)argv;
#ifndef memfd_create
  return ((int*)(&memfd_create))[argc];
#else
  (void)argc;
  return 0;
#endif
}
Determining if the posix_fallocate exist passed with the following output:
Change Dir: /mnt/c/Users/Michael/Documents/Projects/SAOD/build/CMakeFiles/CMakeTmp

Run Build Command(s):/usr/bin/gmake -f Makefile cmTC_942e8/fast && /usr/bin/gmake  -f CMakeFiles/cmTC_942e8.dir/build.make CMakeFiles/cmTC_942e8.dir/build
gmake[1]: Entering directory '/mnt/c/Users/Michael/Documents/Projects/SAOD/build/CMakeFiles/CMakeTmp'
Building C object CMakeFiles/cmTC_942e8.dir/CheckSymbolExists.c.o
/usr/bin/cc   -D_GNU_SOURCE=1 -o CMakeFiles/cmTC_942e8.dir/CheckSymbolExists.c.o -c /mnt/c/Users/Michael/Documents/Projects/SAOD/build/CMakeFiles/CMakeTmp/CheckSymbolExists.c
Linking C executable cmTC_942e8
/usr/bin/cmake -E cmake_link_script CMakeFiles/cmTC_942e8.dir/link.txt --verbose=1
/usr/bin/cc   -D_GNU_SOURCE=1 CMakeFiles/cmTC_942e8.dir/CheckSymbolExists.c.o -o cmTC_942e8 
gmake[1]: Leaving directory '/mnt/c/Users/Michael/Documents/Projects/SAOD/build/CMakeFiles/CMakeTmp'


File /mnt/c/Users/Michael/Documents/Projects/SAOD/build/CMakeFiles/CMakeTmp/CheckSymbolExists.c:
/* */
#include <fcntl.h>

int main(int argc, char** argv)
{
  (void)argv;
#ifndef posix_fallocate
  return ((int*)(&posix_fallocate))[argc];
#else
  (void)argc;
  return 0;
#endif
}
Performing C SOURCE FILE Test ICONV_IN_LIBC succeeded with the following output:
Change Dir: /mnt/c/Users/Michael/Documents/Projects/SAOD/build/CMakeFiles/CMakeTmp

Run Build Command(s):/usr/bin/gmake -f Makefile cmTC_0031c/fast && /usr/bin/gmake  -f CMakeFiles/cmTC_0031c.dir/build.make CMakeFiles/cmTC_0031c.dir/build
gmake[1]: Entering directory '/mnt/c/Users/Michael/Documents/Projects/SAOD/build/CMakeFiles/CMakeTmp'
Building C object CMakeFiles/cmTC_0031c.dir/src.c.o
/usr/bin/cc -DICONV_IN_LIBC  -D_GNU_SOURCE=1 -o CMakeFiles/cmTC_0031c.dir/src.c.o -c /mnt/c/Users/Michael/Documents/Projects/SAOD/build/CMakeFiles/CMakeTmp/src.c
Linking C executable cmTC_0031c
/usr/bin/cmake -E cmake_link_script CMakeFiles/cmTC_0031c.dir/link.txt --verbose=1
/usr/bin/cc   -D_GNU_SOURCE=1 CMakeFiles/cmTC_0031c.dir/src.c.o -o cmTC_0031c 
gmake[1]: Leaving directory '/mnt/c/Users/Michael/Documents/Projects/SAOD/build/CMakeFiles/CMakeTmp'


Source file was:

        #define LIBICONV_PLUG 1 /* in case libiconv header is in include path */
        #include <stddef.h>
        #include <iconv.h>
        int main(int argc, char **argv) {
            return !iconv_open(NULL,NULL);
        }
Performing C SOURCE FILE Test HAVE_SA_SIGACTION succeeded with the following output:
Change Dir: /mnt/c/Users/Michael/Documents/Projects/SAOD/build/CMakeFiles/CMakeTmp

Run Build Command(s):/usr/bin/gmake -f Makefile cmTC_36b67/fast && /usr/bin/gmake  -f CMakeFiles/cmTC_36b67.dir/build.make CMakeFiles/cmTC_36b67.dir/build
gmake[1]: Entering directory '/mnt/c/Users/Michael/Documents/Projects/SAOD/build/CMakeFiles/CMakeTmp'
Building C object CMakeFiles/cmTC_36b67.dir/src.c.o
/usr/bin/cc -DHAVE_SA_SIGACTION  -D_GNU_SOURCE=1 -o CMakeFiles/cmTC_36b67.dir/src.c.o -c /mnt/c/Users/Michael/Documents/Projects/SAOD/build/CMakeFiles/CMakeTmp/src.c
Linking C executable cmTC_36b67
/usr/bin/cmake -E cmake_link_script CMakeFiles/cmTC_36b67.dir/link.txt --verbose=1
/usr/bin/cc   -D_GNU_SOURCE=1 CMakeFiles/cmTC_36b67.dir/src.c.o -o cmTC_36b67 
gmake[1]: Leaving directory '/mnt/c/Users/Michael/Documents/Projects/SAOD/build/CMakeFiles/CMakeTmp'


Source file was:

#include <signal.h>

int main()
{
  (void)sizeof(((struct sigaction *)0)->sa_sigaction);
  return 0;
}

Performing C SOURCE FILE Test HAVE_ST_MTIM succeeded with the following output:
Change Dir: /mnt/c/Users/Michael/Documents/Projects/SAOD/build/CMakeFiles/CMakeTmp

Run Build Command(s):/usr/bin/gmake -f Makefile cmTC_8fd65/fast && /usr/bin/gmake  -f CMakeFiles/cmTC_8fd65.dir/build.make CMakeFiles/cmTC_8fd65.dir/build
gmake[1]: Entering directory '/mnt/c/Users/Michael/Documents/Projects/SAOD/build/CMakeFiles/CMakeTmp'
Building C object CMakeFiles/cmTC_8fd65.dir/src.c.o
/usr/bin/cc -DHAVE_ST_MTIM  -D_GNU_SOURCE=1 -o CMakeFiles/cmTC_8fd65.dir/src.c.o -c /mnt/c/Users/Michael/Documents/Projects/SAOD/build/CMakeFiles/CMakeTmp/src.c
Linking C executable cmTC_8fd65
/usr/bin/cmake -E cmake_link_script CMakeFiles/cmTC_8fd65.dir/link.txt --verbose=1
/usr/bin/cc   -D_GNU_SOURCE=1 CMakeFiles/cmTC_8fd65.dir/src.c.o -o cmTC_8fd65 
gmake[1]: Leaving directory '/mnt/c/Users/Michael/Documents/Projects/SAOD/build/CMakeFiles/CMakeTmp'


Source file was:

#include <sys/stat.h>

int main()
{
  (void)sizeof(((struct stat *)0)->st_mtim);
  return 0;
}

Determining if the dlopen exist passed with the following output:
Change Dir: /mnt/c/Users/Michael/Documents/Projects/SAOD/build/CMakeFiles/CMakeTmp

Run Build Command(s):/usr/bin/gmake -f Makefile cmTC_16e1c/fast && /usr/bin/gmake  -f CMakeFiles/cmTC_16e1c.dir/build.make CMakeFiles/cmTC_16e1c.dir/build
gmake[1]: Entering directory '/mnt/c/Users/Michael/Documents/Projects/SAOD/build/CMakeFiles/CMakeTmp'
Building C object CMakeFiles/cmTC_16e1c.dir/CheckSymbolExists.c.o
/usr/bin/cc   -D_GNU_SOURCE=1 -o CMakeFiles/cmTC_16e1c.dir/CheckSymbolExists.c.o -c /mnt/c/Users/Michael/Documents/Projects/SAOD/build/CMakeFiles/CMakeTmp/CheckSymbolExists.c
Linking C executable cmTC_16e1c
/usr/bin/cmake -E cmake_link_script CMakeFiles/cmTC_16e1c.dir/link.txt --verbose=1
/usr/bin/cc   -D_GNU_SOURCE=1 CMakeFiles/cmTC_16e1c.dir/CheckSymbolExists.c.o -o cmTC_16e1c 
gmake[1]: Leaving directory '/mnt/c/Users/Michael/Documents/Projects/SAOD/build/CMakeFiles/CMakeTmp'


File /mnt/c/Users/Michael/Documents/Projects/SAOD/build/CMakeFiles/CMakeTmp/CheckSymbolExists.c:
/* */
#include <dlfcn.h>

int main(int argc, char** argv)
{
  (void)argv;
#ifndef dlopen
  return ((int*)(&dlopen))[argc];
#else
  (void)argc;
  return 0;
#endif
}
Performing C SOURCE FILE Test HAVE_O_CLOEXEC succeeded with the following output:
Change Dir: /mnt/c/Users/Michael/Documents/Projects/SAOD/build/CMakeFiles/CMakeTmp

Run Build Command(s):/usr/bin/gmake -f Makefile cmTC_83f4d/fast && /usr/bin/gmake  -f CMakeFiles/cmTC_83f4d.dir/build.make CMakeFiles/cmTC_83f4d.dir/build
gmake[1]: Entering directory '/mnt/c/Users/Michael/Documents/Projects/SAOD/build/CMakeFiles/CMakeTmp'
Building C object CMakeFiles/cmTC_83f4d.dir/src.c.o
/usr/bin/cc -DHAVE_O_CLOEXEC  -D_GNU_SOURCE=1 -o CMakeFiles/cmTC_83f4d.dir/src.c.o -c /mnt/c/Users/Michael/Documents/Projects/SAOD/build/CMakeFiles/CMakeTmp/src.c
Linking C executable cmTC_83f4d
/usr/bin/cmake -E cmake_link_script CMakeFiles/cmTC_83f4d.dir/link.txt --verbose=1
/usr/bin/cc   -D_GNU_SOURCE=1 CMakeFiles/cmTC_83f4d.dir/src.c.o -o cmTC_83f4d 
gmake[1]: Leaving directory '/mnt/c/Users/Michael/Documents/Projects/SAOD/build/CMakeFiles/CMakeTmp'


Source file was:

    #include <fcntl.h>
    int flag = O_CLOEXEC;
    int main(int argc, char **argv) { return 0; }
Determining if the function XOpenDisplay exists in the /usr/lib/x86_64-linux-gnu/libX11.so;/usr/lib/x86_64-linux-gnu/libXext.so passed with the following output:
Change Dir: /mnt/c/Users/Michael/Documents/Projects/SAOD/build/CMakeFiles/CMakeTmp

Run Build Command(s):/usr/bin/gmake -f Makefile cmTC_6d18e/fast && /usr/bin/gmake  -f CMakeFiles/cmTC_6d18e.dir/build.make CMakeFiles/cmTC_6d18e.dir/build
gmake[1]: Entering directory '/mnt/c/Users/Michael/Documents/Projects/SAOD/build/CMakeFiles/CMakeTmp'
Building C object CMakeFiles/cmTC_6d18e.dir/CheckFunctionExists.c.o
/usr/bin/cc   -DCHECK_FUNCTION_EXISTS=XOpenDisplay  -D_GNU_SOURCE=1 -o CMakeFiles/cmTC_6d18e.dir/CheckFunctionExists.c.o -c /usr/share/cmake-3.22/Modules/CheckFunctionExists.c
Linking C executable cmTC_6d18e
/usr/bin/cmake -E cmake_link_script CMakeFiles/cmTC_6d18e.dir/link.txt --verbose=1
/usr/bin/cc  -DCHECK_FUNCTION_EXISTS=XOpenDisplay  -D_GNU_SOURCE=1 CMakeFiles/cmTC_6d18e.dir/CheckFunctionExists.c.o -o cmTC_6d18e  /usr/lib/x86_64-linux-gnu/libX11.so /usr/lib/x86_64-linux-gnu/libXext.so 
gmake[1]: Leaving directory '/mnt/c/Users/Michael/Documents/Projects/SAOD/build/CMakeFiles/CMakeTmp'



Determining if the function gethostbyname exists passed with the following output:
Change Dir: /mnt/c/Users/Michael/Documents/Projects/SAOD/build/CMakeFiles/CMakeTmp

Run Build Command(s):/usr/bin/gmake -f Makefile cmTC_31e1e/fast && /usr/bin/gmake  -f CMakeFiles/cmTC_31e1e.dir/build.make CMakeFiles/cmTC_31e1e.dir/build
gmake[1]: Entering directory '/mnt/c/Users/Michael/Documents/Projects/SAOD/build/CMakeFiles/CMakeTmp'
Building C object CMakeFiles/cmTC_31e1e.dir/CheckFunctionExists.c.o
/usr/bin/cc   -DCHECK_FUNCTION_EXISTS=gethostbyname  -D_GNU_SOURCE=1 -o CMakeFiles/cmTC_31e1e.dir/CheckFunctionExists.c.o -c /usr/share/cmake-3.22/Modules/CheckFunctionExists.c
Linking C executable cmTC_31e1e
/usr/bin/cmake -E cmake_link_script CMakeFiles/cmTC_31e1e.dir/link.txt --verbose=1
/usr/bin/cc  -DCHECK_FUNCTION_EXISTS=gethostbyname  -D_GNU_SOURCE=1 CMakeFiles/cmTC_31e1e.dir/CheckFunctionExists.c.o -o cmTC_31e1e 
gmake[1]: Leaving directory '/mnt/c/Users/Michael/Documents/Projects/SAOD/build/CMakeFiles/CMakeTmp'



Determining if the function connect exists passed with the following output:
Change Dir: /mnt/c/Users/Michael/Documents/Projects/SAOD/build/CMakeFiles/CMakeTmp

Run Build Command(s):/usr/bin/gmake -f Makefile cmTC_27a0d/fast && /usr/bin/gmake  -f CMakeFiles/cmTC_27a0d.dir/build.make CMakeFiles/cmTC_27a0d.dir/build
gmake[1]: Entering directory '/mnt/c/Users/Michael/Documents/Projects/SAOD/build/CMakeFiles/CMakeTmp'
Building C object CMakeFiles/cmTC_27a0d.dir/CheckFunctionExists.c.o
/usr/bin/cc   -DCHECK_FUNCTION_EXISTS=connect  -D_GNU_SOURCE=1 -o CMakeFiles/cmTC_27a0d.dir/CheckFunctionExists.c.o -c /usr/share/cmake-3.22/Modules/CheckFunctionExists.c
Linking C executable cmTC_27a0d
/usr/bin/cmake -E cmake_link_script CMakeFiles/cmTC_27a0d.dir/link.txt --verbose=1
/usr/bin/cc  -DCHECK_FUNCTION_EXISTS=connect  -D_GNU_SOURCE=1 CMakeFiles/cmTC_27a0d.dir/CheckFunctionExists.c.o -o cmTC_27a0d 
gmake[1]: Leaving directory '/mnt/c/Users/Michael/Documents/Projects/SAOD/build/CMakeFiles/CMakeTmp'



Determining if the function remove exists passed with the following output:
Change Dir: /mnt/c/Users/Michael/Documents/Projects/SAOD/build/CMakeFiles/CMakeTmp

Run Build Command(s):/usr/bin/gmake -f Makefile cmTC_e7fa9/fast && /usr/bin/gmake  -f CMakeFiles/cmTC_e7fa9.dir/build.make CMakeFiles/cmTC_e7fa9.dir/build
gmake[1]: Entering directory '/mnt/c/Users/Michael/Documents/Projects/SAOD/build/CMakeFiles/CMakeTmp'
Building C object CMakeFiles/cmTC_e7fa9.dir/CheckFunctionExists.c.o
/usr/bin/cc   -DCHECK_FUNCTION_EXISTS=remove  -D_GNU_SOURCE=1 -o CMakeFiles/cmTC_e7fa9.dir/CheckFunctionExists.c.o -c /usr/share/cmake-3.22/Modules/CheckFunctionExists.c
Linking C executable cmTC_e7fa9
/usr/bin/cmake -E cmake_link_script CMakeFiles/cmTC_e7fa9.dir/link.txt --verbose=1
/usr/bin/cc  -DCHECK_FUNCTION_EXISTS=remove  -D_GNU_SOURCE=1 CMakeFiles/cmTC_e7fa9.dir/CheckFunctionExists.c.o -o cmTC_e7fa9 
gmake[1]: Leaving directory '/mnt/c/Users/Michael/Documents/Projects/SAOD/build/CMakeFiles/CMakeTmp'



Determining if the function shmat exists passed with the following output:
Change Dir: /mnt/c/Users/Michael/Documents/Projects/SAOD/build/CMakeFiles/CMakeTmp

Run Build Command(s):/usr/bin/gmake -f Makefile cmTC_fb2ea/fast && /usr/bin/gmake  -f CMakeFiles/cmTC_fb2ea.dir/build.make CMakeFiles/cmTC_fb2ea.dir/build
gmake[1]: Entering directory '/mnt/c/Users/Michael/Documents/Projects/SAOD/build/CMakeFiles/CMakeTmp'
Building C object CMakeFiles/cmTC_fb2ea.dir/CheckFunctionExists.c.o
/usr/bin/cc   -DCHECK_FUNCTION_EXISTS=shmat  -D_GNU_SOURCE=1 -o CMakeFiles/cmTC_fb2ea.dir/CheckFunctionExists.c.o -c /usr/share/cmake-3.22/Modules/CheckFunctionExists.c
Linking C executable cmTC_fb2ea
/usr/bin/cmake -E cmake_link_script CMakeFiles/cmTC_fb2ea.dir/link.txt --verbose=1
/usr/bin/cc  -DCHECK_FUNCTION_EXISTS=shmat  -D_GNU_SOURCE=1 CMakeFiles/cmTC_fb2ea.dir/CheckFunctionExists.c.o -o cmTC_fb2ea 
gmake[1]: Leaving directory '/mnt/c/Users/Michael/Documents/Projects/SAOD/build/CMakeFiles/CMakeTmp'



Determining if the shmat exist passed with the following output:
Change Dir: /mnt/c/Users/Michael/Documents/Projects/SAOD/build/CMakeFiles/CMakeTmp

Run Build Command(s):/usr/bin/gmake -f Makefile cmTC_00b44/fast && /usr/bin/gmake  -f CMakeFiles/cmTC_00b44.dir/build.make CMakeFiles/cmTC_00b44.dir/build
gmake[1]: Entering directory '/mnt/c/Users/Michael/Documents/Projects/SAOD/build/CMakeFiles/CMakeTmp'
Building C object CMakeFiles/cmTC_00b44.dir/CheckSymbolExists.c.o
/usr/bin/cc   -D_GNU_SOURCE=1 -o CMakeFiles/cmTC_00b44.dir/CheckSymbolExists.c.o -c /mnt/c/Users/Michael/Documents/Projects/SAOD/build/CMakeFiles/CMakeTmp/CheckSymbolExists.c
Linking C executable cmTC_00b44
/usr/bin/cmake -E cmake_link_script CMakeFiles/cmTC_00b44.dir/link.txt --verbose=1
/usr/bin/cc   -D_GNU_SOURCE=1 CMakeFiles/cmTC_00b44.dir/CheckSymbolExists.c.o -o cmTC_00b44 
gmake[1]: Leaving directory '/mnt/c/Users/Michael/Documents/Projects/SAOD/build/CMakeFiles/CMakeTmp'


File /mnt/c/Users/Michael/Documents/Projects/SAOD/build/CMakeFiles/CMakeTmp/CheckSymbolExists.c:
/* */
#include <sys/shm.h>

int main(int argc, char** argv)
{
  (void)argv;
#ifndef shmat
  return ((int*)(&shmat))[argc];
#else
  (void)argc;
  return 0;
#endif
}
Performing C SOURCE FILE Test HAVE_XGENERICEVENT succeeded with the following output:
Change Dir: /mnt/c/Users/Michael/Documents/Projects/SAOD/build/CMakeFiles/CMakeTmp

Run Build Command(s):/usr/bin/gmake -f Makefile cmTC_85bf6/fast && /usr/bin/gmake  -f CMakeFiles/cmTC_85bf6.dir/build.make CMakeFiles/cmTC_85bf6.dir/build
gmake[1]: Entering directory '/mnt/c/Users/Michael/Documents/Projects/SAOD/build/CMakeFiles/CMakeTmp'
Building C object CMakeFiles/cmTC_85bf6.dir/src.c.o
/usr/bin/cc -DHAVE_XGENERICEVENT  -D_GNU_SOURCE=1 -o CMakeFiles/cmTC_85bf6.dir/src.c.o -c /mnt/c/Users/Michael/Documents/Projects/SAOD/build/CMakeFiles/CMakeTmp/src.c
Linking C executable cmTC_85bf6
/usr/bin/cmake -E cmake_link_script CMakeFiles/cmTC_85bf6.dir/link.txt --verbose=1
/usr/bin/cc   -D_GNU_SOURCE=1 CMakeFiles/cmTC_85bf6.dir/src.c.o -o cmTC_85bf6  /usr/lib/x86_64-linux-gnu/libX11.so 
gmake[1]: Leaving directory '/mnt/c/Users/Michael/Documents/Projects/SAOD/build/CMakeFiles/CMakeTmp'


Source file was:

          #include <X11/Xlib.h>
          int main(int argc, char **argv) {
            Display *display;
            XEvent event;
            XGenericEventCookie *cookie = &event.xcookie;
            XNextEvent(display, &event);
            XGetEventData(display, cookie);
            XFreeEventData(display, cookie);
            return 0; }
Determining if the XkbLookupKeySym exist passed with the following output:
Change Dir: /mnt/c/Users/Michael/Documents/Projects/SAOD/build/CMakeFiles/CMakeTmp

Run Build Command(s):/usr/bin/gmake -f Makefile cmTC_2abf9/fast && /usr/bin/gmake  -f CMakeFiles/cmTC_2abf9.dir/build.make CMakeFiles/cmTC_2abf9.dir/build
gmake[1]: Entering directory '/mnt/c/Users/Michael/Documents/Projects/SAOD/build/CMakeFiles/CMakeTmp'
Building C object CMakeFiles/cmTC_2abf9.dir/CheckSymbolExists.c.o
/usr/bin/cc   -D_GNU_SOURCE=1 -o CMakeFiles/cmTC_2abf9.dir/CheckSymbolExists.c.o -c /mnt/c/Users/Michael/Documents/Projects/SAOD/build/CMakeFiles/CMakeTmp/CheckSymbolExists.c
Linking C executable cmTC_2abf9
/usr/bin/cmake -E cmake_link_script CMakeFiles/cmTC_2abf9.dir/link.txt --verbose=1
/usr/bin/cc   -D_GNU_SOURCE=1 CMakeFiles/cmTC_2abf9.dir/CheckSymbolExists.c.o -o cmTC_2abf9  /usr/lib/x86_64-linux-gnu/libX11.so 
gmake[1]: Leaving directory '/mnt/c/Users/Michael/Documents/Projects/SAOD/build/CMakeFiles/CMakeTmp'


File /mnt/c/Users/Michael/Documents/Projects/SAOD/build/CMakeFiles/CMakeTmp/CheckSymbolExists.c:
/* */
#include <X11/Xlib.h>
#include <X11/XKBlib.h>

int main(int argc, char** argv)
{
  (void)argv;
#ifndef XkbLookupKeySym
  return ((int*)(&XkbLookupKeySym))[argc];
#else
  (void)argc;
  return 0;
#endif
}
Performing C SOURCE FILE Test HAVE_XINPUT2_MULTITOUCH succeeded with the following output:
Change Dir: /mnt/c/Users/Michael/Documents/Projects/SAOD/build/CMakeFiles/CMakeTmp

Run Build Command(s):/usr/bin/gmake -f Makefile cmTC_0a111/fast && /usr/bin/gmake  -f CMakeFiles/cmTC_0a111.dir/build.make CMakeFiles/cmTC_0a111.dir/build
gmake[1]: Entering directory '/mnt/c/Users/Michael/Documents/Projects/SAOD/build/CMakeFiles/CMakeTmp'
Building C object CMakeFiles/cmTC_0a111.dir/src.c.o
/usr/bin/cc -DHAVE_XINPUT2_MULTITOUCH  -D_GNU_SOURCE=1 -o CMakeFiles/cmTC_0a111.dir/src.c.o -c /mnt/c/Users/Michael/Documents/Projects/SAOD/build/CMakeFiles/CMakeTmp/src.c
Linking C executable cmTC_0a111
/usr/bin/cmake -E cmake_link_script CMakeFiles/cmTC_0a111.dir/link.txt --verbose=1
/usr/bin/cc   -D_GNU_SOURCE=1 CMakeFiles/cmTC_0a111.dir/src.c.o -o cmTC_0a111  /usr/lib/x86_64-linux-gnu/libX11.so 
gmake[1]: Leaving directory '/mnt/c/Users/Michael/Documents/Projects/SAOD/build/CMakeFiles/CMakeTmp'


Source file was:

            #include <X11/Xlib.h>
            #include <X11/Xproto.h>
            #include <X11/extensions/XInput2.h>
            int event_type = XI_TouchBegin;
            XITouchClassInfo *t;
            Status XIAllowTouchEvents(Display *a,int b,unsigned int c,Window d,int f) {
              return (Status)0;
            }
            int main(int argc, char **argv) { return 0; }
Performing C SOURCE FILE Test HAVE_XFIXES_H succeeded with the following output:
Change Dir: /mnt/c/Users/Michael/Documents/Projects/SAOD/build/CMakeFiles/CMakeTmp

Run Build Command(s):/usr/bin/gmake -f Makefile cmTC_f341f/fast && /usr/bin/gmake  -f CMakeFiles/cmTC_f341f.dir/build.make CMakeFiles/cmTC_f341f.dir/build
gmake[1]: Entering directory '/mnt/c/Users/Michael/Documents/Projects/SAOD/build/CMakeFiles/CMakeTmp'
Building C object CMakeFiles/cmTC_f341f.dir/src.c.o
/usr/bin/cc -DHAVE_XFIXES_H  -D_GNU_SOURCE=1 -o CMakeFiles/cmTC_f341f.dir/src.c.o -c /mnt/c/Users/Michael/Documents/Projects/SAOD/build/CMakeFiles/CMakeTmp/src.c
Linking C executable cmTC_f341f
/usr/bin/cmake -E cmake_link_script CMakeFiles/cmTC_f341f.dir/link.txt --verbose=1
/usr/bin/cc   -D_GNU_SOURCE=1 CMakeFiles/cmTC_f341f.dir/src.c.o -o cmTC_f341f  /usr/lib/x86_64-linux-gnu/libX11.so 
gmake[1]: Leaving directory '/mnt/c/Users/Michael/Documents/Projects/SAOD/build/CMakeFiles/CMakeTmp'


Source file was:

            #include <X11/Xlib.h>
            #include <X11/Xproto.h>
            #include <X11/extensions/XInput2.h>
            #include <X11/extensions/Xfixes.h>
            BarrierEventID b;
            int main(int argc, char **argv) { return 0; }
Performing C SOURCE FILE Test HAVE_OPENGL_EGL succeeded with the following output:
Change Dir: /mnt/c/Users/Michael/Documents/Projects/SAOD/build/CMakeFiles/CMakeTmp

Run Build Command(s):/usr/bin/gmake -f Makefile cmTC_31418/fast && /usr/bin/gmake  -f CMakeFiles/cmTC_31418.dir/build.make CMakeFiles/cmTC_31418.dir/build
gmake[1]: Entering directory '/mnt/c/Users/Michael/Documents/Projects/SAOD/build/CMakeFiles/CMakeTmp'
Building C object CMakeFiles/cmTC_31418.dir/src.c.o
/usr/bin/cc -DHAVE_OPENGL_EGL -I/mnt/c/Users/Michael/Documents/Projects/SAOD/vendored/SDL/src/video/khronos -D_GNU_SOURCE=1 -o CMakeFiles/cmTC_31418.dir/src.c.o -c /mnt/c/Users/Michael/Documents/Projects/SAOD/build/CMakeFiles/CMakeTmp/src.c
Linking C executable cmTC_31418
/usr/bin/cmake -E cmake_link_script CMakeFiles/cmTC_31418.dir/link.txt --verbose=1
/usr/bin/cc   -D_GNU_SOURCE=1 CMakeFiles/cmTC_31418.dir/src.c.o -o cmTC_31418 
gmake[1]: Leaving directory '/mnt/c/Users/Michael/Documents/Projects/SAOD/build/CMakeFiles/CMakeTmp'


Source file was:

        #define EGL_API_FB
        #define MESA_EGL_NO_X11_HEADERS
        #define EGL_NO_X11
        #include <EGL/egl.h>
        #include <EGL/eglext.h>
        int main (int argc, char** argv) { return 0; }
Performing C SOURCE FILE Test HAVE_OPENGL_GLX succeeded with the following output:
Change Dir: /mnt/c/Users/Michael/Documents/Projects/SAOD/build/CMakeFiles/CMakeTmp

Run Build Command(s):/usr/bin/gmake -f Makefile cmTC_2dea7/fast && /usr/bin/gmake  -f CMakeFiles/cmTC_2dea7.dir/build.make CMakeFiles/cmTC_2dea7.dir/build
gmake[1]: Entering directory '/mnt/c/Users/Michael/Documents/Projects/SAOD/build/CMakeFiles/CMakeTmp'
Building C object CMakeFiles/cmTC_2dea7.dir/src.c.o
/usr/bin/cc -DHAVE_OPENGL_GLX  -D_GNU_SOURCE=1 -o CMakeFiles/cmTC_2dea7.dir/src.c.o -c /mnt/c/Users/Michael/Documents/Projects/SAOD/build/CMakeFiles/CMakeTmp/src.c
Linking C executable cmTC_2dea7
/usr/bin/cmake -E cmake_link_script CMakeFiles/cmTC_2dea7.dir/link.txt --verbose=1
/usr/bin/cc   -D_GNU_SOURCE=1 CMakeFiles/cmTC_2dea7.dir/src.c.o -o cmTC_2dea7 
gmake[1]: Leaving directory '/mnt/c/Users/Michael/Documents/Projects/SAOD/build/CMakeFiles/CMakeTmp'


Source file was:

        #include <GL/glx.h>
        int main(int argc, char** argv) { return 0; }
Performing C SOURCE FILE Test HAVE_OPENGL succeeded with the following output:
Change Dir: /mnt/c/Users/Michael/Documents/Projects/SAOD/build/CMakeFiles/CMakeTmp

Run Build Command(s):/usr/bin/gmake -f Makefile cmTC_b6f68/fast && /usr/bin/gmake  -f CMakeFiles/cmTC_b6f68.dir/build.make CMakeFiles/cmTC_b6f68.dir/build
gmake[1]: Entering directory '/mnt/c/Users/Michael/Documents/Projects/SAOD/build/CMakeFiles/CMakeTmp'
Building C object CMakeFiles/cmTC_b6f68.dir/src.c.o
/usr/bin/cc -DHAVE_OPENGL  -D_GNU_SOURCE=1 -o CMakeFiles/cmTC_b6f68.dir/src.c.o -c /mnt/c/Users/Michael/Documents/Projects/SAOD/build/CMakeFiles/CMakeTmp/src.c
Linking C executable cmTC_b6f68
/usr/bin/cmake -E cmake_link_script CMakeFiles/cmTC_b6f68.dir/link.txt --verbose=1
/usr/bin/cc   -D_GNU_SOURCE=1 CMakeFiles/cmTC_b6f68.dir/src.c.o -o cmTC_b6f68 
gmake[1]: Leaving directory '/mnt/c/Users/Michael/Documents/Projects/SAOD/build/CMakeFiles/CMakeTmp'


Source file was:

        #include <GL/gl.h>
        #include <GL/glext.h>
        int main(int argc, char** argv) { return 0; }
Performing C SOURCE FILE Test HAVE_OPENGLES_V1 succeeded with the following output:
Change Dir: /mnt/c/Users/Michael/Documents/Projects/SAOD/build/CMakeFiles/CMakeTmp

Run Build Command(s):/usr/bin/gmake -f Makefile cmTC_53d72/fast && /usr/bin/gmake  -f CMakeFiles/cmTC_53d72.dir/build.make CMakeFiles/cmTC_53d72.dir/build
gmake[1]: Entering directory '/mnt/c/Users/Michael/Documents/Projects/SAOD/build/CMakeFiles/CMakeTmp'
Building C object CMakeFiles/cmTC_53d72.dir/src.c.o
/usr/bin/cc -DHAVE_OPENGLES_V1 -I/mnt/c/Users/Michael/Documents/Projects/SAOD/vendored/SDL/src/video/khronos -D_GNU_SOURCE=1 -o CMakeFiles/cmTC_53d72.dir/src.c.o -c /mnt/c/Users/Michael/Documents/Projects/SAOD/build/CMakeFiles/CMakeTmp/src.c
Linking C executable cmTC_53d72
/usr/bin/cmake -E cmake_link_script CMakeFiles/cmTC_53d72.dir/link.txt --verbose=1
/usr/bin/cc   -D_GNU_SOURCE=1 CMakeFiles/cmTC_53d72.dir/src.c.o -o cmTC_53d72 
gmake[1]: Leaving directory '/mnt/c/Users/Michael/Documents/Projects/SAOD/build/CMakeFiles/CMakeTmp'


Source file was:

        #include <GLES/gl.h>
        #include <GLES/glext.h>
        int main (int argc, char** argv) { return 0; }
Performing C SOURCE FILE Test HAVE_OPENGLES_V2 succeeded with the following output:
Change Dir: /mnt/c/Users/Michael/Documents/Projects/SAOD/build/CMakeFiles/CMakeTmp

Run Build Command(s):/usr/bin/gmake -f Makefile cmTC_5d68f/fast && /usr/bin/gmake  -f CMakeFiles/cmTC_5d68f.dir/build.make CMakeFiles/cmTC_5d68f.dir/build
gmake[1]: Entering directory '/mnt/c/Users/Michael/Documents/Projects/SAOD/build/CMakeFiles/CMakeTmp'
Building C object CMakeFiles/cmTC_5d68f.dir/src.c.o
/usr/bin/cc -DHAVE_OPENGLES_V2 -I/mnt/c/Users/Michael/Documents/Projects/SAOD/vendored/SDL/src/video/khronos -D_GNU_SOURCE=1 -o CMakeFiles/cmTC_5d68f.dir/src.c.o -c /mnt/c/Users/Michael/Documents/Projects/SAOD/build/CMakeFiles/CMakeTmp/src.c
Linking C executable cmTC_5d68f
/usr/bin/cmake -E cmake_link_script CMakeFiles/cmTC_5d68f.dir/link.txt --verbose=1
/usr/bin/cc   -D_GNU_SOURCE=1 CMakeFiles/cmTC_5d68f.dir/src.c.o -o cmTC_5d68f 
gmake[1]: Leaving directory '/mnt/c/Users/Michael/Documents/Projects/SAOD/build/CMakeFiles/CMakeTmp'


Source file was:

      #include <GLES2/gl2.h>
      #include <GLES2/gl2ext.h>
      int main (int argc, char** argv) { return 0; }
Performing C SOURCE FILE Test HAVE_LINUX_INPUT_H succeeded with the following output:
Change Dir: /mnt/c/Users/Michael/Documents/Projects/SAOD/build/CMakeFiles/CMakeTmp

Run Build Command(s):/usr/bin/gmake -f Makefile cmTC_df2bb/fast && /usr/bin/gmake  -f CMakeFiles/cmTC_df2bb.dir/build.make CMakeFiles/cmTC_df2bb.dir/build
gmake[1]: Entering directory '/mnt/c/Users/Michael/Documents/Projects/SAOD/build/CMakeFiles/CMakeTmp'
Building C object CMakeFiles/cmTC_df2bb.dir/src.c.o
/usr/bin/cc -DHAVE_LINUX_INPUT_H  -D_GNU_SOURCE=1 -o CMakeFiles/cmTC_df2bb.dir/src.c.o -c /mnt/c/Users/Michael/Documents/Projects/SAOD/build/CMakeFiles/CMakeTmp/src.c
Linking C executable cmTC_df2bb
/usr/bin/cmake -E cmake_link_script CMakeFiles/cmTC_df2bb.dir/link.txt --verbose=1
/usr/bin/cc   -D_GNU_SOURCE=1 CMakeFiles/cmTC_df2bb.dir/src.c.o -o cmTC_df2bb 
gmake[1]: Leaving directory '/mnt/c/Users/Michael/Documents/Projects/SAOD/build/CMakeFiles/CMakeTmp'


Source file was:

        #include <linux/input.h>
        #ifndef EVIOCGNAME
        #error EVIOCGNAME() ioctl not available
        #endif
        int main(int argc, char** argv) { return 0; }
Performing C SOURCE FILE Test HAVE_INPUT_KD succeeded with the following output:
Change Dir: /mnt/c/Users/Michael/Documents/Projects/SAOD/build/CMakeFiles/CMakeTmp

Run Build Command(s):/usr/bin/gmake -f Makefile cmTC_20985/fast && /usr/bin/gmake  -f CMakeFiles/cmTC_20985.dir/build.make CMakeFiles/cmTC_20985.dir/build
gmake[1]: Entering directory '/mnt/c/Users/Michael/Documents/Projects/SAOD/build/CMakeFiles/CMakeTmp'
Building C object CMakeFiles/cmTC_20985.dir/src.c.o
/usr/bin/cc -DHAVE_INPUT_KD  -D_GNU_SOURCE=1 -o CMakeFiles/cmTC_20985.dir/src.c.o -c /mnt/c/Users/Michael/Documents/Projects/SAOD/build/CMakeFiles/CMakeTmp/src.c
Linking C executable cmTC_20985
/usr/bin/cmake -E cmake_link_script CMakeFiles/cmTC_20985.dir/link.txt --verbose=1
/usr/bin/cc   -D_GNU_SOURCE=1 CMakeFiles/cmTC_20985.dir/src.c.o -o cmTC_20985 
gmake[1]: Leaving directory '/mnt/c/Users/Michael/Documents/Projects/SAOD/build/CMakeFiles/CMakeTmp'


Source file was:

          #include <linux/kd.h>
          #include <linux/keyboard.h>
          #include <sys/ioctl.h>
          int main(int argc, char **argv) {
              struct kbentry kbe;
              kbe.kb_table = KG_CTRL;
              ioctl(0, KDGKBENT, &kbe);
              return 0;
          }
Performing C SOURCE FILE Test HAVE_LINUX_VIDEODEV2_H succeeded with the following output:
Change Dir: /mnt/c/Users/Michael/Documents/Projects/SAOD/build/CMakeFiles/CMakeTmp

Run Build Command(s):/usr/bin/gmake -f Makefile cmTC_b719f/fast && /usr/bin/gmake  -f CMakeFiles/cmTC_b719f.dir/build.make CMakeFiles/cmTC_b719f.dir/build
gmake[1]: Entering directory '/mnt/c/Users/Michael/Documents/Projects/SAOD/build/CMakeFiles/CMakeTmp'
Building C object CMakeFiles/cmTC_b719f.dir/src.c.o
/usr/bin/cc -DHAVE_LINUX_VIDEODEV2_H  -D_GNU_SOURCE=1 -o CMakeFiles/cmTC_b719f.dir/src.c.o -c /mnt/c/Users/Michael/Documents/Projects/SAOD/build/CMakeFiles/CMakeTmp/src.c
Linking C executable cmTC_b719f
/usr/bin/cmake -E cmake_link_script CMakeFiles/cmTC_b719f.dir/link.txt --verbose=1
/usr/bin/cc   -D_GNU_SOURCE=1 CMakeFiles/cmTC_b719f.dir/src.c.o -o cmTC_b719f 
gmake[1]: Leaving directory '/mnt/c/Users/Michael/Documents/Projects/SAOD/build/CMakeFiles/CMakeTmp'


Source file was:

          #include <linux/videodev2.h>
          int main(int argc, char** argv) { return 0; }
Determining if the include file libudev.h exists passed with the following output:
Change Dir: /mnt/c/Users/Michael/Documents/Projects/SAOD/build/CMakeFiles/CMakeTmp

Run Build Command(s):/usr/bin/gmake -f Makefile cmTC_408d2/fast && /usr/bin/gmake  -f CMakeFiles/cmTC_408d2.dir/build.make CMakeFiles/cmTC_408d2.dir/build
gmake[1]: Entering directory '/mnt/c/Users/Michael/Documents/Projects/SAOD/build/CMakeFiles/CMakeTmp'
Building C object CMakeFiles/cmTC_408d2.dir/CheckIncludeFile.c.o
/usr/bin/cc   -D_GNU_SOURCE=1 -o CMakeFiles/cmTC_408d2.dir/CheckIncludeFile.c.o -c /mnt/c/Users/Michael/Documents/Projects/SAOD/build/CMakeFiles/CMakeTmp/CheckIncludeFile.c
Linking C executable cmTC_408d2
/usr/bin/cmake -E cmake_link_script CMakeFiles/cmTC_408d2.dir/link.txt --verbose=1
/usr/bin/cc   -D_GNU_SOURCE=1 CMakeFiles/cmTC_408d2.dir/CheckIncludeFile.c.o -o cmTC_408d2 
gmake[1]: Leaving directory '/mnt/c/Users/Michael/Documents/Projects/SAOD/build/CMakeFiles/CMakeTmp'



Determining if the include file sys/inotify.h exists passed with the following output:
Change Dir: /mnt/c/Users/Michael/Documents/Projects/SAOD/build/CMakeFiles/CMakeTmp

Run Build Command(s):/usr/bin/gmake -f Makefile cmTC_14684/fast && /usr/bin/gmake  -f CMakeFiles/cmTC_14684.dir/build.make CMakeFiles/cmTC_14684.dir/build
gmake[1]: Entering directory '/mnt/c/Users/Michael/Documents/Projects/SAOD/build/CMakeFiles/CMakeTmp'
Building C object CMakeFiles/cmTC_14684.dir/CheckIncludeFile.c.o
/usr/bin/cc   -D_GNU_SOURCE=1 -o CMakeFiles/cmTC_14684.dir/CheckIncludeFile.c.o -c /mnt/c/Users/Michael/Documents/Projects/SAOD/build/CMakeFiles/CMakeTmp/CheckIncludeFile.c
Linking C executable cmTC_14684
/usr/bin/cmake -E cmake_link_script CMakeFiles/cmTC_14684.dir/link.txt --verbose=1
/usr/bin/cc   -D_GNU_SOURCE=1 CMakeFiles/cmTC_14684.dir/CheckIncludeFile.c.o -o cmTC_14684 
gmake[1]: Leaving directory '/mnt/c/Users/Michael/Documents/Projects/SAOD/build/CMakeFiles/CMakeTmp'



Determining if the inotify_init exist passed with the following output:
Change Dir: /mnt/c/Users/Michael/Documents/Projects/SAOD/build/CMakeFiles/CMakeTmp

Run Build Command(s):/usr/bin/gmake -f Makefile cmTC_838ba/fast && /usr/bin/gmake  -f CMakeFiles/cmTC_838ba.dir/build.make CMakeFiles/cmTC_838ba.dir/build
gmake[1]: Entering directory '/mnt/c/Users/Michael/Documents/Projects/SAOD/build/CMakeFiles/CMakeTmp'
Building C object CMakeFiles/cmTC_838ba.dir/CheckSymbolExists.c.o
/usr/bin/cc   -D_GNU_SOURCE=1 -o CMakeFiles/cmTC_838ba.dir/CheckSymbolExists.c.o -c /mnt/c/Users/Michael/Documents/Projects/SAOD/build/CMakeFiles/CMakeTmp/CheckSymbolExists.c
Linking C executable cmTC_838ba
/usr/bin/cmake -E cmake_link_script CMakeFiles/cmTC_838ba.dir/link.txt --verbose=1
/usr/bin/cc   -D_GNU_SOURCE=1 CMakeFiles/cmTC_838ba.dir/CheckSymbolExists.c.o -o cmTC_838ba 
gmake[1]: Leaving directory '/mnt/c/Users/Michael/Documents/Projects/SAOD/build/CMakeFiles/CMakeTmp'


File /mnt/c/Users/Michael/Documents/Projects/SAOD/build/CMakeFiles/CMakeTmp/CheckSymbolExists.c:
/* */
#include <sys/inotify.h>

int main(int argc, char** argv)
{
  (void)argv;
#ifndef inotify_init
  return ((int*)(&inotify_init))[argc];
#else
  (void)argc;
  return 0;
#endif
}
Determining if the inotify_init1 exist passed with the following output:
Change Dir: /mnt/c/Users/Michael/Documents/Projects/SAOD/build/CMakeFiles/CMakeTmp

Run Build Command(s):/usr/bin/gmake -f Makefile cmTC_2b107/fast && /usr/bin/gmake  -f CMakeFiles/cmTC_2b107.dir/build.make CMakeFiles/cmTC_2b107.dir/build
gmake[1]: Entering directory '/mnt/c/Users/Michael/Documents/Projects/SAOD/build/CMakeFiles/CMakeTmp'
Building C object CMakeFiles/cmTC_2b107.dir/CheckSymbolExists.c.o
/usr/bin/cc   -D_GNU_SOURCE=1 -o CMakeFiles/cmTC_2b107.dir/CheckSymbolExists.c.o -c /mnt/c/Users/Michael/Documents/Projects/SAOD/build/CMakeFiles/CMakeTmp/CheckSymbolExists.c
Linking C executable cmTC_2b107
/usr/bin/cmake -E cmake_link_script CMakeFiles/cmTC_2b107.dir/link.txt --verbose=1
/usr/bin/cc   -D_GNU_SOURCE=1 CMakeFiles/cmTC_2b107.dir/CheckSymbolExists.c.o -o cmTC_2b107 
gmake[1]: Leaving directory '/mnt/c/Users/Michael/Documents/Projects/SAOD/build/CMakeFiles/CMakeTmp'


File /mnt/c/Users/Michael/Documents/Projects/SAOD/build/CMakeFiles/CMakeTmp/CheckSymbolExists.c:
/* */
#include <sys/inotify.h>

int main(int argc, char** argv)
{
  (void)argv;
#ifndef inotify_init1
  return ((int*)(&inotify_init1))[argc];
#else
  (void)argc;
  return 0;
#endif
}
Performing C SOURCE FILE Test HAVE_PTHREADS succeeded with the following output:
Change Dir: /mnt/c/Users/Michael/Documents/Projects/SAOD/build/CMakeFiles/CMakeTmp

Run Build Command(s):/usr/bin/gmake -f Makefile cmTC_077e9/fast && /usr/bin/gmake  -f CMakeFiles/cmTC_077e9.dir/build.make CMakeFiles/cmTC_077e9.dir/build
gmake[1]: Entering directory '/mnt/c/Users/Michael/Documents/Projects/SAOD/build/CMakeFiles/CMakeTmp'
gmake[1]: Warning: File 'CMakeFiles/cmTC_077e9.dir/progress.make' has modification time 0.018 s in the future
Building C object CMakeFiles/cmTC_077e9.dir/src.c.o
/usr/bin/cc -DHAVE_PTHREADS  -D_GNU_SOURCE=1 -D_REENTRANT -pthread -o CMakeFiles/cmTC_077e9.dir/src.c.o -c /mnt/c/Users/Michael/Documents/Projects/SAOD/build/CMakeFiles/CMakeTmp/src.c
Linking C executable cmTC_077e9
/usr/bin/cmake -E cmake_link_script CMakeFiles/cmTC_077e9.dir/link.txt --verbose=1
/usr/bin/cc   -D_GNU_SOURCE=1 -D_REENTRANT -pthread CMakeFiles/cmTC_077e9.dir/src.c.o -o cmTC_077e9 
gmake[1]: warning:  Clock skew detected.  Your build may be incomplete.
gmake[1]: Leaving directory '/mnt/c/Users/Michael/Documents/Projects/SAOD/build/CMakeFiles/CMakeTmp'


Source file was:

        #include <pthread.h>
        int main(int argc, char** argv) {
          pthread_attr_t type;
          pthread_attr_init(&type);
          return 0;
        }
Performing C SOURCE FILE Test HAVE_RECURSIVE_MUTEXES succeeded with the following output:
Change Dir: /mnt/c/Users/Michael/Documents/Projects/SAOD/build/CMakeFiles/CMakeTmp

Run Build Command(s):/usr/bin/gmake -f Makefile cmTC_c74d0/fast && gmake: Warning: File 'Makefile' has modification time 0.009 s in the future
/usr/bin/gmake  -f CMakeFiles/cmTC_c74d0.dir/build.make CMakeFiles/cmTC_c74d0.dir/build
gmake[1]: Entering directory '/mnt/c/Users/Michael/Documents/Projects/SAOD/build/CMakeFiles/CMakeTmp'
gmake[1]: Warning: File 'CMakeFiles/cmTC_c74d0.dir/progress.make' has modification time 0.033 s in the future
Building C object CMakeFiles/cmTC_c74d0.dir/src.c.o
/usr/bin/cc -DHAVE_RECURSIVE_MUTEXES  -D_GNU_SOURCE=1 -D_REENTRANT -pthread -o CMakeFiles/cmTC_c74d0.dir/src.c.o -c /mnt/c/Users/Michael/Documents/Projects/SAOD/build/CMakeFiles/CMakeTmp/src.c
Linking C executable cmTC_c74d0
/usr/bin/cmake -E cmake_link_script CMakeFiles/cmTC_c74d0.dir/link.txt --verbose=1
/usr/bin/cc   -D_GNU_SOURCE=1 -D_REENTRANT -pthread CMakeFiles/cmTC_c74d0.dir/src.c.o -o cmTC_c74d0 
gmake[1]: warning:  Clock skew detected.  Your build may be incomplete.
gmake[1]: Leaving directory '/mnt/c/Users/Michael/Documents/Projects/SAOD/build/CMakeFiles/CMakeTmp'
gmake: warning:  Clock skew detected.  Your build may be incomplete.


Source file was:

        #include <pthread.h>
        int main(int argc, char **argv) {
          pthread_mutexattr_t attr;
          pthread_mutexattr_settype(&attr, PTHREAD_MUTEX_RECURSIVE);
          return 0;
        }
Performing C SOURCE FILE Test HAVE_PTHREADS_SEM succeeded with the following output:
Change Dir: /mnt/c/Users/Michael/Documents/Projects/SAOD/build/CMakeFiles/CMakeTmp

Run Build Command(s):/usr/bin/gmake -f Makefile cmTC_1ca90/fast && gmake: Warning: File 'Makefile' has modification time 0.016 s in the future
/usr/bin/gmake  -f CMakeFiles/cmTC_1ca90.dir/build.make CMakeFiles/cmTC_1ca90.dir/build
gmake[1]: Entering directory '/mnt/c/Users/Michael/Documents/Projects/SAOD/build/CMakeFiles/CMakeTmp'
gmake[1]: Warning: File 'CMakeFiles/cmTC_1ca90.dir/progress.make' has modification time 0.045 s in the future
Building C object CMakeFiles/cmTC_1ca90.dir/src.c.o
/usr/bin/cc -DHAVE_PTHREADS_SEM  -D_GNU_SOURCE=1 -D_REENTRANT -pthread -o CMakeFiles/cmTC_1ca90.dir/src.c.o -c /mnt/c/Users/Michael/Documents/Projects/SAOD/build/CMakeFiles/CMakeTmp/src.c
Linking C executable cmTC_1ca90
/usr/bin/cmake -E cmake_link_script CMakeFiles/cmTC_1ca90.dir/link.txt --verbose=1
/usr/bin/cc   -D_GNU_SOURCE=1 -D_REENTRANT -pthread CMakeFiles/cmTC_1ca90.dir/src.c.o -o cmTC_1ca90 
gmake[1]: warning:  Clock skew detected.  Your build may be incomplete.
gmake[1]: Leaving directory '/mnt/c/Users/Michael/Documents/Projects/SAOD/build/CMakeFiles/CMakeTmp'
gmake: warning:  Clock skew detected.  Your build may be incomplete.


Source file was:
#include <pthread.h>
                                 #include <semaphore.h>
                                 int main(int argc, char **argv) { return 0; }
Performing C SOURCE FILE Test COMPILER_HAS_SEM_TIMEDWAIT succeeded with the following output:
Change Dir: /mnt/c/Users/Michael/Documents/Projects/SAOD/build/CMakeFiles/CMakeTmp

Run Build Command(s):/usr/bin/gmake -f Makefile cmTC_b3382/fast && /usr/bin/gmake  -f CMakeFiles/cmTC_b3382.dir/build.make CMakeFiles/cmTC_b3382.dir/build
gmake[1]: Entering directory '/mnt/c/Users/Michael/Documents/Projects/SAOD/build/CMakeFiles/CMakeTmp'
gmake[1]: Warning: File 'CMakeFiles/cmTC_b3382.dir/progress.make' has modification time 0.022 s in the future
Building C object CMakeFiles/cmTC_b3382.dir/src.c.o
/usr/bin/cc -DCOMPILER_HAS_SEM_TIMEDWAIT  -D_GNU_SOURCE=1 -D_REENTRANT -pthread -o CMakeFiles/cmTC_b3382.dir/src.c.o -c /mnt/c/Users/Michael/Documents/Projects/SAOD/build/CMakeFiles/CMakeTmp/src.c
/mnt/c/Users/Michael/Documents/Projects/SAOD/build/CMakeFiles/CMakeTmp/src.c: In function ‘main’:
/mnt/c/Users/Michael/Documents/Projects/SAOD/build/CMakeFiles/CMakeTmp/src.c:5:19: warning: argument 1 null where non-null expected [-Wnonnull]
    5 |                   sem_timedwait(NULL, NULL);
      |                   ^~~~~~~~~~~~~
In file included from /mnt/c/Users/Michael/Documents/Projects/SAOD/build/CMakeFiles/CMakeTmp/src.c:3:
/usr/include/semaphore.h:63:12: note: in a call to function ‘sem_timedwait’ declared ‘nonnull’
   63 | extern int sem_timedwait (sem_t *__restrict __sem,
      |            ^~~~~~~~~~~~~
/mnt/c/Users/Michael/Documents/Projects/SAOD/build/CMakeFiles/CMakeTmp/src.c:5:19: warning: argument 2 null where non-null expected [-Wnonnull]
    5 |                   sem_timedwait(NULL, NULL);
      |                   ^~~~~~~~~~~~~
In file included from /mnt/c/Users/Michael/Documents/Projects/SAOD/build/CMakeFiles/CMakeTmp/src.c:3:
/usr/include/semaphore.h:63:12: note: in a call to function ‘sem_timedwait’ declared ‘nonnull’
   63 | extern int sem_timedwait (sem_t *__restrict __sem,
      |            ^~~~~~~~~~~~~
Linking C executable cmTC_b3382
/usr/bin/cmake -E cmake_link_script CMakeFiles/cmTC_b3382.dir/link.txt --verbose=1
/usr/bin/cc   -D_GNU_SOURCE=1 -D_REENTRANT -pthread CMakeFiles/cmTC_b3382.dir/src.c.o -o cmTC_b3382 
gmake[1]: warning:  Clock skew detected.  Your build may be incomplete.
gmake[1]: Leaving directory '/mnt/c/Users/Michael/Documents/Projects/SAOD/build/CMakeFiles/CMakeTmp'


Source file was:

              #include <pthread.h>
              #include <semaphore.h>
              int main(int argc, char **argv) {
                  sem_timedwait(NULL, NULL);
                  return 0;
              }
Determining if the include file pthread.h exists passed with the following output:
Change Dir: /mnt/c/Users/Michael/Documents/Projects/SAOD/build/CMakeFiles/CMakeTmp

Run Build Command(s):/usr/bin/gmake -f Makefile cmTC_1bfdc/fast && /usr/bin/gmake  -f CMakeFiles/cmTC_1bfdc.dir/build.make CMakeFiles/cmTC_1bfdc.dir/build
gmake[1]: Entering directory '/mnt/c/Users/Michael/Documents/Projects/SAOD/build/CMakeFiles/CMakeTmp'
Building C object CMakeFiles/cmTC_1bfdc.dir/CheckIncludeFile.c.o
/usr/bin/cc   -D_GNU_SOURCE=1 -D_REENTRANT -pthread -o CMakeFiles/cmTC_1bfdc.dir/CheckIncludeFile.c.o -c /mnt/c/Users/Michael/Documents/Projects/SAOD/build/CMakeFiles/CMakeTmp/CheckIncludeFile.c
Linking C executable cmTC_1bfdc
/usr/bin/cmake -E cmake_link_script CMakeFiles/cmTC_1bfdc.dir/link.txt --verbose=1
/usr/bin/cc   -D_GNU_SOURCE=1 -D_REENTRANT -pthread CMakeFiles/cmTC_1bfdc.dir/CheckIncludeFile.c.o -o cmTC_1bfdc 
gmake[1]: Leaving directory '/mnt/c/Users/Michael/Documents/Projects/SAOD/build/CMakeFiles/CMakeTmp'



Performing C SOURCE FILE Test HAVE_PTHREAD_SETNAME_NP succeeded with the following output:
Change Dir: /mnt/c/Users/Michael/Documents/Projects/SAOD/build/CMakeFiles/CMakeTmp

Run Build Command(s):/usr/bin/gmake -f Makefile cmTC_0da88/fast && gmake: Warning: File 'Makefile' has modification time 0.042 s in the future
/usr/bin/gmake  -f CMakeFiles/cmTC_0da88.dir/build.make CMakeFiles/cmTC_0da88.dir/build
gmake[1]: Entering directory '/mnt/c/Users/Michael/Documents/Projects/SAOD/build/CMakeFiles/CMakeTmp'
gmake[1]: Warning: File 'CMakeFiles/cmTC_0da88.dir/flags.make' has modification time 0.016 s in the future
Building C object CMakeFiles/cmTC_0da88.dir/src.c.o
/usr/bin/cc -DHAVE_PTHREAD_SETNAME_NP  -D_GNU_SOURCE=1 -D_REENTRANT -pthread -o CMakeFiles/cmTC_0da88.dir/src.c.o -c /mnt/c/Users/Michael/Documents/Projects/SAOD/build/CMakeFiles/CMakeTmp/src.c
Linking C executable cmTC_0da88
/usr/bin/cmake -E cmake_link_script CMakeFiles/cmTC_0da88.dir/link.txt --verbose=1
/usr/bin/cc   -D_GNU_SOURCE=1 -D_REENTRANT -pthread CMakeFiles/cmTC_0da88.dir/src.c.o -o cmTC_0da88 
gmake[1]: warning:  Clock skew detected.  Your build may be incomplete.
gmake[1]: Leaving directory '/mnt/c/Users/Michael/Documents/Projects/SAOD/build/CMakeFiles/CMakeTmp'
gmake: warning:  Clock skew detected.  Your build may be incomplete.


Source file was:

            #include <pthread.h>
            int main(int argc, char **argv) {
              #ifdef __APPLE__
              pthread_setname_np("");
              #else
              pthread_setname_np(pthread_self(),"");
              #endif
              return 0;
            }
Determining if the function clock_gettime exists in the c passed with the following output:
Change Dir: /mnt/c/Users/Michael/Documents/Projects/SAOD/build/CMakeFiles/CMakeTmp

Run Build Command(s):/usr/bin/gmake -f Makefile cmTC_0e25e/fast && gmake: Warning: File 'Makefile' has modification time 0.044 s in the future
/usr/bin/gmake  -f CMakeFiles/cmTC_0e25e.dir/build.make CMakeFiles/cmTC_0e25e.dir/build
gmake[1]: Entering directory '/mnt/c/Users/Michael/Documents/Projects/SAOD/build/CMakeFiles/CMakeTmp'
gmake[1]: Warning: File 'CMakeFiles/cmTC_0e25e.dir/flags.make' has modification time 0.021 s in the future
Building C object CMakeFiles/cmTC_0e25e.dir/CheckFunctionExists.c.o
/usr/bin/cc   -DCHECK_FUNCTION_EXISTS=clock_gettime  -D_GNU_SOURCE=1 -o CMakeFiles/cmTC_0e25e.dir/CheckFunctionExists.c.o -c /usr/share/cmake-3.22/Modules/CheckFunctionExists.c
Linking C executable cmTC_0e25e
/usr/bin/cmake -E cmake_link_script CMakeFiles/cmTC_0e25e.dir/link.txt --verbose=1
/usr/bin/cc  -DCHECK_FUNCTION_EXISTS=clock_gettime  -D_GNU_SOURCE=1 CMakeFiles/cmTC_0e25e.dir/CheckFunctionExists.c.o -o cmTC_0e25e  -lc 
gmake[1]: warning:  Clock skew detected.  Your build may be incomplete.
gmake[1]: Leaving directory '/mnt/c/Users/Michael/Documents/Projects/SAOD/build/CMakeFiles/CMakeTmp'
gmake: warning:  Clock skew detected.  Your build may be incomplete.



Performing C SOURCE FILE Test HAVE_ENABLE_NEW_DTAGS succeeded with the following output:
Change Dir: /mnt/c/Users/Michael/Documents/Projects/SAOD/build/CMakeFiles/CMakeTmp

Run Build Command(s):/usr/bin/gmake -f Makefile cmTC_8925e/fast && gmake: Warning: File 'Makefile' has modification time 0.037 s in the future
/usr/bin/gmake  -f CMakeFiles/cmTC_8925e.dir/build.make CMakeFiles/cmTC_8925e.dir/build
gmake[1]: Entering directory '/mnt/c/Users/Michael/Documents/Projects/SAOD/build/CMakeFiles/CMakeTmp'
gmake[1]: Warning: File 'CMakeFiles/cmTC_8925e.dir/flags.make' has modification time 0.006 s in the future
Building C object CMakeFiles/cmTC_8925e.dir/src.c.o
/usr/bin/cc -DHAVE_ENABLE_NEW_DTAGS  -D_GNU_SOURCE=1 -Wl,--enable-new-dtags -o CMakeFiles/cmTC_8925e.dir/src.c.o -c /mnt/c/Users/Michael/Documents/Projects/SAOD/build/CMakeFiles/CMakeTmp/src.c
Linking C executable cmTC_8925e
/usr/bin/cmake -E cmake_link_script CMakeFiles/cmTC_8925e.dir/link.txt --verbose=1
/usr/bin/cc   -D_GNU_SOURCE=1 -Wl,--enable-new-dtags CMakeFiles/cmTC_8925e.dir/src.c.o -o cmTC_8925e 
gmake[1]: warning:  Clock skew detected.  Your build may be incomplete.
gmake[1]: Leaving directory '/mnt/c/Users/Michael/Documents/Projects/SAOD/build/CMakeFiles/CMakeTmp'
gmake: warning:  Clock skew detected.  Your build may be incomplete.


Source file was:
int main(void) { return 0; }
Performing C SOURCE FILE Test HAVE_POSIX_SPAWN succeeded with the following output:
Change Dir: /mnt/c/Users/Michael/Documents/Projects/SAOD/build/CMakeFiles/CMakeTmp

Run Build Command(s):/usr/bin/gmake -f Makefile cmTC_7ff14/fast && gmake: Warning: File 'Makefile' has modification time 0.028 s in the future
/usr/bin/gmake  -f CMakeFiles/cmTC_7ff14.dir/build.make CMakeFiles/cmTC_7ff14.dir/build
gmake[1]: Entering directory '/mnt/c/Users/Michael/Documents/Projects/SAOD/build/CMakeFiles/CMakeTmp'
gmake[1]: Warning: File 'CMakeFiles/cmTC_7ff14.dir/flags.make' has modification time 0.0032 s in the future
Building C object CMakeFiles/cmTC_7ff14.dir/src.c.o
/usr/bin/cc -DHAVE_POSIX_SPAWN  -D_GNU_SOURCE=1 -o CMakeFiles/cmTC_7ff14.dir/src.c.o -c /mnt/c/Users/Michael/Documents/Projects/SAOD/build/CMakeFiles/CMakeTmp/src.c
Linking C executable cmTC_7ff14
/usr/bin/cmake -E cmake_link_script CMakeFiles/cmTC_7ff14.dir/link.txt --verbose=1
/usr/bin/cc   -D_GNU_SOURCE=1 CMakeFiles/cmTC_7ff14.dir/src.c.o -o cmTC_7ff14 
gmake[1]: warning:  Clock skew detected.  Your build may be incomplete.
gmake[1]: Leaving directory '/mnt/c/Users/Michael/Documents/Projects/SAOD/build/CMakeFiles/CMakeTmp'
gmake: warning:  Clock skew detected.  Your build may be incomplete.


Source file was:

#include <spawn.h>
#include <unistd.h>

int main(void)
{
    int pipes[2];
    int pid;

    const char * args[] = {
      "/bin/false",
      NULL
    };

    const char * env[] = { NULL };

    pipe(pipes);

    posix_spawnattr_t attr;
    posix_spawn_file_actions_t fa;

    posix_spawnattr_init(&attr);
    posix_spawn_file_actions_init(&fa);

    posix_spawn_file_actions_addclose(&fa, pipes[0]);
    posix_spawn_file_actions_adddup2(&fa, pipes[1], STDOUT_FILENO);

    posix_spawn(&pid, args[0], &fa, &attr, (char * const *) args, (char * const *) env);
    posix_spawnp(&pid, args[0], &fa, &attr, (char * const *) args, (char * const *) env);

    posix_spawn_file_actions_destroy(&fa);
    posix_spawnattr_destroy(&attr);

    return 0;
}

Performing C SOURCE FILE Test HAVE_WL_NO_UNDEFINED succeeded with the following output:
Change Dir: /mnt/c/Users/Michael/Documents/Projects/SAOD/build/CMakeFiles/CMakeTmp

Run Build Command(s):/usr/bin/gmake -f Makefile cmTC_3a4e3/fast && gmake: Warning: File 'Makefile' has modification time 0.041 s in the future
/usr/bin/gmake  -f CMakeFiles/cmTC_3a4e3.dir/build.make CMakeFiles/cmTC_3a4e3.dir/build
gmake[1]: Entering directory '/mnt/c/Users/Michael/Documents/Projects/SAOD/build/CMakeFiles/CMakeTmp'
gmake[1]: Warning: File 'CMakeFiles/cmTC_3a4e3.dir/flags.make' has modification time 0.017 s in the future
Building C object CMakeFiles/cmTC_3a4e3.dir/src.c.o
/usr/bin/cc -DHAVE_WL_NO_UNDEFINED  -fPIE -o CMakeFiles/cmTC_3a4e3.dir/src.c.o -c /mnt/c/Users/Michael/Documents/Projects/SAOD/build/CMakeFiles/CMakeTmp/src.c
Linking C executable cmTC_3a4e3
/usr/bin/cmake -E cmake_link_script CMakeFiles/cmTC_3a4e3.dir/link.txt --verbose=1
/usr/bin/cc -Wl,--no-undefined CMakeFiles/cmTC_3a4e3.dir/src.c.o -o cmTC_3a4e3 
gmake[1]: warning:  Clock skew detected.  Your build may be incomplete.
gmake[1]: Leaving directory '/mnt/c/Users/Michael/Documents/Projects/SAOD/build/CMakeFiles/CMakeTmp'
gmake: warning:  Clock skew detected.  Your build may be incomplete.


Source file was:
int main() { return 0; }
Determining if the function IceConnectionNumber exists in the ICE passed with the following output:
Change Dir: /mnt/c/Users/Michael/Documents/Projects/SAOD/build/CMakeFiles/CMakeTmp

Run Build Command(s):/usr/bin/gmake -f Makefile cmTC_766a8/fast && /usr/bin/gmake  -f CMakeFiles/cmTC_766a8.dir/build.make CMakeFiles/cmTC_766a8.dir/build
gmake[1]: Entering directory '/mnt/c/Users/Michael/Documents/Projects/SAOD/build/CMakeFiles/CMakeTmp'
Building C object CMakeFiles/cmTC_766a8.dir/CheckFunctionExists.c.o
/usr/bin/cc   -DCHECK_FUNCTION_EXISTS=IceConnectionNumber  -D_GNU_SOURCE=1 -fPIE -o CMakeFiles/cmTC_766a8.dir/CheckFunctionExists.c.o -c /usr/share/cmake-3.22/Modules/CheckFunctionExists.c
Linking C executable cmTC_766a8
/usr/bin/cmake -E cmake_link_script CMakeFiles/cmTC_766a8.dir/link.txt --verbose=1
/usr/bin/cc  -DCHECK_FUNCTION_EXISTS=IceConnectionNumber  -D_GNU_SOURCE=1 CMakeFiles/cmTC_766a8.dir/CheckFunctionExists.c.o -o cmTC_766a8  -lICE 
gmake[1]: Leaving directory '/mnt/c/Users/Michael/Documents/Projects/SAOD/build/CMakeFiles/CMakeTmp'



